customer_id,monthly_spend,login_frequency,support_tickets,days_inactive,subscription_type,region,is_churned
1,352,21,0,10,Premium,East,0
2,40,7,4,38,Basic,East,1
3,207,12,3,9,Premium,East,0
4,407,23,1,11,Premium,West,0
5,77,6,7,44,Basic,East,1
6,308,27,1,11,Premium,East,1
7,134,10,3,10,Premium,South,1
8,154,5,3,58,Premium,South,0
9,338,29,1,1,Premium,South,0
10,109,5,4,39,Standard,South,1
11,27,3,3,55,Basic,North,1
12,381,19,1,5,Premium,West,0
13,253,23,0,1,Premium,East,0
14,281,17,2,11,Premium,South,0
15,297,25,1,6,Standard,South,0
16,59,5,7,37,Basic,South,1
17,143,17,1,20,Premium,West,0
18,134,8,1,14,Premium,South,0
19,248,19,3,18,Premium,South,0
20,155,3,5,52,Standard,North,1
21,483,24,1,8,Basic,East,1
22,91,2,3,42,Standard,North,1
23,156,10,2,10,Premium,South,0
24,350,20,0,4,Standard,West,0
25,391,24,0,8,Standard,South,0
26,209,17,1,14,Premium,North,0
27,345,21,1,4,Premium,West,0
28,262,18,1,11,Premium,North,0
29,190,18,3,9,Basic,North,0
30,81,9,7,25,Standard,East,1
31,357,29,1,10,Basic,East,0
32,111,9,3,20,Standard,West,0
33,439,26,1,8,Premium,East,0
34,274,16,2,12,Premium,East,0
35,291,15,3,16,Basic,East,0
36,311,18,1,3,Basic,South,0
37,58,2,5,56,Standard,North,1
38,100,1,4,21,Premium,South,1
39,336,22,1,0,Standard,East,0
40,245,9,1,19,Premium,East,0
41,279,14,3,18,Standard,East,0
42,264,13,1,9,Standard,West,0
43,258,8,1,13,Standard,South,0
44,252,21,1,10,Premium,West,0
45,109,3,5,39,Premium,East,1
46,71,9,3,59,Premium,West,1
47,101,8,3,30,Standard,North,1
48,170,3,6,35,Standard,North,1
49,498,21,1,0,Premium,South,0
50,297,29,0,4,Standard,South,0
51,128,16,3,23,Premium,South,1
52,267,15,2,8,Standard,East,0
53,194,8,2,15,Premium,North,0
54,131,9,5,44,Standard,East,0
55,147,2,4,54,Standard,West,1
56,87,1,7,39,Standard,North,1
57,155,7,5,36,Premium,East,1
58,134,6,7,27,Standard,North,1
59,475,22,1,0,Standard,East,0
60,180,10,3,24,Premium,North,0
61,421,29,1,4,Standard,South,0
62,143,9,7,43,Premium,North,1
63,165,12,3,10,Standard,North,1
64,235,12,3,8,Standard,South,0
65,377,19,0,9,Basic,West,1
66,307,20,1,7,Basic,East,0
67,294,13,3,9,Premium,East,0
68,483,19,1,0,Standard,South,0
69,156,6,7,45,Premium,West,1
70,402,25,0,11,Basic,West,0
71,306,21,0,3,Basic,South,0
72,487,29,0,6,Premium,West,0
73,217,9,3,24,Premium,East,0
74,319,23,0,11,Standard,North,0
75,257,22,1,11,Premium,North,0
76,122,4,7,51,Premium,North,1
77,66,3,6,35,Premium,East,1
78,143,3,3,38,Standard,West,1
79,109,5,4,42,Premium,West,1
80,259,12,1,8,Standard,North,0
81,115,6,3,59,Premium,North,1
82,148,7,7,41,Basic,North,1
83,95,3,7,41,Standard,East,0
84,188,8,2,21,Basic,East,1
85,446,29,1,9,Premium,South,0
86,204,14,1,12,Premium,South,0
87,259,23,0,3,Standard,North,0
88,257,17,3,8,Basic,West,0
89,23,8,4,47,Basic,South,1
90,468,21,1,11,Basic,West,0
91,143,1,3,56,Standard,North,1
92,314,18,1,9,Standard,West,0
93,278,29,0,1,Basic,South,0
94,154,14,1,15,Basic,South,0
95,109,2,5,26,Basic,East,1
96,233,18,1,11,Premium,East,0
97,498,21,1,4,Premium,West,0
98,118,4,4,58,Premium,West,1
99,400,22,1,0,Basic,North,0
100,142,16,3,16,Premium,North,0
101,362,21,1,8,Premium,North,0
102,38,1,6,31,Standard,North,1
103,166,9,6,33,Standard,South,1
104,301,20,1,4,Standard,South,0
105,389,26,1,10,Premium,South,0
106,172,14,1,14,Basic,North,0
107,291,27,0,9,Premium,South,0
108,94,2,6,28,Premium,South,1
109,485,18,0,5,Premium,North,0
110,260,15,2,16,Premium,East,0
111,371,19,0,4,Standard,South,0
112,255,8,2,24,Standard,North,1
113,164,11,2,19,Basic,North,0
114,210,17,2,14,Basic,West,0
115,292,9,2,15,Premium,North,0
116,354,24,0,2,Premium,West,0
117,439,26,0,11,Basic,East,0
118,305,18,1,4,Basic,West,1
119,163,12,2,18,Standard,North,0
120,283,10,3,22,Basic,North,1
121,33,1,7,22,Standard,North,1
122,434,28,1,9,Premium,East,0
123,121,8,6,27,Premium,North,0
124,109,8,4,47,Basic,North,1
125,290,21,1,10,Standard,East,0
126,164,9,3,39,Standard,West,1
127,489,20,0,5,Premium,South,0
128,66,9,4,29,Premium,East,1
129,228,12,3,8,Standard,West,0
130,165,1,5,40,Standard,South,1
131,205,18,3,24,Premium,North,1
132,217,16,3,8,Premium,North,0
133,74,6,6,36,Premium,North,1
134,152,6,5,42,Standard,South,1
135,102,1,7,33,Standard,East,1
136,250,20,0,3,Basic,South,0
137,232,15,2,15,Premium,East,0
138,281,13,2,10,Standard,West,0
139,31,1,6,24,Basic,West,1
140,176,8,3,22,Basic,West,1
141,104,2,5,58,Basic,South,1
142,57,2,4,37,Standard,North,1
143,110,3,4,57,Premium,South,1
144,98,7,4,36,Premium,North,1
145,151,8,3,29,Standard,North,1
146,203,15,1,9,Basic,North,0
147,443,28,0,10,Premium,North,0
148,498,24,0,10,Basic,South,0
149,257,21,1,3,Standard,East,0
150,115,3,5,48,Standard,North,1
151,180,17,3,12,Standard,West,0
152,419,23,0,5,Premium,South,0
153,131,17,2,9,Premium,East,0
154,64,9,4,41,Premium,South,0
155,113,1,4,55,Premium,North,1
156,132,3,7,34,Premium,West,1
157,175,13,2,21,Basic,East,1
158,358,27,1,10,Premium,East,0
159,126,10,3,21,Premium,South,1
160,137,17,2,10,Standard,North,0
161,238,12,2,14,Basic,South,0
162,480,23,1,11,Premium,East,0
163,132,11,1,11,Standard,East,0
164,482,19,0,3,Premium,South,0
165,153,15,1,19,Premium,South,0
166,288,12,2,9,Standard,North,0
167,178,13,1,8,Standard,West,0
168,140,13,2,23,Basic,South,0
169,324,25,0,8,Standard,West,0
170,50,8,7,55,Basic,West,1
171,255,19,1,11,Premium,North,0
172,98,6,3,49,Premium,West,1
173,81,9,4,34,Premium,South,1
174,275,20,0,11,Standard,West,0
175,273,13,3,8,Basic,South,1
176,259,8,2,21,Premium,West,0
177,156,18,3,11,Premium,East,0
178,22,1,4,29,Standard,North,1
179,257,19,2,20,Premium,East,0
180,333,18,0,4,Basic,West,0
181,258,28,0,7,Premium,North,0
182,412,18,0,11,Basic,South,1
183,97,5,5,28,Basic,East,1
184,154,8,2,15,Standard,South,0
185,478,29,1,2,Basic,North,0
186,254,20,0,9,Standard,West,0
187,208,17,1,15,Standard,North,0
188,223,10,1,13,Basic,North,0
189,182,8,1,24,Premium,North,1
190,72,8,5,58,Standard,North,1
191,153,3,5,27,Basic,East,1
192,134,8,2,14,Premium,West,0
193,276,13,1,8,Premium,South,0
194,274,14,1,11,Basic,East,0
195,129,12,3,17,Standard,West,0
196,287,21,0,7,Basic,West,0
197,264,25,0,3,Basic,North,0
198,149,3,5,55,Basic,West,1
199,292,28,0,3,Basic,South,0
200,93,8,4,31,Basic,West,1
201,123,2,3,52,Standard,South,1
202,179,18,1,12,Basic,North,0
203,225,8,3,16,Standard,South,0
204,278,25,0,5,Standard,South,0
205,250,22,0,9,Standard,West,0
206,76,1,5,59,Premium,West,1
207,294,16,1,16,Basic,South,0
208,76,5,4,54,Standard,East,1
209,144,17,3,13,Standard,West,0
210,459,28,1,10,Premium,South,0
211,290,18,3,14,Basic,South,0
212,107,1,3,48,Basic,West,1
213,399,27,1,1,Premium,West,0
214,200,11,1,24,Basic,North,1
215,335,29,0,7,Basic,East,0
216,250,24,0,10,Premium,West,0
217,181,8,1,23,Premium,North,0
218,137,8,2,22,Basic,North,1
219,232,9,2,13,Basic,East,0
220,381,18,1,6,Basic,North,1
221,281,27,1,2,Basic,North,0
222,243,8,3,14,Premium,West,0
223,84,9,5,43,Premium,North,1
224,191,13,1,22,Basic,West,1
225,170,8,3,15,Standard,North,0
226,345,25,1,7,Standard,South,0
227,163,4,6,56,Basic,North,1
228,391,24,1,1,Premium,South,0
229,26,1,7,38,Basic,East,1
230,266,11,1,9,Basic,South,1
231,167,2,5,42,Standard,South,1
232,269,22,0,5,Basic,West,0
233,256,9,1,19,Premium,South,0
234,205,19,1,17,Standard,West,0
235,308,24,1,0,Premium,North,0
236,33,9,4,44,Basic,West,1
237,141,18,2,11,Standard,North,0
238,278,19,0,4,Basic,South,0
239,165,5,4,55,Premium,North,1
240,153,8,1,13,Basic,West,1
241,336,22,1,5,Standard,North,0
242,306,23,0,7,Standard,West,0
243,486,26,0,6,Standard,East,0
244,394,27,0,11,Standard,West,0
245,65,2,6,20,Premium,West,0
246,285,20,1,4,Premium,South,0
247,30,4,3,58,Basic,North,1
248,73,2,7,52,Premium,North,1
249,488,21,0,2,Basic,North,1
250,100,2,3,45,Basic,West,1
251,92,9,3,20,Standard,South,0
252,420,25,1,8,Premium,East,0
253,250,9,1,19,Standard,East,0
254,471,23,1,11,Basic,West,0
255,63,1,7,36,Standard,East,1
256,74,1,6,35,Premium,West,1
257,127,12,1,12,Premium,North,0
258,44,2,3,31,Premium,East,1
259,173,9,7,45,Basic,East,1
260,29,7,3,42,Standard,South,1
261,205,17,3,21,Premium,South,0
262,126,16,3,23,Premium,North,0
263,178,14,1,14,Standard,South,0
264,222,8,2,10,Premium,North,0
265,64,2,5,56,Standard,South,1
266,227,14,3,24,Premium,North,0
267,172,2,3,35,Basic,North,1
268,357,19,0,2,Basic,West,1
269,277,18,3,20,Premium,North,0
270,279,10,3,14,Standard,North,0
271,148,8,1,19,Basic,East,0
272,240,17,2,14,Basic,West,0
273,184,8,3,20,Basic,East,0
274,277,9,2,12,Basic,East,0
275,192,8,1,11,Premium,North,0
276,156,12,3,13,Standard,South,1
277,182,15,3,20,Basic,South,1
278,171,11,3,15,Standard,South,1
279,82,6,7,29,Basic,North,1
280,306,27,0,0,Premium,North,0
281,369,23,0,4,Standard,North,0
282,28,3,6,54,Basic,South,1
283,81,1,5,51,Premium,North,1
284,32,8,7,44,Basic,South,1
285,391,22,1,10,Basic,North,1
286,86,9,5,44,Basic,East,1
287,28,8,3,24,Standard,West,1
288,143,6,5,24,Basic,West,1
289,265,13,1,23,Standard,South,1
290,446,18,1,7,Basic,North,1
291,181,10,2,10,Basic,South,0
292,117,8,5,32,Premium,South,0
293,125,15,3,23,Basic,West,1
294,216,18,3,23,Basic,North,1
295,356,26,0,9,Standard,East,0
296,174,6,6,26,Standard,West,1
297,164,17,1,17,Basic,West,0
298,226,12,2,14,Premium,South,0
299,219,9,2,20,Basic,South,0
300,288,19,1,10,Standard,North,1
301,266,25,0,1,Premium,South,0
302,337,20,1,5,Standard,East,0
303,193,16,2,22,Premium,West,1
304,470,23,1,3,Standard,West,0
305,87,1,6,41,Standard,East,1
306,237,8,2,21,Basic,West,1
307,278,29,1,10,Standard,North,0
308,244,19,3,18,Standard,West,1
309,360,20,0,9,Basic,West,0
310,475,19,0,3,Premium,South,0
311,160,9,7,48,Premium,West,1
312,51,2,6,41,Basic,South,1
313,200,19,1,22,Basic,East,1
314,203,13,3,12,Basic,West,1
315,120,17,2,22,Standard,North,1
316,412,18,0,7,Basic,North,0
317,34,8,6,44,Premium,South,1
318,172,15,3,21,Basic,West,1
319,250,19,1,10,Premium,North,0
320,264,26,1,6,Standard,West,0
321,203,11,1,13,Premium,East,0
322,437,23,1,4,Premium,East,0
323,207,15,3,20,Standard,South,0
324,140,9,2,21,Standard,West,1
325,51,9,3,57,Standard,West,1
326,130,13,3,16,Premium,East,0
327,370,23,1,11,Premium,West,0
328,179,2,6,52,Premium,West,1
329,282,26,0,0,Basic,South,1
330,173,6,4,57,Standard,North,1
331,141,2,4,59,Premium,East,1
332,444,28,1,8,Basic,West,1
333,122,9,4,31,Standard,West,1
334,297,19,2,22,Basic,North,1
335,126,18,2,10,Standard,North,0
336,225,18,2,19,Standard,South,0
337,160,9,7,38,Premium,West,1
338,219,15,1,19,Standard,East,0
339,395,20,1,4,Basic,West,1
340,124,3,6,29,Standard,North,1
341,438,23,0,0,Standard,North,0
342,168,12,3,12,Premium,North,0
343,227,11,2,24,Basic,North,1
344,124,4,4,53,Basic,North,1
345,85,2,6,25,Premium,South,1
346,134,6,7,31,Basic,North,1
347,37,8,7,34,Premium,South,1
348,275,25,1,6,Basic,East,0
349,263,19,0,4,Premium,South,0
350,60,6,6,33,Premium,North,1
351,203,9,3,13,Standard,West,0
352,338,26,1,1,Basic,East,1
353,24,1,6,55,Premium,North,1
354,166,18,2,10,Standard,East,0
355,199,17,1,17,Basic,South,0
356,124,1,7,39,Standard,West,1
357,120,16,2,18,Premium,North,0
358,284,8,1,19,Premium,West,0
359,130,6,6,39,Basic,East,1
360,379,26,0,4,Basic,South,1
361,278,18,0,2,Premium,East,0
362,78,5,3,33,Standard,East,1
363,269,22,1,7,Premium,South,0
364,145,2,3,48,Standard,East,1
365,472,25,0,10,Premium,North,0
366,421,23,1,6,Basic,South,0
367,164,11,2,17,Standard,South,0
368,27,2,7,20,Basic,East,1
369,176,6,7,41,Basic,West,1
370,174,14,2,18,Standard,North,0
371,363,19,0,9,Standard,South,0
372,481,18,1,10,Premium,West,0
373,165,11,1,8,Basic,South,0
374,161,5,7,45,Basic,East,1
375,182,16,1,16,Basic,West,1
376,262,26,0,8,Basic,North,0
377,217,13,2,11,Standard,North,0
378,101,9,5,30,Standard,North,1
379,73,7,3,40,Standard,East,1
380,95,7,7,38,Basic,West,1
381,68,1,5,57,Premium,North,1
382,348,25,1,9,Premium,North,0
383,258,20,0,9,Standard,North,1
384,175,5,7,45,Premium,East,1
385,382,19,1,4,Standard,North,0
386,134,18,3,13,Basic,East,1
387,127,5,5,35,Standard,West,1
388,143,9,6,30,Basic,East,1
389,187,12,1,9,Premium,West,0
390,236,11,2,22,Standard,West,0
391,385,27,1,1,Standard,West,0
392,326,21,1,8,Standard,West,0
393,26,7,7,50,Premium,East,1
394,305,18,1,9,Premium,West,0
395,103,4,3,32,Standard,West,1
396,367,22,1,11,Basic,East,0
397,258,27,1,9,Basic,South,0
398,419,25,1,0,Basic,North,0
399,156,11,2,11,Premium,North,0
400,108,2,5,55,Premium,North,1
401,88,1,5,53,Premium,East,1
402,268,8,2,23,Standard,South,0
403,412,29,0,10,Premium,East,0
404,327,26,1,8,Premium,South,1
405,284,24,0,1,Standard,North,0
406,237,14,1,24,Premium,East,0
407,43,3,6,45,Premium,West,1
408,281,24,0,3,Basic,West,0
409,116,4,5,28,Premium,North,1
410,372,23,0,6,Standard,West,0
411,298,29,1,11,Basic,South,0
412,46,5,4,22,Premium,East,1
413,374,27,0,5,Standard,West,0
414,291,9,2,24,Basic,South,1
415,49,4,6,55,Standard,South,1
416,50,9,4,49,Premium,South,1
417,393,29,0,11,Premium,North,1
418,22,7,6,59,Premium,East,1
419,123,8,6,20,Basic,East,1
420,268,11,2,15,Basic,South,0
421,35,6,6,53,Premium,South,1
422,285,18,0,1,Premium,West,0
423,354,22,1,10,Basic,South,0
424,442,28,0,3,Standard,South,0
425,273,11,2,13,Standard,South,0
426,420,23,1,4,Basic,North,0
427,131,8,2,13,Premium,East,0
428,154,15,2,21,Standard,North,1
429,329,24,1,8,Premium,South,0
430,412,19,0,1,Standard,East,0
431,139,9,2,9,Standard,North,0
432,73,1,6,50,Basic,West,1
433,129,6,7,22,Premium,West,1
434,153,9,7,53,Basic,North,1
435,44,4,7,31,Basic,West,1
436,345,29,0,3,Basic,South,0
437,309,23,1,10,Premium,West,0
438,309,24,0,2,Standard,North,0
439,411,27,0,1,Standard,South,0
440,178,8,3,42,Premium,West,0
441,348,22,0,11,Premium,North,0
442,134,7,6,52,Standard,South,1
443,352,25,0,4,Premium,North,0
444,301,21,1,11,Basic,North,1
445,427,22,1,2,Basic,South,0
446,341,23,1,6,Standard,West,0
447,105,5,4,46,Standard,East,1
448,98,5,4,42,Premium,North,1
449,152,1,7,40,Premium,East,1
450,101,5,7,51,Premium,East,1
451,476,18,1,10,Standard,South,0
452,171,14,1,11,Standard,West,0
453,361,29,1,7,Premium,East,0
454,176,6,4,40,Standard,East,1
455,132,9,3,28,Basic,West,1
456,249,19,1,8,Basic,West,1
457,177,19,1,18,Premium,North,0
458,127,18,2,15,Premium,East,0
459,164,7,7,38,Basic,West,1
460,106,5,7,27,Premium,East,1
461,292,18,0,2,Basic,North,0
462,401,18,0,3,Premium,West,0
463,307,21,0,3,Standard,North,0
464,384,20,1,2,Standard,East,0
465,124,12,2,15,Premium,West,0
466,57,1,3,28,Premium,East,1
467,297,10,1,11,Standard,North,0
468,197,16,1,17,Basic,South,0
469,259,18,2,20,Standard,East,0
470,214,19,2,18,Basic,West,0
471,36,8,4,28,Basic,South,1
472,78,9,4,41,Premium,East,1
473,291,10,2,24,Premium,West,0
474,476,27,1,6,Premium,East,0
475,31,9,4,40,Premium,West,1
476,268,15,2,15,Standard,South,0
477,270,19,3,18,Premium,South,0
478,341,19,1,4,Standard,West,0
479,276,19,0,2,Standard,West,0
480,293,23,0,4,Basic,North,0
481,122,13,3,14,Premium,West,0
482,144,12,3,15,Standard,East,0
483,163,8,3,24,Premium,North,1
484,381,25,0,9,Standard,North,0
485,29,5,5,46,Standard,West,1
486,231,16,2,17,Premium,East,0
487,73,1,3,53,Basic,South,1
488,39,3,5,56,Standard,North,1
489,230,11,2,10,Standard,East,0
490,73,8,7,29,Basic,East,1
491,253,29,0,3,Basic,West,0
492,90,4,7,33,Standard,East,1
493,99,7,6,23,Basic,North,1
494,143,9,2,24,Standard,West,1
495,269,15,1,19,Standard,North,0
496,136,4,5,55,Basic,South,1
497,362,24,0,1,Basic,East,0
498,362,28,1,10,Standard,South,0
499,76,6,7,52,Basic,South,1
500,253,21,1,10,Basic,East,0
501,66,7,3,45,Standard,East,1
502,80,2,5,32,Basic,South,1
503,343,23,0,5,Premium,South,0
504,128,3,7,38,Basic,North,1
505,295,27,0,4,Basic,South,1
506,284,11,1,17,Standard,South,1
507,219,13,2,11,Basic,West,0
508,158,9,3,8,Standard,West,0
509,349,23,0,5,Basic,West,0
510,127,9,6,43,Standard,West,1
511,462,25,1,9,Basic,East,0
512,154,3,6,33,Premium,North,1
513,329,23,0,9,Standard,South,0
514,189,19,1,20,Basic,North,1
515,356,21,1,9,Premium,West,0
516,40,4,4,52,Standard,South,1
517,189,9,3,22,Standard,East,1
518,168,8,3,56,Basic,South,1
519,101,5,5,42,Premium,South,1
520,68,3,5,44,Premium,South,1
521,259,16,1,16,Standard,North,0
522,366,21,0,9,Basic,East,0
523,105,7,3,36,Basic,South,1
524,180,9,2,18,Premium,East,0
525,205,8,1,9,Premium,West,0
526,447,19,0,9,Basic,North,0
527,251,23,1,8,Basic,East,0
528,117,3,7,58,Standard,East,1
529,107,8,6,29,Standard,South,1
530,82,1,7,39,Premium,South,1
531,317,21,1,7,Premium,South,0
532,328,23,1,11,Basic,East,0
533,144,9,4,47,Basic,West,1
534,440,19,0,7,Premium,South,0
535,163,8,2,10,Premium,East,0
536,42,9,5,38,Premium,South,1
537,130,15,2,15,Premium,West,0
538,60,4,7,40,Standard,South,1
539,156,8,4,39,Standard,South,1
540,249,14,3,20,Basic,West,1
541,133,8,3,47,Basic,East,1
542,127,12,3,12,Standard,West,0
543,129,6,5,51,Standard,North,1
544,388,24,1,0,Basic,North,0
545,238,12,1,20,Basic,South,0
546,175,6,4,50,Standard,West,1
547,247,18,1,10,Basic,West,0
548,144,11,2,12,Basic,East,1
549,28,4,4,25,Premium,West,1
550,421,26,0,1,Standard,East,0
551,357,26,0,7,Basic,North,0
552,380,29,1,9,Standard,East,0
553,405,25,1,0,Premium,West,0
554,429,19,0,2,Basic,East,0
555,77,9,3,24,Premium,West,1
556,343,28,0,0,Standard,East,0
557,35,2,4,54,Standard,East,1
558,175,7,3,39,Premium,West,1
559,449,24,0,2,Standard,North,0
560,402,23,0,4,Basic,East,0
561,236,12,2,21,Premium,North,1
562,264,14,1,10,Premium,North,0
563,234,8,2,9,Basic,East,0
564,287,21,0,7,Standard,North,0
565,166,4,3,44,Basic,North,1
566,133,17,2,23,Premium,West,1
567,229,10,3,17,Basic,South,1
568,47,4,7,26,Basic,North,1
569,192,18,3,22,Premium,South,0
570,239,13,1,11,Standard,North,0
571,149,16,1,21,Standard,East,1
572,197,16,3,11,Basic,North,1
573,121,16,1,21,Premium,East,0
574,369,24,1,0,Basic,North,0
575,31,3,5,40,Premium,East,1
576,188,11,1,10,Standard,South,0
577,256,11,3,24,Premium,South,0
578,184,15,1,22,Basic,South,0
579,95,9,5,45,Basic,South,1
580,269,15,1,13,Premium,East,0
581,406,20,1,6,Standard,North,0
582,47,4,6,22,Basic,West,1
583,281,18,3,16,Standard,North,0
584,106,6,3,37,Standard,East,1
585,261,23,1,10,Basic,South,0
586,143,1,3,48,Premium,North,1
587,118,8,5,39,Basic,South,1
588,260,13,1,21,Premium,North,0
589,155,4,6,52,Basic,South,1
590,334,22,0,9,Premium,East,0
591,245,16,1,12,Basic,East,0
592,36,8,7,58,Premium,West,1
593,158,18,2,18,Basic,South,0
594,165,8,3,19,Standard,East,1
595,228,19,1,23,Premium,East,0
596,209,14,2,12,Standard,West,0
597,110,7,7,42,Premium,North,1
598,203,9,2,9,Standard,North,0
599,280,11,2,12,Standard,East,0
600,175,8,6,52,Standard,South,1
601,492,26,0,1,Standard,North,0
602,354,27,1,2,Basic,South,0
603,259,19,0,5,Standard,North,0
604,288,29,0,3,Standard,East,0
605,236,9,1,13,Basic,North,1
606,113,8,4,36,Premium,West,1
607,131,10,3,8,Basic,South,0
608,220,12,2,24,Premium,North,0
609,272,14,1,13,Basic,South,1
610,226,9,3,20,Premium,West,0
611,241,19,2,10,Premium,North,0
612,421,26,0,6,Basic,West,0
613,167,17,3,11,Premium,West,0
614,271,14,2,12,Standard,East,0
615,75,1,3,39,Standard,North,1
616,451,29,1,11,Premium,West,0
617,145,1,3,57,Premium,West,1
618,255,9,2,8,Premium,West,0
619,232,9,1,10,Premium,North,0
620,123,17,3,21,Premium,North,0
621,170,9,2,22,Premium,East,0
622,141,5,4,56,Basic,East,1
623,153,4,4,28,Standard,North,1
624,96,4,3,51,Basic,South,1
625,87,5,7,32,Standard,North,1
626,105,5,5,42,Standard,West,1
627,161,9,1,24,Standard,North,0
628,146,5,6,30,Standard,East,1
629,492,18,1,7,Standard,East,1
630,160,2,5,55,Basic,West,1
631,136,10,2,15,Premium,West,0
632,271,17,3,12,Basic,North,1
633,257,29,0,0,Standard,South,0
634,367,20,0,10,Basic,West,1
635,30,6,7,31,Basic,East,1
636,495,28,0,11,Basic,South,0
637,39,9,4,31,Standard,East,1
638,364,20,1,11,Standard,North,0
639,215,13,3,11,Basic,West,0
640,410,25,0,10,Basic,West,0
641,498,20,1,0,Premium,South,0
642,101,3,6,26,Standard,South,1
643,297,26,1,3,Premium,East,0
644,200,8,1,15,Basic,East,0
645,157,10,3,12,Premium,West,0
646,150,14,2,18,Basic,East,1
647,387,27,1,4,Standard,West,0
648,288,15,3,22,Standard,South,1
649,363,25,1,0,Basic,West,0
650,279,24,0,0,Standard,South,0
651,286,18,0,4,Basic,North,0
652,385,22,1,8,Premium,East,0
653,54,2,3,53,Basic,East,1
654,147,4,5,54,Basic,East,1
655,261,19,1,20,Basic,South,0
656,64,3,5,57,Standard,East,1
657,287,8,3,9,Basic,South,1
658,263,13,2,9,Basic,East,0
659,433,29,1,6,Standard,West,0
660,464,25,1,6,Standard,West,0
661,470,24,0,6,Basic,West,0
662,177,5,7,40,Basic,East,1
663,38,9,3,41,Premium,South,1
664,142,17,2,11,Premium,South,0
665,301,21,1,1,Premium,South,0
666,405,21,0,7,Standard,North,0
667,49,4,7,42,Premium,East,1
668,131,14,3,21,Premium,West,1
669,217,18,1,19,Premium,North,0
670,212,17,2,13,Premium,East,0
671,337,19,1,8,Premium,West,0
672,140,9,3,38,Basic,North,1
673,119,2,5,32,Basic,North,1
674,131,8,6,56,Basic,East,1
675,464,27,0,0,Premium,East,0
676,466,25,0,9,Premium,East,0
677,168,5,3,43,Basic,North,1
678,136,11,3,16,Basic,West,0
679,460,20,1,4,Premium,West,0
680,120,6,6,54,Standard,South,1
681,395,20,1,8,Premium,South,0
682,132,9,1,20,Standard,South,0
683,379,26,0,5,Basic,East,0
684,219,14,1,20,Premium,East,0
685,127,14,2,10,Basic,North,0
686,485,29,0,11,Standard,East,0
687,84,4,7,54,Standard,West,1
688,68,6,4,29,Standard,South,0
689,284,13,2,24,Standard,South,0
690,387,20,0,2,Premium,South,0
691,36,6,6,43,Basic,South,1
692,272,11,2,13,Basic,South,0
693,138,1,6,31,Standard,East,1
694,153,7,7,44,Standard,North,1
695,126,11,1,19,Standard,South,0
696,162,12,1,14,Basic,South,1
697,70,9,5,27,Basic,North,1
698,164,13,3,11,Premium,West,0
699,276,16,1,9,Premium,North,0
700,198,19,3,19,Premium,East,0
701,339,25,0,6,Standard,South,0
702,215,11,2,18,Premium,South,0
703,47,6,3,36,Premium,South,1
704,125,9,4,44,Premium,East,1
705,294,20,0,4,Premium,East,0
706,317,29,0,10,Premium,North,0
707,294,11,2,22,Basic,South,0
708,423,19,1,0,Basic,North,1
709,103,4,3,30,Premium,East,0
710,410,19,1,10,Standard,North,0
711,473,27,0,4,Standard,South,0
712,181,13,2,21,Premium,North,0
713,160,3,7,27,Standard,East,1
714,127,1,3,30,Standard,North,1
715,30,6,3,35,Premium,East,1
716,67,8,5,45,Premium,South,1
717,195,18,1,13,Standard,South,0
718,173,6,6,48,Premium,East,1
719,347,18,0,10,Standard,South,0
720,281,14,1,17,Basic,West,0
721,215,11,3,8,Basic,East,0
722,330,28,1,7,Basic,West,0
723,342,23,1,8,Basic,North,1
724,285,22,1,11,Premium,East,0
725,420,22,1,9,Premium,North,0
726,85,7,5,41,Basic,South,1
727,240,10,1,20,Premium,West,0
728,258,23,1,6,Basic,South,1
729,492,18,1,8,Standard,North,0
730,86,4,6,49,Standard,East,1
731,232,14,3,21,Premium,East,0
732,135,4,7,46,Basic,West,1
733,442,19,0,9,Premium,East,0
734,267,11,3,17,Basic,North,1
735,60,9,7,20,Premium,North,0
736,347,25,0,8,Premium,North,0
737,446,28,1,2,Premium,South,0
738,195,17,3,20,Standard,West,0
739,166,14,3,15,Standard,North,0
740,251,14,2,22,Premium,South,0
741,128,8,3,38,Premium,East,1
742,165,19,2,11,Standard,South,0
743,148,3,5,59,Basic,South,1
744,43,8,4,23,Premium,East,0
745,135,7,7,24,Basic,South,1
746,430,26,0,8,Standard,North,0
747,319,22,0,9,Standard,North,0
748,352,23,0,3,Basic,East,0
749,428,23,0,3,Premium,North,0
750,287,20,0,3,Premium,West,0
751,160,7,4,49,Standard,West,1
752,144,18,3,21,Premium,North,0
753,489,28,0,5,Basic,West,0
754,135,15,2,15,Premium,South,0
755,178,14,3,17,Premium,East,0
756,281,16,1,18,Premium,West,0
757,36,4,6,44,Standard,East,1
758,120,6,3,20,Standard,South,1
759,300,21,0,8,Premium,North,0
760,123,7,5,25,Basic,North,1
761,400,27,0,8,Basic,West,0
762,288,16,1,13,Standard,East,0
763,301,22,0,0,Standard,East,0
764,95,7,3,36,Basic,North,1
765,134,11,2,24,Standard,West,0
766,135,3,4,52,Premium,East,1
767,251,15,3,13,Premium,South,0
768,296,15,3,8,Standard,West,0
769,329,23,1,2,Standard,South,1
770,99,9,6,50,Premium,South,1
771,170,2,5,56,Premium,South,1
772,455,25,0,2,Basic,North,1
773,102,3,4,35,Standard,West,1
774,474,18,1,4,Basic,East,0
775,276,29,0,5,Premium,West,0
776,176,19,2,12,Basic,West,0
777,178,8,2,23,Premium,South,0
778,242,9,2,22,Standard,North,0
779,282,21,1,6,Premium,West,0
780,33,7,5,48,Premium,East,1
781,278,25,1,9,Premium,West,0
782,255,17,2,17,Premium,East,0
783,25,5,6,24,Basic,East,1
784,461,26,0,10,Standard,East,0
785,190,18,3,17,Basic,East,0
786,284,19,1,7,Premium,South,0
787,271,27,0,6,Basic,North,0
788,406,23,1,10,Standard,East,0
789,267,19,3,10,Standard,East,0
790,177,5,4,41,Standard,West,1
791,146,17,1,8,Basic,East,1
792,89,9,5,55,Basic,West,1
793,121,11,1,17,Standard,North,0
794,78,6,5,40,Premium,West,1
795,141,11,2,20,Standard,North,0
796,132,4,3,28,Premium,West,1
797,378,27,1,8,Standard,West,0
798,125,6,3,29,Premium,North,0
799,303,19,0,3,Premium,North,0
800,246,16,3,22,Premium,East,1
801,142,9,5,45,Premium,East,1
802,211,8,3,16,Standard,West,0
803,461,25,0,0,Premium,North,0
804,130,4,3,24,Standard,South,1
805,153,15,3,10,Standard,South,0
806,410,28,1,1,Basic,West,0
807,157,2,5,55,Premium,South,1
808,196,15,2,10,Premium,South,0
809,84,7,5,27,Standard,West,1
810,192,13,3,14,Premium,South,0
811,47,1,7,28,Basic,West,1
812,104,2,7,57,Premium,West,1
813,133,5,6,37,Basic,South,1
814,169,9,7,23,Premium,East,1
815,254,18,2,11,Basic,North,0
816,378,24,0,5,Standard,West,0
817,148,6,7,48,Standard,West,1
818,211,12,2,14,Standard,West,0
819,296,21,0,2,Premium,East,0
820,378,21,1,11,Standard,South,0
821,142,16,1,20,Premium,North,0
822,151,14,1,11,Premium,West,0
823,125,7,3,40,Basic,West,1
824,125,10,1,10,Premium,East,0
825,418,23,0,9,Basic,North,1
826,95,7,5,49,Standard,West,1
827,463,26,0,4,Standard,East,0
828,279,11,3,23,Basic,East,0
829,264,14,1,9,Standard,West,0
830,227,9,2,8,Basic,North,0
831,245,18,2,21,Premium,West,0
832,488,29,0,3,Basic,East,0
833,47,7,5,34,Basic,West,1
834,171,8,5,28,Basic,South,1
835,38,3,4,59,Standard,North,1
836,176,2,4,32,Standard,North,1
837,281,8,1,14,Premium,West,0
838,45,1,7,24,Basic,West,1
839,26,1,7,20,Standard,North,0
840,266,28,0,10,Basic,West,0
841,148,12,3,23,Standard,West,0
842,275,16,1,23,Basic,South,0
843,227,10,2,16,Premium,South,0
844,406,20,0,1,Standard,South,0
845,264,20,0,4,Premium,West,0
846,176,15,2,23,Basic,West,0
847,155,6,6,59,Standard,North,1
848,235,16,1,20,Premium,East,0
849,326,23,0,3,Premium,East,1
850,242,17,1,10,Basic,West,0
851,431,25,0,6,Premium,North,0
852,309,21,0,9,Basic,East,0
853,215,18,2,18,Premium,South,0
854,168,16,3,9,Premium,North,0
855,167,16,1,12,Premium,East,0
856,81,7,4,36,Premium,West,0
857,163,18,3,16,Standard,North,0
858,383,27,0,6,Standard,West,0
859,40,4,4,56,Premium,West,1
860,81,6,5,59,Standard,East,1
861,379,29,1,11,Standard,North,0
862,99,1,4,21,Premium,East,1
863,364,27,0,1,Premium,East,0
864,362,23,0,2,Premium,South,0
865,180,8,2,20,Standard,West,0
866,398,27,1,10,Standard,North,0
867,141,17,3,22,Standard,West,1
868,473,24,0,5,Basic,East,0
869,499,22,1,11,Basic,West,0
870,385,18,0,5,Standard,East,0
871,168,3,7,25,Standard,West,1
872,359,28,1,7,Standard,East,0
873,223,13,2,9,Standard,East,0
874,474,23,0,5,Premium,West,0
875,139,19,3,17,Basic,South,0
876,110,3,7,32,Premium,South,1
877,268,10,2,18,Premium,East,0
878,167,12,3,13,Standard,West,0
879,401,19,0,3,Basic,West,0
880,456,28,1,2,Basic,North,1
881,104,3,3,23,Basic,East,1
882,376,20,0,1,Basic,South,0
883,172,4,5,42,Basic,West,1
884,129,2,6,24,Premium,East,1
885,152,3,7,31,Standard,South,1
886,132,4,3,33,Basic,South,1
887,388,19,0,6,Premium,East,0
888,239,14,3,19,Standard,North,0
889,288,18,3,16,Premium,West,0
890,399,20,0,6,Basic,South,0
891,162,8,6,41,Basic,East,1
892,112,2,6,52,Basic,East,1
893,62,8,6,49,Premium,East,1
894,275,15,2,20,Basic,South,0
895,56,1,4,55,Premium,East,1
896,94,8,6,59,Standard,North,1
897,397,25,0,7,Premium,North,0
898,147,4,6,35,Premium,West,1
899,126,18,3,23,Standard,North,1
900,107,9,5,39,Standard,West,1
901,138,9,7,49,Premium,South,1
902,243,14,1,19,Standard,West,0
903,313,27,1,2,Standard,South,0
904,117,2,6,53,Premium,West,1
905,299,23,1,9,Premium,South,0
906,264,22,1,2,Basic,West,1
907,59,8,6,42,Standard,East,1
908,359,25,0,7,Standard,East,0
909,158,19,1,11,Basic,South,0
910,473,21,0,9,Standard,South,0
911,101,6,4,50,Standard,South,1
912,65,5,4,59,Basic,South,1
913,171,3,6,42,Standard,West,1
914,496,27,0,6,Standard,West,0
915,128,13,1,23,Premium,South,0
916,453,25,0,9,Basic,North,0
917,82,7,7,36,Premium,East,1
918,59,4,4,46,Standard,North,1
919,196,16,3,19,Standard,East,0
920,190,16,3,23,Basic,South,1
921,432,24,1,10,Basic,South,0
922,181,15,1,20,Basic,East,1
923,153,3,7,45,Standard,West,1
924,173,11,3,15,Standard,North,0
925,179,6,6,49,Standard,East,1
926,380,23,1,5,Standard,South,0
927,415,25,0,7,Basic,West,0
928,25,3,4,22,Premium,East,1
929,325,18,0,4,Basic,West,0
930,338,26,0,4,Basic,North,1
931,146,6,6,32,Premium,South,1
932,133,1,6,32,Standard,North,1
933,413,18,0,0,Standard,East,0
934,191,9,3,20,Basic,South,1
935,321,25,0,9,Premium,South,0
936,132,14,1,24,Basic,West,1
937,438,24,1,5,Standard,South,0
938,164,7,7,51,Standard,West,1
939,113,2,7,40,Premium,South,1
940,131,7,3,59,Standard,South,1
941,162,9,6,29,Basic,North,1
942,172,14,2,8,Standard,West,0
943,156,6,3,54,Premium,South,1
944,28,1,7,33,Basic,West,1
945,255,15,3,19,Standard,South,0
946,481,27,1,2,Standard,North,0
947,290,8,1,15,Basic,West,1
948,383,23,1,5,Basic,North,0
949,441,20,1,7,Premium,West,0
950,134,8,3,40,Standard,West,1
951,312,25,0,6,Standard,West,0
952,136,13,3,13,Premium,West,0
953,157,14,1,11,Basic,North,0
954,62,4,4,32,Basic,North,1
955,151,8,1,11,Basic,East,0
956,202,17,3,21,Basic,South,0
957,147,8,2,23,Basic,North,1
958,440,29,1,7,Premium,North,0
959,381,23,1,10,Standard,North,0
960,163,8,6,50,Basic,North,1
961,391,26,0,1,Premium,East,0
962,271,13,2,16,Premium,East,0
963,223,17,3,10,Premium,West,0
964,146,8,3,10,Premium,West,0
965,163,17,3,9,Premium,North,0
966,297,11,3,11,Premium,South,0
967,432,18,1,8,Premium,West,0
968,380,27,0,8,Premium,North,0
969,135,6,7,52,Premium,North,1
970,162,4,3,40,Standard,South,1
971,371,22,1,0,Premium,North,0
972,227,14,3,10,Standard,East,0
973,270,10,2,17,Standard,South,0
974,80,5,4,56,Standard,South,1
975,486,23,0,4,Standard,West,0
976,21,1,6,49,Standard,South,1
977,357,29,0,9,Standard,East,0
978,244,13,2,16,Basic,North,0
979,435,22,1,1,Standard,North,0
980,301,26,1,0,Standard,South,0
981,59,5,3,20,Premium,South,0
982,168,1,5,35,Standard,West,1
983,36,1,4,32,Standard,North,1
984,200,13,3,21,Basic,North,1
985,191,13,1,20,Standard,North,0
986,282,19,2,12,Premium,North,0
987,68,7,3,53,Basic,West,1
988,124,17,2,13,Standard,North,0
989,165,4,3,33,Standard,East,1
990,254,19,3,22,Basic,West,1
991,484,29,0,0,Standard,South,0
992,397,21,0,9,Standard,North,0
993,353,25,0,0,Basic,North,1
994,69,1,5,51,Basic,South,1
995,447,27,1,4,Premium,East,0
996,187,15,3,23,Premium,North,1
997,251,17,1,9,Standard,North,0
998,155,8,5,50,Standard,South,1
999,294,19,1,6,Premium,North,0
1000,234,14,2,23,Basic,West,1
1001,451,23,1,1,Premium,North,0
1002,286,19,2,18,Standard,East,0
1003,400,22,1,5,Premium,East,0
1004,487,29,1,6,Premium,East,0
1005,225,9,3,15,Basic,North,0
1006,450,22,1,3,Premium,West,0
1007,369,28,0,2,Standard,South,0
1008,162,8,3,11,Basic,North,0
1009,152,6,5,41,Standard,East,1
1010,399,24,0,10,Standard,West,0
1011,256,19,3,21,Basic,North,1
1012,362,28,0,8,Premium,South,0
1013,332,22,0,3,Basic,West,0
1014,49,9,6,53,Basic,West,1
1015,131,9,4,33,Premium,West,1
1016,487,27,1,6,Standard,West,0
1017,274,20,1,1,Basic,North,0
1018,130,12,1,20,Premium,North,0
1019,458,19,1,8,Premium,South,0
1020,73,1,5,37,Standard,East,1
1021,109,6,3,31,Premium,East,1
1022,251,14,2,9,Basic,North,0
1023,404,28,0,7,Premium,West,0
1024,230,14,2,15,Standard,West,0
1025,160,1,7,36,Premium,South,1
1026,27,5,4,35,Standard,East,1
1027,237,19,1,23,Premium,West,0
1028,190,11,1,12,Premium,South,0
1029,162,4,6,38,Premium,West,1
1030,140,12,3,13,Basic,East,0
1031,149,6,4,24,Premium,South,1
1032,49,3,4,32,Basic,East,1
1033,137,4,6,55,Premium,East,1
1034,266,13,2,22,Standard,West,1
1035,167,9,6,37,Premium,South,0
1036,206,18,1,11,Premium,West,0
1037,53,9,4,50,Basic,South,1
1038,396,27,1,2,Premium,East,0
1039,278,10,3,9,Standard,East,0
1040,387,19,1,11,Basic,West,0
1041,345,24,0,10,Standard,East,0
1042,158,7,7,23,Standard,South,1
1043,130,2,6,50,Basic,North,1
1044,211,8,3,17,Premium,North,0
1045,355,25,1,11,Basic,South,0
1046,159,9,3,18,Standard,South,1
1047,31,3,4,46,Basic,North,1
1048,443,18,1,1,Basic,South,0
1049,279,21,1,11,Standard,West,0
1050,374,27,1,9,Premium,South,0
1051,326,25,0,5,Basic,North,0
1052,41,9,6,46,Premium,South,1
1053,411,27,0,1,Basic,East,0
1054,322,29,1,8,Premium,South,0
1055,498,19,1,3,Premium,East,0
1056,315,18,0,11,Basic,North,0
1057,495,28,1,8,Premium,West,0
1058,48,5,6,39,Premium,North,1
1059,143,12,2,21,Premium,West,0
1060,165,8,4,31,Premium,North,0
1061,447,21,0,3,Premium,North,0
1062,246,11,1,8,Premium,North,0
1063,267,9,2,10,Premium,East,0
1064,128,5,6,40,Premium,North,1
1065,455,24,0,5,Standard,West,0
1066,200,14,2,14,Premium,East,0
1067,34,1,3,53,Premium,East,1
1068,276,21,0,7,Basic,West,0
1069,198,18,1,10,Basic,East,0
1070,332,23,1,6,Basic,West,0
1071,260,18,3,12,Premium,North,0
1072,319,26,0,5,Premium,South,0
1073,188,19,3,15,Basic,North,0
1074,106,7,5,48,Premium,East,1
1075,35,3,6,22,Standard,West,1
1076,177,12,3,8,Standard,South,0
1077,406,21,1,7,Basic,South,0
1078,428,18,0,11,Basic,East,0
1079,227,19,1,16,Basic,North,0
1080,138,13,3,20,Premium,West,0
1081,390,29,0,5,Basic,East,0
1082,130,5,7,41,Premium,East,1
1083,161,17,3,18,Premium,North,0
1084,156,4,5,58,Basic,East,1
1085,130,17,2,18,Standard,West,0
1086,290,10,2,21,Premium,West,0
1087,132,1,5,59,Basic,South,1
1088,71,6,5,58,Basic,West,1
1089,272,19,2,13,Standard,West,0
1090,420,20,0,4,Standard,North,0
1091,207,16,1,11,Premium,South,0
1092,168,14,2,18,Standard,South,0
1093,42,2,6,45,Basic,East,1
1094,48,3,3,55,Standard,South,1
1095,154,19,1,10,Premium,West,0
1096,407,21,0,7,Premium,South,1
1097,121,5,6,57,Basic,South,1
1098,466,27,0,5,Premium,East,0
1099,490,26,1,9,Basic,South,0
1100,489,19,1,10,Basic,West,0
1101,20,5,6,53,Basic,East,1
1102,251,18,2,11,Standard,South,0
1103,471,19,0,2,Standard,West,0
1104,271,10,2,18,Basic,West,0
1105,197,16,2,23,Basic,East,1
1106,50,4,7,36,Basic,North,1
1107,293,17,3,16,Standard,West,1
1108,277,13,3,9,Premium,East,0
1109,471,21,1,9,Basic,West,0
1110,120,17,2,20,Premium,South,0
1111,293,25,1,5,Premium,South,0
1112,265,12,2,17,Standard,South,0
1113,131,13,2,14,Basic,North,1
1114,168,7,7,52,Basic,North,1
1115,366,19,1,6,Standard,North,0
1116,37,3,5,37,Basic,East,1
1117,284,17,1,19,Standard,East,0
1118,141,4,5,37,Premium,West,1
1119,117,8,4,25,Basic,South,1
1120,204,14,3,23,Basic,North,1
1121,286,19,3,24,Standard,West,1
1122,169,5,7,51,Standard,North,1
1123,158,17,3,14,Premium,South,0
1124,360,20,0,9,Premium,West,0
1125,54,6,6,57,Premium,North,1
1126,396,20,1,7,Basic,West,1
1127,203,11,3,10,Basic,West,0
1128,206,10,1,21,Premium,West,1
1129,190,14,2,9,Standard,South,0
1130,271,8,1,19,Premium,West,0
1131,229,15,1,19,Standard,West,1
1132,437,27,1,8,Premium,West,0
1133,142,18,2,22,Basic,East,1
1134,144,9,2,20,Basic,South,0
1135,47,2,5,47,Standard,East,1
1136,274,16,1,11,Standard,South,0
1137,86,8,7,32,Basic,West,1
1138,167,6,4,37,Standard,West,1
1139,64,2,6,32,Premium,West,1
1140,266,10,3,21,Standard,West,1
1141,64,8,3,20,Standard,South,0
1142,238,13,3,19,Standard,South,0
1143,111,1,5,47,Premium,South,1
1144,145,1,7,45,Standard,South,1
1145,376,20,1,5,Basic,East,0
1146,336,29,1,5,Premium,North,0
1147,282,19,1,21,Standard,North,0
1148,204,17,1,16,Standard,South,0
1149,170,3,5,42,Basic,South,1
1150,196,18,2,22,Premium,North,0
1151,306,24,0,10,Basic,East,0
1152,459,25,0,7,Standard,East,0
1153,154,2,6,46,Premium,South,1
1154,256,12,1,15,Basic,East,0
1155,96,1,6,56,Premium,East,1
1156,211,8,1,9,Standard,South,0
1157,491,26,1,10,Basic,East,0
1158,157,13,1,18,Premium,North,0
1159,287,10,3,10,Basic,West,0
1160,268,19,1,0,Basic,South,0
1161,207,10,2,8,Standard,South,0
1162,422,18,1,10,Basic,East,0
1163,393,19,0,2,Premium,South,0
1164,44,6,5,28,Basic,West,1
1165,266,8,2,23,Standard,West,0
1166,265,9,1,20,Premium,East,0
1167,241,13,1,23,Premium,North,0
1168,280,27,1,8,Standard,South,0
1169,207,11,1,16,Basic,East,0
1170,123,15,1,20,Premium,South,0
1171,381,18,1,2,Basic,South,0
1172,88,7,7,39,Premium,West,1
1173,360,19,0,3,Standard,North,1
1174,93,9,5,28,Standard,North,0
1175,130,10,1,17,Premium,West,0
1176,369,29,0,9,Premium,West,0
1177,192,11,3,9,Standard,South,0
1178,79,7,7,42,Basic,West,1
1179,298,12,3,19,Premium,East,0
1180,149,9,7,58,Premium,East,1
1181,138,6,5,54,Standard,North,1
1182,137,4,7,38,Premium,East,1
1183,145,8,3,23,Premium,South,1
1184,485,24,0,6,Premium,North,0
1185,121,4,5,44,Basic,West,1
1186,91,2,6,35,Basic,South,1
1187,61,1,7,32,Basic,West,1
1188,29,2,6,44,Standard,South,1
1189,395,24,1,8,Standard,North,0
1190,293,15,3,9,Premium,South,0
1191,94,6,7,33,Basic,West,1
1192,425,22,1,7,Standard,North,0
1193,178,15,3,23,Premium,East,0
1194,308,24,0,0,Basic,East,0
1195,449,25,1,3,Standard,West,0
1196,250,13,1,15,Basic,South,1
1197,120,18,2,14,Basic,South,0
1198,60,5,3,55,Basic,East,1
1199,146,1,5,24,Standard,South,1
1200,252,21,0,2,Premium,West,0
1201,440,18,1,7,Premium,West,0
1202,331,19,1,1,Basic,West,0
1203,189,18,3,11,Premium,West,0
1204,98,3,7,53,Basic,East,1
1205,115,4,3,32,Basic,West,1
1206,439,29,1,8,Premium,West,0
1207,201,13,3,13,Standard,North,0
1208,210,13,2,24,Basic,East,1
1209,338,25,1,3,Premium,South,0
1210,141,10,1,23,Standard,South,1
1211,247,8,3,24,Standard,East,0
1212,496,19,1,4,Premium,South,0
1213,343,23,0,6,Standard,North,0
1214,88,4,5,56,Premium,North,1
1215,85,9,5,55,Standard,North,1
1216,41,2,7,57,Basic,East,1
1217,216,9,3,8,Premium,East,0
1218,250,25,1,3,Basic,East,0
1219,146,18,3,8,Basic,East,1
1220,224,14,2,23,Premium,West,0
1221,133,8,3,32,Basic,West,1
1222,132,5,5,58,Standard,South,1
1223,98,2,5,49,Standard,West,1
1224,77,4,5,26,Standard,East,1
1225,355,24,1,5,Basic,West,0
1226,187,8,2,18,Standard,East,0
1227,467,26,0,11,Standard,North,1
1228,147,4,5,57,Premium,East,1
1229,431,18,0,7,Premium,South,0
1230,102,6,3,54,Basic,South,1
1231,141,18,2,16,Basic,West,0
1232,50,2,4,36,Basic,East,1
1233,129,8,5,38,Standard,West,1
1234,475,20,1,0,Standard,East,0
1235,470,23,0,0,Standard,East,1
1236,40,5,6,59,Standard,East,1
1237,184,11,2,18,Basic,West,0
1238,142,14,1,14,Premium,North,0
1239,411,21,1,6,Standard,West,0
1240,121,17,2,24,Basic,East,1
1241,189,13,1,8,Premium,West,0
1242,494,27,1,2,Standard,South,0
1243,294,18,0,6,Basic,East,0
1244,154,1,6,46,Standard,North,1
1245,180,9,3,8,Premium,North,0
1246,57,7,7,45,Basic,North,1
1247,186,14,1,9,Standard,South,0
1248,418,24,0,2,Standard,South,0
1249,280,19,0,6,Standard,East,0
1250,80,4,4,26,Premium,East,1
1251,177,4,7,36,Basic,East,1
1252,364,27,0,11,Basic,East,0
1253,160,18,1,21,Basic,South,1
1254,435,19,0,3,Premium,West,0
1255,132,16,3,8,Standard,West,1
1256,144,12,3,13,Premium,South,0
1257,207,15,2,8,Standard,South,0
1258,176,9,1,16,Premium,North,0
1259,36,5,4,49,Basic,East,1
1260,204,12,2,17,Premium,West,0
1261,267,27,1,3,Premium,West,0
1262,201,8,1,21,Premium,West,0
1263,151,2,5,39,Standard,South,1
1264,166,18,1,20,Standard,South,0
1265,34,5,5,45,Premium,South,1
1266,466,27,1,11,Standard,North,0
1267,473,22,0,1,Premium,North,0
1268,268,18,1,0,Standard,West,0
1269,433,20,0,0,Premium,West,0
1270,218,15,1,14,Standard,South,0
1271,349,25,0,5,Premium,North,0
1272,68,9,4,35,Premium,North,0
1273,176,7,6,25,Basic,East,1
1274,99,7,3,33,Standard,West,1
1275,209,14,1,20,Standard,West,0
1276,87,2,6,49,Premium,East,1
1277,467,29,0,7,Premium,East,0
1278,145,12,2,17,Standard,East,1
1279,98,7,3,21,Basic,West,1
1280,65,3,6,59,Basic,East,1
1281,119,3,4,25,Basic,West,1
1282,219,13,2,19,Premium,South,0
1283,495,22,0,7,Standard,North,0
1284,297,20,1,3,Premium,East,0
1285,126,5,5,24,Premium,East,1
1286,150,5,7,56,Basic,South,1
1287,380,23,0,9,Premium,East,0
1288,398,26,0,5,Basic,South,1
1289,244,10,3,21,Standard,North,0
1290,129,19,2,19,Basic,North,0
1291,153,16,2,24,Premium,North,0
1292,134,1,6,58,Premium,East,1
1293,260,9,2,11,Standard,West,0
1294,268,19,1,0,Premium,West,0
1295,25,8,7,30,Premium,North,1
1296,376,29,0,1,Basic,South,0
1297,388,29,0,3,Basic,West,0
1298,131,8,6,48,Premium,West,1
1299,33,6,4,40,Premium,West,1
1300,485,19,1,6,Standard,North,0
1301,336,24,0,0,Standard,West,0
1302,57,6,7,41,Basic,East,1
1303,368,27,1,0,Standard,North,0
1304,157,15,3,17,Basic,South,1
1305,168,8,7,58,Basic,West,1
1306,37,8,6,51,Basic,West,1
1307,61,9,6,51,Basic,East,1
1308,274,28,0,1,Basic,South,0
1309,481,24,0,6,Basic,West,0
1310,21,2,3,56,Standard,West,1
1311,154,10,2,21,Basic,West,0
1312,91,5,4,42,Basic,West,1
1313,158,2,4,45,Premium,North,1
1314,32,8,3,23,Basic,West,1
1315,459,22,1,2,Premium,North,0
1316,173,8,2,15,Standard,North,0
1317,231,12,2,20,Premium,South,0
1318,122,17,3,19,Basic,North,1
1319,357,29,1,4,Basic,West,0
1320,251,22,0,9,Basic,West,1
1321,135,14,2,16,Standard,West,0
1322,260,12,3,17,Standard,North,0
1323,418,22,1,1,Premium,West,0
1324,146,7,6,51,Premium,South,1
1325,162,4,7,25,Premium,East,1
1326,260,29,1,4,Premium,West,1
1327,334,18,0,6,Standard,West,0
1328,400,28,1,3,Premium,South,0
1329,178,5,4,44,Premium,West,0
1330,339,22,1,0,Standard,West,0
1331,261,22,1,3,Standard,North,0
1332,175,10,1,9,Premium,South,0
1333,196,14,2,20,Basic,South,0
1334,197,18,2,13,Basic,South,0
1335,282,24,1,8,Standard,South,0
1336,70,9,7,48,Basic,West,1
1337,300,27,1,5,Premium,West,1
1338,265,15,1,19,Standard,North,0
1339,350,20,0,4,Standard,North,0
1340,412,26,0,1,Premium,East,0
1341,123,16,3,20,Standard,South,0
1342,277,27,1,11,Premium,South,0
1343,347,27,0,6,Premium,East,0
1344,136,18,3,10,Standard,West,0
1345,109,1,6,28,Standard,North,1
1346,249,8,3,22,Basic,West,1
1347,287,10,3,9,Basic,West,1
1348,296,19,2,23,Premium,West,0
1349,454,28,1,11,Standard,North,0
1350,232,13,2,24,Basic,East,0
1351,175,11,3,19,Standard,West,0
1352,336,23,0,3,Premium,South,0
1353,405,22,0,0,Basic,West,0
1354,96,3,7,37,Standard,West,1
1355,413,21,1,3,Standard,North,1
1356,293,24,0,11,Premium,East,0
1357,283,19,0,6,Premium,East,1
1358,61,9,7,58,Standard,East,1
1359,387,27,1,10,Basic,East,1
1360,298,12,1,24,Premium,North,0
1361,204,12,1,16,Basic,South,0
1362,77,9,6,59,Basic,North,1
1363,82,3,6,52,Standard,East,1
1364,116,1,6,29,Basic,South,1
1365,76,1,4,46,Basic,West,1
1366,246,15,2,13,Standard,East,0
1367,405,22,1,4,Basic,East,0
1368,176,10,1,8,Standard,South,0
1369,289,12,3,16,Premium,West,0
1370,272,13,1,19,Premium,East,0
1371,231,14,2,20,Premium,North,0
1372,450,18,0,1,Standard,West,1
1373,154,6,4,39,Standard,North,1
1374,46,2,6,38,Premium,South,1
1375,416,19,0,5,Premium,South,0
1376,200,14,1,11,Premium,West,1
1377,446,29,1,7,Standard,South,0
1378,445,20,1,4,Standard,North,0
1379,176,10,2,24,Basic,South,1
1380,452,20,0,0,Premium,East,0
1381,151,19,1,22,Premium,East,0
1382,437,20,1,10,Premium,North,0
1383,95,4,3,40,Premium,East,1
1384,248,17,3,14,Premium,South,0
1385,395,28,1,1,Basic,South,0
1386,296,9,2,9,Standard,South,0
1387,165,6,5,28,Basic,West,1
1388,487,25,0,2,Premium,North,0
1389,382,29,1,3,Premium,South,0
1390,172,2,5,33,Standard,South,1
1391,142,11,1,13,Standard,South,0
1392,107,9,3,26,Basic,South,1
1393,259,17,1,19,Basic,West,0
1394,121,7,4,21,Basic,East,1
1395,471,29,1,0,Standard,North,0
1396,81,9,5,58,Standard,North,1
1397,64,3,4,34,Standard,North,1
1398,427,22,1,2,Standard,South,1
1399,105,3,5,31,Standard,West,1
1400,264,14,1,9,Premium,East,0
1401,107,1,6,25,Standard,North,1
1402,256,18,1,13,Premium,South,1
1403,122,11,1,12,Premium,South,0
1404,303,20,0,7,Premium,West,0
1405,159,11,2,21,Standard,South,0
1406,125,8,1,10,Standard,West,0
1407,251,26,0,3,Premium,West,0
1408,341,28,0,9,Standard,North,0
1409,126,7,5,54,Standard,South,1
1410,389,25,0,3,Premium,South,0
1411,132,16,1,20,Premium,North,0
1412,139,1,3,59,Basic,East,1
1413,147,3,5,24,Standard,South,1
1414,245,14,1,17,Basic,North,0
1415,86,8,5,26,Premium,West,0
1416,189,16,3,9,Premium,East,0
1417,172,7,3,30,Premium,South,0
1418,170,6,4,41,Premium,West,1
1419,198,19,1,15,Premium,North,0
1420,71,1,4,24,Premium,South,0
1421,415,23,0,4,Premium,East,0
1422,472,27,0,9,Basic,North,0
1423,63,2,3,35,Basic,East,1
1424,117,2,7,35,Basic,West,1
1425,138,5,7,39,Basic,West,1
1426,110,7,4,57,Standard,South,1
1427,469,19,0,9,Basic,West,0
1428,166,9,7,58,Standard,East,1
1429,252,25,1,3,Premium,North,0
1430,121,1,7,58,Basic,North,1
1431,295,19,0,3,Premium,East,0
1432,331,28,0,2,Basic,East,0
1433,175,7,3,44,Standard,North,1
1434,333,20,0,2,Basic,East,0
1435,375,29,0,9,Basic,North,0
1436,21,2,6,57,Basic,North,1
1437,259,19,1,3,Premium,East,0
1438,298,23,1,0,Standard,West,1
1439,252,17,1,20,Basic,North,0
1440,145,15,1,22,Standard,East,1
1441,250,22,0,3,Standard,South,0
1442,132,15,3,18,Standard,West,0
1443,274,13,2,13,Standard,North,0
1444,388,25,1,0,Standard,West,0
1445,313,23,0,7,Premium,South,0
1446,204,15,2,21,Standard,East,0
1447,212,16,3,17,Standard,East,0
1448,199,11,1,12,Standard,North,0
1449,170,9,7,35,Basic,East,1
1450,425,23,0,4,Premium,North,0
1451,192,16,3,20,Basic,South,0
1452,68,8,7,24,Standard,West,1
1453,161,11,1,21,Standard,South,0
1454,322,22,0,0,Standard,West,0
1455,172,6,7,22,Basic,East,1
1456,177,13,1,9,Premium,North,0
1457,331,24,1,11,Premium,West,0
1458,167,7,6,20,Basic,East,0
1459,148,5,6,49,Basic,East,1
1460,122,14,3,19,Basic,South,0
1461,326,18,1,9,Basic,South,0
1462,277,21,1,7,Basic,East,0
1463,163,9,4,30,Standard,North,1
1464,134,4,5,24,Standard,West,1
1465,157,2,4,58,Premium,South,1
1466,297,14,3,14,Standard,North,1
1467,126,8,2,8,Basic,South,0
1468,198,9,1,14,Premium,East,0
1469,39,2,7,55,Standard,North,1
1470,96,1,6,54,Premium,West,1
1471,73,4,3,44,Premium,East,1
1472,332,18,0,2,Premium,South,0
1473,126,4,7,55,Basic,North,1
1474,285,21,0,1,Basic,North,0
1475,165,6,4,40,Standard,West,1
1476,163,14,3,14,Basic,West,0
1477,209,12,1,23,Premium,East,0
1478,492,26,0,0,Basic,East,0
1479,161,1,5,58,Basic,South,1
1480,21,3,3,38,Basic,East,1
1481,101,4,6,48,Premium,West,1
1482,31,3,7,36,Basic,West,1
1483,151,17,3,24,Basic,West,1
1484,355,26,0,0,Standard,West,0
1485,165,9,3,48,Basic,East,1
1486,455,26,0,5,Basic,East,0
1487,406,21,1,1,Standard,East,0
1488,94,3,5,57,Basic,South,0
1489,39,9,3,57,Standard,West,1
1490,138,1,6,56,Standard,West,1
1491,117,5,7,50,Standard,South,1
1492,151,8,2,10,Basic,West,0
1493,48,3,4,49,Premium,West,1
1494,249,10,2,11,Premium,North,0
1495,390,24,1,2,Premium,West,0
1496,156,2,7,50,Basic,West,1
1497,379,19,0,4,Premium,West,0
1498,163,17,3,9,Basic,West,0
1499,90,6,5,32,Basic,South,1
1500,176,15,1,13,Basic,East,0
1501,68,1,6,21,Basic,South,1
1502,347,27,1,4,Basic,East,0
1503,299,19,2,18,Standard,East,0
1504,373,25,1,8,Basic,West,1
1505,364,21,1,8,Basic,North,0
1506,194,15,3,15,Premium,West,0
1507,46,3,4,48,Premium,South,1
1508,52,3,7,38,Basic,East,1
1509,35,7,4,51,Basic,West,1
1510,152,5,7,45,Premium,West,1
1511,32,1,5,42,Premium,West,1
1512,137,9,1,23,Premium,South,1
1513,280,17,1,24,Premium,East,0
1514,362,23,1,1,Premium,North,0
1515,165,9,6,29,Premium,East,0
1516,176,6,4,58,Standard,East,1
1517,391,23,0,6,Premium,East,0
1518,223,9,1,20,Basic,North,0
1519,387,22,0,10,Standard,East,0
1520,301,19,0,1,Basic,North,0
1521,153,10,2,10,Premium,North,0
1522,239,18,2,23,Basic,North,1
1523,396,20,1,6,Basic,East,0
1524,252,10,3,11,Premium,South,0
1525,340,29,0,1,Premium,South,0
1526,160,9,1,20,Basic,West,0
1527,143,10,2,11,Basic,West,1
1528,177,10,2,22,Basic,West,1
1529,161,16,3,23,Basic,North,1
1530,441,20,1,7,Standard,West,0
1531,50,3,4,48,Premium,West,1
1532,97,9,3,22,Standard,North,1
1533,265,16,2,8,Standard,North,0
1534,225,18,2,19,Standard,West,0
1535,36,8,4,22,Basic,North,1
1536,453,19,1,5,Basic,East,1
1537,88,9,7,30,Basic,South,1
1538,210,8,2,8,Standard,West,0
1539,134,7,3,21,Basic,North,1
1540,276,20,1,6,Premium,North,0
1541,77,5,6,40,Basic,West,1
1542,180,13,2,9,Premium,West,0
1543,145,13,1,10,Standard,East,0
1544,300,22,0,2,Standard,South,0
1545,272,16,3,10,Standard,North,0
1546,124,9,2,14,Premium,West,0
1547,294,13,3,12,Standard,North,0
1548,495,18,1,7,Basic,East,0
1549,265,19,1,11,Standard,West,0
1550,58,9,6,28,Standard,North,1
1551,464,19,0,11,Standard,East,0
1552,134,11,1,12,Standard,South,0
1553,418,27,1,1,Premium,West,0
1554,256,21,1,4,Standard,West,0
1555,135,10,2,21,Standard,South,1
1556,52,9,7,36,Basic,South,1
1557,261,11,2,14,Standard,West,0
1558,170,1,4,28,Premium,East,1
1559,136,10,3,13,Premium,South,0
1560,220,9,1,11,Basic,West,1
1561,337,22,0,10,Basic,West,0
1562,246,8,3,23,Standard,West,1
1563,265,25,1,11,Premium,East,0
1564,40,2,5,55,Premium,South,1
1565,151,16,2,9,Premium,West,0
1566,430,23,0,3,Premium,West,0
1567,174,8,1,13,Premium,South,0
1568,45,9,4,26,Standard,North,1
1569,371,25,0,9,Standard,East,0
1570,261,15,2,23,Standard,South,0
1571,210,16,3,21,Standard,East,0
1572,145,16,3,15,Basic,South,0
1573,355,23,0,4,Premium,South,0
1574,130,8,3,11,Premium,East,0
1575,266,19,3,18,Premium,North,0
1576,148,9,3,19,Premium,West,0
1577,134,11,2,13,Standard,South,0
1578,339,20,0,11,Premium,South,0
1579,142,8,7,30,Basic,East,1
1580,69,6,4,54,Standard,North,1
1581,258,19,3,14,Basic,West,0
1582,175,7,3,40,Premium,West,1
1583,34,3,7,51,Basic,North,1
1584,260,12,2,15,Basic,South,0
1585,134,3,7,40,Standard,West,1
1586,216,15,3,24,Standard,East,0
1587,62,2,5,31,Basic,East,1
1588,185,9,3,24,Premium,North,0
1589,471,29,1,11,Premium,East,0
1590,179,6,5,43,Basic,South,1
1591,101,8,7,43,Basic,East,1
1592,417,28,1,5,Basic,West,0
1593,137,19,1,18,Premium,West,0
1594,243,14,3,9,Premium,West,0
1595,483,20,1,9,Standard,East,0
1596,43,8,4,27,Premium,North,0
1597,219,12,1,24,Premium,East,0
1598,191,14,3,22,Basic,North,0
1599,56,2,6,58,Standard,South,1
1600,172,9,2,11,Premium,North,0
1601,357,26,0,5,Premium,East,0
1602,86,4,5,30,Basic,West,1
1603,126,14,1,14,Standard,South,0
1604,225,10,2,16,Premium,East,0
1605,459,26,1,9,Basic,South,0
1606,197,19,1,14,Standard,South,0
1607,329,28,1,9,Premium,North,0
1608,166,5,5,33,Basic,East,1
1609,257,10,2,10,Premium,West,0
1610,295,9,2,13,Premium,East,0
1611,287,19,1,9,Premium,East,0
1612,21,1,4,53,Basic,East,1
1613,449,22,1,11,Standard,East,0
1614,25,8,7,38,Basic,South,1
1615,20,4,3,59,Standard,East,1
1616,136,15,1,17,Standard,East,0
1617,369,24,0,1,Basic,East,1
1618,173,11,2,10,Premium,South,0
1619,432,25,1,5,Premium,South,0
1620,127,14,3,10,Basic,East,1
1621,57,8,7,46,Standard,South,0
1622,283,29,0,0,Standard,South,0
1623,129,4,7,28,Standard,South,1
1624,232,12,2,12,Basic,East,0
1625,234,16,1,8,Basic,North,0
1626,165,15,2,16,Basic,West,1
1627,158,9,3,44,Premium,West,1
1628,367,21,0,4,Premium,South,0
1629,175,15,1,11,Standard,South,0
1630,261,25,0,3,Premium,East,0
1631,484,24,1,3,Premium,North,0
1632,271,28,1,0,Premium,West,0
1633,222,19,3,14,Standard,South,1
1634,109,8,3,53,Standard,West,1
1635,138,4,3,43,Premium,West,1
1636,379,19,1,11,Standard,West,0
1637,472,25,0,0,Basic,West,1
1638,159,5,3,42,Basic,North,1
1639,361,28,0,6,Standard,North,0
1640,150,12,2,18,Basic,South,0
1641,390,29,0,8,Basic,South,0
1642,296,24,0,5,Basic,East,0
1643,81,7,7,41,Standard,North,1
1644,458,21,0,0,Basic,East,0
1645,291,29,1,10,Standard,East,0
1646,170,1,5,48,Basic,West,1
1647,35,1,5,27,Standard,East,1
1648,430,26,1,9,Basic,West,0
1649,95,7,3,34,Premium,East,1
1650,289,19,1,14,Basic,South,0
1651,25,4,5,53,Standard,North,1
1652,181,12,2,23,Basic,East,1
1653,345,27,1,5,Premium,West,0
1654,387,25,0,11,Premium,West,0
1655,189,18,1,16,Standard,West,1
1656,470,23,1,5,Standard,North,0
1657,242,11,3,21,Standard,South,1
1658,94,6,3,50,Premium,South,1
1659,291,9,2,14,Standard,North,0
1660,81,7,3,22,Premium,North,1
1661,461,19,0,11,Basic,West,0
1662,277,8,3,17,Standard,North,0
1663,395,29,0,10,Premium,West,0
1664,426,21,0,6,Basic,South,0
1665,30,6,5,53,Basic,East,1
1666,264,15,2,19,Premium,North,0
1667,38,3,4,38,Basic,West,1
1668,265,25,1,1,Standard,West,0
1669,420,24,1,0,Premium,North,0
1670,157,7,3,55,Premium,North,1
1671,365,25,0,8,Premium,North,0
1672,212,14,1,14,Standard,South,0
1673,30,9,6,54,Standard,West,1
1674,477,29,0,6,Premium,West,0
1675,478,24,1,0,Premium,North,0
1676,448,28,0,1,Basic,East,0
1677,176,18,2,14,Premium,East,0
1678,278,19,0,6,Standard,West,0
1679,330,22,1,11,Basic,West,1
1680,351,25,0,4,Basic,East,0
1681,80,7,3,58,Basic,North,1
1682,356,28,0,1,Standard,West,0
1683,189,8,1,12,Standard,West,0
1684,49,7,3,44,Standard,South,1
1685,234,13,2,17,Basic,North,0
1686,96,5,6,20,Basic,East,0
1687,150,18,1,21,Basic,West,1
1688,273,12,1,9,Basic,West,0
1689,382,21,1,5,Standard,South,0
1690,137,5,3,45,Premium,South,1
1691,461,18,1,7,Standard,North,0
1692,398,25,1,11,Premium,South,0
1693,150,9,5,52,Standard,East,1
1694,205,19,2,21,Premium,South,0
1695,160,1,7,45,Standard,South,1
1696,240,15,3,22,Basic,South,1
1697,232,10,3,21,Premium,East,0
1698,164,8,3,40,Basic,West,1
1699,333,28,0,8,Basic,North,0
1700,323,28,1,5,Basic,East,1
1701,162,14,3,20,Premium,East,0
1702,184,13,2,16,Basic,North,0
1703,144,8,5,43,Premium,North,0
1704,225,8,2,11,Premium,East,0
1705,415,28,1,9,Basic,South,0
1706,448,28,1,3,Basic,South,0
1707,390,19,0,9,Basic,North,0
1708,147,7,7,29,Premium,West,1
1709,34,3,5,50,Premium,South,1
1710,305,28,0,3,Standard,West,0
1711,66,9,4,26,Standard,North,1
1712,101,4,3,43,Premium,South,1
1713,103,2,5,45,Standard,South,1
1714,213,17,1,18,Basic,West,0
1715,369,18,0,1,Basic,North,0
1716,310,24,0,7,Standard,South,0
1717,389,23,1,1,Premium,North,0
1718,145,1,6,24,Premium,East,1
1719,437,24,0,7,Premium,South,0
1720,145,9,2,21,Standard,North,1
1721,194,10,3,18,Standard,South,0
1722,100,6,4,47,Premium,South,1
1723,250,11,2,17,Basic,East,0
1724,294,17,2,17,Standard,West,0
1725,364,18,1,9,Premium,South,0
1726,200,15,3,14,Basic,East,0
1727,156,6,4,20,Standard,East,1
1728,172,10,1,11,Basic,West,0
1729,399,19,1,9,Basic,West,1
1730,153,3,7,35,Standard,North,1
1731,156,14,3,12,Basic,South,0
1732,441,27,1,7,Standard,South,0
1733,280,9,2,22,Standard,East,0
1734,331,28,0,9,Standard,East,0
1735,151,5,6,32,Basic,East,1
1736,165,8,4,52,Premium,South,1
1737,47,3,3,58,Premium,South,1
1738,84,5,3,34,Premium,South,1
1739,88,9,4,41,Premium,East,1
1740,90,8,6,44,Basic,East,1
1741,383,24,1,8,Premium,West,0
1742,298,18,0,11,Standard,North,0
1743,280,19,0,9,Basic,West,1
1744,98,8,4,55,Premium,East,0
1745,147,11,2,23,Basic,South,0
1746,70,8,4,56,Standard,South,1
1747,101,7,4,20,Premium,East,1
1748,184,11,1,17,Basic,North,0
1749,153,19,2,23,Basic,South,1
1750,180,17,2,8,Premium,North,0
1751,382,18,1,6,Standard,East,0
1752,226,8,1,9,Standard,South,0
1753,388,29,1,2,Premium,East,0
1754,183,8,3,16,Premium,South,0
1755,398,28,1,4,Premium,East,0
1756,164,4,3,21,Basic,East,1
1757,381,21,1,9,Standard,South,0
1758,28,6,6,29,Standard,South,1
1759,93,6,4,21,Standard,South,1
1760,281,27,1,11,Premium,South,0
1761,321,19,0,4,Premium,North,0
1762,193,12,2,22,Standard,North,0
1763,258,12,3,17,Standard,East,0
1764,407,26,1,2,Standard,North,0
1765,187,13,2,11,Standard,West,0
1766,131,7,3,38,Premium,West,1
1767,89,9,5,26,Standard,North,0
1768,41,9,5,50,Basic,West,1
1769,418,21,0,8,Basic,East,0
1770,263,16,1,10,Basic,North,0
1771,280,22,1,5,Basic,West,0
1772,178,16,2,13,Standard,West,0
1773,141,5,3,20,Premium,North,0
1774,151,3,4,30,Basic,West,1
1775,159,1,5,21,Premium,West,1
1776,48,2,6,33,Basic,East,1
1777,303,27,1,9,Premium,North,0
1778,459,26,0,2,Standard,North,0
1779,155,3,5,41,Standard,North,1
1780,264,10,1,19,Premium,East,1
1781,258,11,3,22,Basic,West,1
1782,155,4,5,59,Standard,East,1
1783,343,29,1,10,Standard,North,0
1784,103,4,5,32,Basic,East,1
1785,23,9,7,45,Basic,West,1
1786,326,24,1,9,Basic,East,0
1787,132,5,4,29,Premium,South,1
1788,77,9,3,33,Premium,North,1
1789,203,8,1,20,Premium,West,0
1790,166,9,1,18,Basic,North,0
1791,22,4,5,52,Standard,North,1
1792,195,9,3,21,Standard,South,1
1793,64,7,6,57,Basic,East,1
1794,291,18,1,9,Standard,North,0
1795,52,8,3,28,Premium,West,1
1796,336,22,0,8,Premium,North,0
1797,295,11,1,22,Basic,North,0
1798,380,23,1,3,Basic,West,0
1799,124,2,5,29,Standard,East,1
1800,130,1,5,46,Basic,South,1
1801,252,14,3,22,Basic,West,1
1802,350,24,1,3,Premium,West,0
1803,322,27,0,6,Premium,South,0
1804,142,14,3,23,Standard,South,1
1805,175,3,6,36,Standard,North,1
1806,265,10,1,20,Basic,North,0
1807,128,4,3,43,Standard,South,1
1808,147,9,4,55,Premium,South,1
1809,482,29,0,11,Premium,West,0
1810,343,29,1,4,Basic,West,1
1811,44,5,3,30,Basic,East,1
1812,145,2,3,54,Premium,West,1
1813,33,1,3,44,Basic,West,1
1814,318,22,0,2,Premium,East,0
1815,258,23,1,1,Standard,West,0
1816,149,1,4,44,Basic,East,1
1817,209,19,2,22,Premium,South,0
1818,102,8,4,21,Standard,South,0
1819,118,7,3,27,Basic,South,1
1820,187,12,2,8,Standard,East,0
1821,182,8,1,24,Basic,North,0
1822,179,4,7,21,Standard,South,1
1823,171,8,5,41,Premium,East,0
1824,290,28,1,8,Basic,West,1
1825,277,18,0,11,Premium,West,0
1826,478,19,0,5,Standard,South,0
1827,89,8,6,33,Premium,North,1
1828,323,23,1,6,Standard,North,0
1829,259,27,1,6,Standard,North,0
1830,56,7,5,34,Premium,East,1
1831,120,8,6,23,Standard,East,1
1832,125,7,7,59,Premium,South,1
1833,171,3,4,45,Standard,West,1
1834,265,23,0,8,Basic,South,0
1835,126,2,4,45,Premium,North,1
1836,279,24,0,5,Premium,South,0
1837,306,26,0,6,Premium,North,0
1838,150,3,3,40,Standard,West,1
1839,299,9,1,10,Standard,West,0
1840,115,6,7,40,Premium,West,1
1841,299,10,1,9,Basic,South,0
1842,327,20,0,5,Premium,West,0
1843,350,21,1,5,Premium,West,0
1844,211,14,3,16,Basic,East,0
1845,172,15,3,13,Basic,West,1
1846,207,18,3,20,Basic,South,1
1847,239,9,2,24,Basic,South,1
1848,486,28,0,3,Basic,South,0
1849,86,2,3,44,Basic,West,1
1850,145,15,3,8,Premium,North,0
1851,352,20,0,3,Premium,South,0
1852,170,15,2,22,Standard,West,0
1853,257,13,2,24,Premium,North,1
1854,49,5,5,50,Basic,East,1
1855,480,25,1,8,Premium,South,0
1856,128,8,3,55,Premium,West,0
1857,318,26,0,3,Premium,South,0
1858,66,9,7,30,Standard,North,1
1859,339,23,1,7,Premium,North,0
1860,23,1,4,35,Standard,North,1
1861,352,29,1,8,Premium,South,0
1862,275,19,1,10,Premium,East,0
1863,33,9,4,43,Standard,North,1
1864,489,24,1,1,Premium,North,0
1865,414,23,1,10,Basic,West,0
1866,45,1,6,48,Premium,West,1
1867,69,6,5,29,Premium,East,1
1868,100,4,4,40,Standard,North,1
1869,158,6,3,25,Basic,West,0
1870,75,6,7,46,Premium,West,1
1871,455,27,0,9,Basic,West,1
1872,83,7,4,29,Premium,East,1
1873,407,22,1,0,Basic,South,1
1874,152,13,1,20,Basic,South,0
1875,280,12,3,16,Basic,East,0
1876,426,25,0,7,Premium,East,0
1877,88,8,3,20,Basic,East,1
1878,279,17,2,10,Premium,East,0
1879,309,28,0,1,Premium,South,0
1880,264,19,2,11,Basic,South,0
1881,298,29,1,3,Standard,West,0
1882,162,16,2,11,Premium,West,0
1883,286,27,0,0,Basic,East,0
1884,496,21,1,7,Basic,North,1
1885,137,2,3,43,Standard,West,1
1886,164,9,6,34,Standard,West,0
1887,46,6,4,50,Basic,East,1
1888,295,26,0,2,Standard,North,0
1889,295,22,1,6,Basic,South,1
1890,71,7,3,50,Premium,East,1
1891,55,6,3,30,Premium,West,1
1892,124,6,7,46,Premium,West,1
1893,362,20,1,4,Basic,North,0
1894,166,1,7,45,Basic,East,1
1895,307,25,1,0,Standard,South,0
1896,420,22,1,0,Standard,South,0
1897,334,26,0,10,Standard,West,0
1898,263,18,2,17,Standard,North,0
1899,145,9,3,58,Basic,South,1
1900,177,4,7,38,Standard,North,1
1901,73,8,4,42,Premium,West,1
1902,150,8,2,23,Premium,East,0
1903,147,7,7,33,Standard,West,1
1904,356,20,0,10,Premium,North,0
1905,126,1,3,36,Standard,North,1
1906,142,13,2,12,Premium,North,0
1907,178,11,3,24,Premium,North,0
1908,445,24,0,11,Premium,West,0
1909,140,11,2,18,Standard,South,0
1910,132,8,7,23,Premium,South,1
1911,135,3,7,23,Standard,South,1
1912,357,20,1,9,Premium,East,0
1913,137,8,3,19,Premium,North,1
1914,316,22,0,8,Basic,West,0
1915,241,17,1,21,Basic,East,1
1916,280,13,3,16,Standard,North,0
1917,140,12,3,16,Premium,East,0
1918,287,25,0,8,Basic,North,0
1919,496,29,0,0,Standard,North,1
1920,495,20,1,0,Basic,West,1
1921,232,16,3,21,Basic,East,1
1922,346,23,0,11,Basic,South,0
1923,351,24,0,0,Basic,North,0
1924,278,16,2,8,Basic,South,0
1925,157,8,4,50,Basic,East,0
1926,133,4,4,47,Premium,West,1
1927,358,18,1,0,Basic,North,0
1928,239,10,1,14,Premium,North,0
1929,270,19,2,14,Standard,East,0
1930,132,8,6,23,Standard,North,1
1931,140,5,4,45,Basic,South,1
1932,288,23,1,9,Standard,North,0
1933,139,12,1,17,Premium,North,0
1934,192,10,3,16,Premium,South,0
1935,35,8,4,33,Premium,South,1
1936,171,9,7,21,Basic,South,1
1937,146,5,5,44,Basic,South,1
1938,452,18,1,4,Premium,East,0
1939,91,5,3,44,Basic,West,1
1940,251,20,1,3,Basic,North,1
1941,483,23,0,11,Basic,West,0
1942,445,21,0,6,Basic,North,1
1943,403,25,1,7,Standard,West,0
1944,414,26,0,10,Premium,East,0
1945,105,8,5,56,Standard,North,1
1946,52,7,7,31,Premium,North,1
1947,321,26,1,11,Basic,North,0
1948,138,11,2,8,Basic,South,1
1949,83,4,5,47,Premium,South,1
1950,99,4,3,38,Basic,West,1
1951,258,26,0,10,Standard,West,0
1952,64,8,4,52,Premium,East,0
1953,25,9,7,35,Basic,South,1
1954,101,1,5,27,Standard,East,0
1955,274,27,0,6,Standard,West,0
1956,201,9,1,8,Premium,East,0
1957,144,9,3,26,Premium,West,1
1958,82,9,5,35,Standard,West,1
1959,163,1,7,46,Premium,West,1
1960,191,15,1,19,Basic,North,0
1961,152,16,2,19,Standard,East,0
1962,297,14,3,11,Basic,South,0
1963,75,2,5,24,Standard,West,1
1964,142,14,2,20,Basic,West,0
1965,174,6,4,44,Basic,East,1
1966,60,2,7,41,Premium,East,1
1967,464,23,1,0,Premium,South,0
1968,251,25,1,4,Basic,South,1
1969,290,15,3,8,Standard,West,0
1970,23,5,7,50,Standard,South,1
1971,142,7,7,24,Premium,North,1
1972,92,6,3,38,Standard,East,1
1973,315,27,1,4,Standard,West,0
1974,96,8,5,37,Premium,North,1
1975,403,27,0,0,Basic,North,1
1976,196,8,3,15,Basic,East,1
1977,282,15,3,14,Standard,East,0
1978,420,18,1,5,Basic,North,0
1979,276,17,1,10,Standard,West,0
1980,392,18,0,10,Premium,North,0
1981,109,4,3,39,Premium,South,1
1982,124,12,2,21,Premium,South,1
1983,202,13,2,16,Premium,West,0
1984,179,13,2,23,Standard,North,0
1985,142,18,2,9,Standard,East,0
1986,96,3,4,38,Standard,West,1
1987,409,23,1,1,Standard,South,0
1988,167,14,3,24,Premium,East,1
1989,356,29,1,5,Premium,West,0
1990,256,17,2,23,Standard,South,1
1991,494,22,1,10,Standard,East,0
1992,321,25,1,11,Standard,South,0
1993,239,10,2,16,Premium,North,0
1994,365,29,0,1,Premium,West,0
1995,95,9,6,47,Standard,East,1
1996,419,23,0,1,Standard,South,0
1997,235,15,1,18,Standard,North,0
1998,76,7,3,51,Standard,North,1
1999,32,7,7,41,Standard,West,1
2000,167,12,2,10,Standard,West,0
2001,460,22,0,2,Basic,South,0
2002,157,2,6,44,Premium,South,1
2003,59,7,5,41,Basic,South,1
2004,40,1,5,38,Basic,West,1
2005,52,4,4,22,Basic,West,1
2006,482,20,1,5,Basic,North,1
2007,306,29,0,0,Premium,South,0
2008,143,12,1,17,Basic,West,0
2009,95,5,7,50,Basic,West,1
2010,149,9,3,10,Premium,North,0
2011,480,18,0,11,Basic,West,0
2012,75,5,5,21,Basic,South,1
2013,226,9,1,9,Standard,South,0
2014,225,13,1,10,Standard,South,0
2015,284,28,0,11,Standard,North,0
2016,274,21,1,3,Premium,East,0
2017,20,3,7,41,Premium,North,1
2018,264,16,2,10,Premium,North,0
2019,62,2,7,35,Standard,North,1
2020,294,21,0,9,Standard,North,0
2021,134,19,3,18,Premium,North,0
2022,131,7,7,59,Basic,East,1
2023,126,7,4,50,Premium,East,1
2024,374,25,1,8,Basic,East,0
2025,281,29,1,1,Basic,North,0
2026,146,9,4,27,Basic,West,1
2027,384,26,1,2,Basic,West,0
2028,456,19,1,3,Basic,North,0
2029,153,6,4,30,Premium,North,0
2030,465,29,0,5,Premium,South,0
2031,126,2,7,46,Standard,West,1
2032,365,23,0,11,Premium,West,0
2033,221,16,3,10,Premium,South,0
2034,300,20,0,6,Standard,West,0
2035,291,8,3,23,Basic,West,1
2036,111,8,5,22,Standard,West,1
2037,154,1,3,51,Basic,South,1
2038,275,24,0,10,Basic,East,0
2039,221,8,3,19,Standard,West,1
2040,137,4,5,36,Premium,South,1
2041,248,9,3,22,Standard,South,0
2042,261,11,1,20,Basic,North,1
2043,328,23,0,6,Premium,East,0
2044,454,23,0,7,Standard,South,0
2045,129,13,1,16,Standard,South,0
2046,490,25,1,11,Basic,West,0
2047,304,20,0,1,Standard,West,1
2048,384,27,0,7,Premium,South,0
2049,121,2,6,26,Premium,West,1
2050,499,24,1,7,Premium,South,0
2051,87,5,7,49,Premium,South,1
2052,273,12,3,10,Premium,North,0
2053,162,14,1,24,Basic,West,1
2054,60,6,7,48,Standard,West,1
2055,274,15,2,20,Standard,South,0
2056,412,23,1,8,Basic,West,0
2057,398,29,0,1,Premium,North,0
2058,250,10,3,17,Premium,South,0
2059,266,27,1,8,Standard,West,0
2060,299,11,1,9,Basic,South,0
2061,174,2,3,33,Basic,East,1
2062,390,21,0,11,Premium,North,0
2063,153,6,4,40,Basic,East,1
2064,142,10,2,16,Basic,North,0
2065,293,9,1,15,Basic,East,1
2066,158,2,5,48,Premium,East,1
2067,270,20,1,7,Premium,North,0
2068,29,7,3,20,Basic,South,1
2069,363,27,0,2,Basic,South,0
2070,81,5,5,20,Standard,South,1
2071,242,13,1,19,Basic,East,0
2072,341,18,0,5,Premium,North,0
2073,152,9,6,58,Premium,East,1
2074,299,11,2,22,Basic,West,0
2075,124,2,5,26,Premium,West,1
2076,264,11,2,9,Standard,South,0
2077,410,27,1,6,Premium,North,0
2078,435,19,1,9,Basic,West,0
2079,212,16,3,24,Premium,East,1
2080,133,4,3,35,Basic,West,1
2081,70,1,4,35,Premium,South,1
2082,269,11,2,13,Standard,West,0
2083,337,20,1,9,Premium,East,0
2084,440,18,1,10,Premium,South,0
2085,95,9,5,23,Standard,North,1
2086,387,20,0,9,Standard,West,0
2087,109,5,4,33,Basic,West,1
2088,431,28,1,0,Premium,South,0
2089,87,3,4,58,Basic,South,1
2090,166,6,3,37,Premium,West,1
2091,204,18,3,16,Premium,South,0
2092,177,9,7,55,Premium,South,1
2093,256,19,2,13,Premium,North,1
2094,446,21,1,5,Premium,East,0
2095,317,26,0,5,Standard,North,0
2096,457,27,0,9,Basic,East,0
2097,259,23,1,0,Standard,East,0
2098,242,15,3,22,Premium,North,0
2099,170,9,1,11,Standard,East,0
2100,67,8,5,54,Premium,North,1
2101,413,23,0,10,Premium,North,0
2102,214,8,1,24,Standard,North,0
2103,222,13,3,10,Basic,North,1
2104,84,4,6,37,Premium,North,1
2105,266,14,3,13,Premium,West,1
2106,474,20,0,4,Standard,South,0
2107,294,14,1,18,Basic,South,0
2108,136,8,6,52,Premium,East,1
2109,136,17,2,13,Basic,East,0
2110,56,2,4,35,Standard,North,1
2111,454,25,1,10,Premium,West,0
2112,372,20,0,1,Standard,South,0
2113,209,8,1,9,Premium,North,0
2114,247,11,3,23,Basic,East,0
2115,261,18,1,3,Basic,North,0
2116,141,5,4,53,Basic,South,1
2117,154,8,2,10,Premium,West,0
2118,178,18,3,13,Premium,North,0
2119,107,5,3,48,Premium,South,1
2120,215,12,3,12,Standard,West,0
2121,335,19,0,0,Basic,East,0
2122,143,9,1,22,Standard,South,1
2123,286,22,0,2,Premium,North,0
2124,299,14,2,11,Standard,South,0
2125,173,8,3,59,Premium,East,0
2126,127,12,2,19,Premium,South,0
2127,357,20,0,9,Standard,West,0
2128,267,12,1,14,Standard,North,0
2129,241,18,3,17,Standard,West,1
2130,119,3,3,28,Standard,South,1
2131,28,7,5,58,Basic,North,1
2132,158,5,4,39,Premium,North,1
2133,341,25,0,4,Basic,North,0
2134,259,17,3,15,Basic,West,1
2135,297,16,1,14,Premium,South,0
2136,247,13,3,12,Standard,East,0
2137,163,13,2,23,Basic,South,1
2138,444,24,1,10,Standard,West,0
2139,390,27,1,2,Premium,East,0
2140,206,10,3,19,Standard,West,0
2141,71,7,3,43,Standard,East,1
2142,129,5,7,38,Standard,West,1
2143,271,19,1,11,Basic,West,1
2144,181,13,1,21,Premium,East,0
2145,419,19,0,3,Basic,East,1
2146,136,9,1,18,Standard,West,0
2147,136,1,6,27,Premium,South,1
2148,227,12,2,23,Basic,East,0
2149,192,17,1,19,Basic,West,1
2150,396,28,0,4,Basic,West,0
2151,178,16,1,23,Premium,East,0
2152,253,12,1,11,Premium,North,0
2153,415,26,1,0,Basic,East,0
2154,298,8,1,22,Basic,West,1
2155,277,9,2,18,Standard,South,0
2156,476,24,1,2,Premium,West,0
2157,164,15,3,19,Standard,South,1
2158,178,6,6,47,Premium,West,1
2159,44,3,7,25,Standard,South,1
2160,202,11,3,16,Standard,East,0
2161,283,13,3,23,Basic,West,1
2162,430,23,1,6,Premium,North,0
2163,33,7,7,25,Standard,West,0
2164,302,19,0,11,Basic,North,0
2165,248,11,3,19,Standard,South,0
2166,464,28,1,9,Basic,East,0
2167,257,28,1,8,Standard,East,0
2168,446,21,1,11,Basic,East,0
2169,130,6,5,55,Basic,North,1
2170,242,12,1,23,Basic,North,0
2171,130,12,1,15,Standard,North,0
2172,147,10,3,22,Basic,North,1
2173,46,5,7,47,Basic,South,1
2174,63,1,3,35,Basic,North,1
2175,107,1,5,32,Premium,North,1
2176,75,9,4,54,Basic,West,1
2177,163,8,7,42,Standard,East,1
2178,159,8,2,21,Premium,East,1
2179,172,14,3,22,Premium,West,0
2180,253,14,1,19,Basic,East,0
2181,261,21,0,7,Premium,West,0
2182,41,1,4,58,Basic,East,1
2183,64,9,6,32,Standard,South,0
2184,220,14,1,16,Basic,West,0
2185,325,21,1,7,Basic,South,1
2186,145,1,6,53,Basic,South,1
2187,140,8,3,8,Standard,East,0
2188,485,20,0,5,Standard,North,1
2189,142,6,7,36,Premium,South,1
2190,169,8,7,36,Basic,East,1
2191,158,8,4,58,Standard,East,1
2192,297,26,0,1,Basic,East,0
2193,134,12,1,19,Premium,West,0
2194,156,13,3,17,Premium,North,0
2195,450,28,1,4,Basic,South,0
2196,481,26,0,4,Basic,North,0
2197,292,26,0,8,Premium,North,0
2198,341,21,0,3,Standard,North,0
2199,346,25,1,4,Basic,West,0
2200,337,28,1,6,Premium,North,0
2201,457,21,0,6,Premium,South,0
2202,291,18,2,24,Standard,North,0
2203,133,17,3,17,Premium,East,0
2204,146,14,1,16,Basic,West,0
2205,182,16,1,18,Standard,North,0
2206,136,4,7,24,Premium,West,1
2207,482,29,1,8,Basic,West,0
2208,251,9,2,10,Basic,West,1
2209,162,12,2,19,Basic,East,0
2210,175,2,5,22,Premium,West,1
2211,168,8,3,9,Premium,South,0
2212,88,3,5,47,Basic,East,0
2213,23,8,7,30,Premium,North,1
2214,28,1,3,22,Premium,West,0
2215,278,17,3,17,Basic,West,1
2216,83,6,5,29,Standard,West,1
2217,66,7,7,20,Premium,East,1
2218,396,25,1,11,Basic,East,0
2219,148,12,1,8,Basic,North,1
2220,22,3,4,53,Basic,West,1
2221,108,7,5,41,Basic,West,1
2222,415,20,0,2,Premium,West,0
2223,162,8,7,51,Standard,South,1
2224,262,26,0,0,Standard,East,0
2225,56,7,3,31,Premium,North,1
2226,163,10,2,19,Standard,East,0
2227,44,4,6,45,Standard,South,1
2228,358,19,0,2,Basic,East,0
2229,127,17,3,13,Standard,West,0
2230,106,7,4,38,Premium,West,1
2231,259,21,0,1,Premium,West,0
2232,304,27,0,11,Basic,North,0
2233,266,12,3,20,Basic,West,1
2234,258,8,2,11,Basic,South,0
2235,238,12,3,9,Basic,North,0
2236,419,25,0,11,Standard,East,0
2237,275,17,2,24,Basic,South,0
2238,95,3,3,47,Standard,West,1
2239,105,6,3,52,Premium,East,1
2240,284,18,3,18,Basic,North,1
2241,475,29,1,1,Basic,East,0
2242,236,10,2,15,Standard,South,0
2243,163,19,1,23,Standard,North,0
2244,330,25,0,1,Basic,North,0
2245,474,29,1,11,Standard,West,0
2246,296,11,2,18,Standard,East,0
2247,93,8,6,27,Basic,West,1
2248,197,19,2,18,Standard,West,0
2249,130,3,4,31,Basic,West,1
2250,301,21,0,4,Premium,East,0
2251,424,20,1,11,Basic,North,0
2252,97,6,4,22,Standard,North,1
2253,239,16,2,23,Premium,North,0
2254,40,9,6,45,Basic,West,1
2255,398,18,0,4,Basic,South,0
2256,264,12,3,14,Standard,West,0
2257,205,19,3,13,Basic,West,0
2258,109,5,3,59,Basic,West,1
2259,440,27,1,3,Premium,West,0
2260,72,3,7,54,Premium,South,1
2261,215,17,1,23,Premium,South,0
2262,121,4,6,21,Standard,East,1
2263,20,3,6,59,Basic,West,1
2264,122,2,6,33,Premium,West,1
2265,159,9,1,14,Basic,South,0
2266,404,29,0,0,Standard,West,0
2267,230,11,3,23,Standard,North,0
2268,470,25,1,5,Standard,West,0
2269,223,14,2,13,Standard,East,0
2270,151,13,1,19,Premium,North,0
2271,81,2,7,58,Basic,West,1
2272,96,5,7,32,Premium,South,1
2273,244,16,2,11,Standard,East,0
2274,38,2,3,51,Premium,South,1
2275,286,18,1,6,Premium,South,0
2276,207,19,2,21,Premium,South,1
2277,284,10,3,21,Premium,North,0
2278,448,28,1,9,Standard,North,0
2279,237,19,2,18,Premium,West,0
2280,182,15,3,10,Basic,North,1
2281,325,19,0,6,Standard,East,1
2282,78,1,7,44,Premium,West,1
2283,98,8,6,44,Premium,South,1
2284,305,21,1,1,Standard,West,0
2285,305,29,0,3,Standard,East,0
2286,354,25,1,0,Basic,West,0
2287,74,9,4,32,Basic,South,1
2288,151,4,4,33,Basic,West,1
2289,155,9,4,21,Premium,West,0
2290,133,13,2,15,Premium,South,0
2291,100,9,7,51,Premium,South,1
2292,132,10,1,12,Premium,East,0
2293,498,23,0,0,Basic,North,0
2294,261,13,1,18,Standard,North,0
2295,349,24,1,5,Premium,East,0
2296,147,2,6,59,Premium,South,1
2297,127,15,1,9,Basic,East,1
2298,477,29,0,2,Standard,West,0
2299,336,25,0,6,Premium,West,0
2300,382,29,1,3,Premium,East,0
2301,311,24,1,1,Basic,South,0
2302,286,21,1,9,Premium,West,0
2303,106,6,6,34,Basic,East,1
2304,226,17,1,24,Premium,South,0
2305,285,13,3,24,Standard,North,1
2306,34,1,7,39,Premium,North,1
2307,485,21,1,5,Basic,North,0
2308,385,29,0,10,Premium,East,0
2309,369,27,0,11,Basic,East,0
2310,327,20,1,1,Basic,East,0
2311,148,3,7,23,Standard,South,1
2312,265,29,0,4,Premium,West,0
2313,287,11,2,12,Standard,West,0
2314,80,1,3,34,Standard,West,1
2315,136,8,1,16,Premium,North,0
2316,464,18,1,7,Premium,East,0
2317,176,10,1,8,Standard,West,0
2318,174,6,5,25,Premium,North,1
2319,129,3,4,38,Premium,West,1
2320,206,11,3,17,Standard,West,1
2321,81,7,7,26,Standard,South,1
2322,45,6,5,28,Standard,South,0
2323,125,2,3,41,Basic,South,1
2324,29,1,7,41,Basic,East,1
2325,28,3,4,40,Premium,North,1
2326,219,17,2,15,Standard,West,0
2327,226,9,2,21,Standard,South,1
2328,262,8,1,13,Basic,East,0
2329,65,7,5,58,Standard,West,1
2330,199,15,3,13,Premium,South,0
2331,260,19,3,16,Basic,North,1
2332,176,5,5,41,Standard,South,1
2333,401,24,1,11,Standard,South,0
2334,116,9,7,42,Premium,North,1
2335,422,19,0,0,Basic,West,0
2336,152,9,7,24,Standard,East,1
2337,140,15,2,17,Basic,East,1
2338,230,12,1,11,Standard,West,0
2339,319,29,0,2,Standard,West,0
2340,400,23,1,1,Basic,East,1
2341,358,18,1,4,Premium,East,0
2342,79,7,4,48,Premium,South,1
2343,294,10,1,23,Standard,East,0
2344,293,20,0,7,Premium,North,0
2345,166,9,1,24,Basic,West,1
2346,179,1,7,30,Basic,West,1
2347,109,8,6,36,Premium,West,1
2348,382,29,0,3,Premium,South,0
2349,405,18,0,9,Basic,South,0
2350,297,28,1,7,Standard,North,0
2351,125,5,4,40,Standard,East,1
2352,250,15,3,16,Basic,South,0
2353,121,9,3,24,Premium,South,0
2354,411,27,1,0,Standard,South,0
2355,485,28,0,9,Standard,East,0
2356,466,18,1,4,Standard,East,0
2357,165,3,3,54,Premium,North,1
2358,458,28,0,7,Premium,East,0
2359,302,21,0,4,Premium,North,0
2360,181,18,1,12,Standard,South,0
2361,284,17,3,23,Standard,West,1
2362,295,10,1,16,Premium,South,0
2363,367,27,0,7,Basic,North,0
2364,81,8,5,32,Standard,North,0
2365,96,1,3,23,Basic,West,1
2366,29,9,5,31,Standard,West,1
2367,425,20,1,0,Basic,North,0
2368,262,14,2,23,Basic,East,1
2369,232,12,2,10,Premium,South,0
2370,268,20,1,5,Premium,South,0
2371,160,3,5,51,Standard,West,1
2372,479,25,0,2,Standard,West,0
2373,228,19,2,17,Standard,West,0
2374,52,8,6,38,Premium,South,1
2375,130,13,3,16,Basic,North,0
2376,22,3,6,47,Basic,East,1
2377,126,8,6,30,Standard,North,1
2378,404,22,1,1,Premium,North,0
2379,284,23,1,4,Standard,East,0
2380,278,19,1,21,Standard,East,0
2381,33,9,5,59,Standard,West,1
2382,42,3,4,39,Basic,East,1
2383,146,16,2,22,Premium,South,0
2384,29,8,3,38,Basic,North,1
2385,252,12,2,21,Standard,South,0
2386,91,5,7,23,Premium,North,1
2387,497,18,0,3,Premium,South,0
2388,342,21,1,4,Basic,East,0
2389,370,27,0,3,Standard,East,0
2390,123,19,2,11,Standard,East,0
2391,390,19,0,4,Basic,West,0
2392,495,26,0,5,Premium,East,0
2393,297,29,1,0,Basic,North,0
2394,178,5,5,46,Premium,South,1
2395,350,27,1,11,Standard,North,0
2396,256,28,1,4,Standard,North,0
2397,388,18,0,9,Premium,North,0
2398,182,8,3,20,Standard,West,0
2399,165,6,4,24,Premium,East,1
2400,468,23,0,5,Standard,West,0
2401,169,13,3,22,Basic,South,1
2402,280,18,3,12,Premium,South,0
2403,115,5,4,25,Basic,West,1
2404,381,25,0,10,Premium,East,0
2405,250,17,3,11,Premium,West,0
2406,176,12,2,23,Premium,West,0
2407,223,14,1,16,Basic,East,1
2408,227,13,2,24,Premium,South,0
2409,416,20,0,5,Premium,North,0
2410,273,29,1,2,Premium,East,0
2411,185,12,2,23,Premium,East,0
2412,161,15,1,19,Standard,East,0
2413,275,29,0,2,Basic,North,0
2414,219,8,3,16,Basic,South,0
2415,314,24,1,6,Premium,East,0
2416,199,10,1,17,Premium,North,0
2417,220,14,1,14,Basic,West,0
2418,174,6,3,23,Basic,West,1
2419,295,10,2,10,Basic,South,0
2420,405,18,0,9,Premium,East,0
2421,343,18,0,3,Standard,South,0
2422,108,6,3,39,Standard,East,1
2423,483,24,0,2,Standard,East,0
2424,113,6,7,26,Basic,South,1
2425,246,8,1,23,Standard,North,0
2426,152,2,6,58,Standard,East,1
2427,173,8,1,12,Standard,West,0
2428,367,23,1,5,Basic,West,0
2429,327,24,1,3,Standard,South,0
2430,63,9,4,33,Basic,East,1
2431,55,8,5,29,Basic,South,1
2432,270,28,0,0,Premium,East,0
2433,268,11,1,11,Basic,West,0
2434,381,18,0,2,Basic,West,0
2435,318,24,1,5,Standard,North,0
2436,167,8,3,13,Standard,South,0
2437,382,24,0,0,Premium,North,0
2438,64,3,6,29,Standard,East,0
2439,167,10,2,22,Premium,West,0
2440,448,21,1,4,Premium,East,0
2441,139,15,3,12,Basic,West,0
2442,58,6,4,58,Basic,West,1
2443,287,12,3,23,Premium,East,1
2444,458,22,1,5,Basic,North,0
2445,327,19,0,5,Standard,West,0
2446,293,28,0,1,Premium,South,0
2447,458,28,1,9,Standard,West,0
2448,135,7,5,45,Basic,West,1
2449,453,29,1,1,Standard,South,1
2450,76,2,4,48,Basic,North,1
2451,295,8,3,18,Premium,East,0
2452,258,24,1,2,Basic,South,0
2453,413,24,0,11,Premium,East,0
2454,459,29,0,4,Premium,South,0
2455,105,8,5,20,Premium,East,1
2456,165,2,4,24,Premium,West,1
2457,419,21,1,9,Basic,West,0
2458,334,27,0,3,Premium,West,0
2459,278,19,1,19,Standard,East,0
2460,273,17,1,22,Standard,East,0
2461,260,24,1,0,Premium,West,0
2462,265,23,1,9,Premium,West,0
2463,149,17,3,23,Basic,West,1
2464,290,28,0,1,Premium,South,0
2465,79,8,5,23,Standard,East,1
2466,289,27,1,7,Standard,West,0
2467,137,8,2,20,Basic,West,0
2468,49,5,4,32,Standard,West,1
2469,58,8,7,53,Standard,East,1
2470,288,12,3,11,Basic,East,0
2471,241,14,2,15,Standard,North,0
2472,337,22,1,6,Standard,East,0
2473,281,8,1,13,Premium,South,0
2474,273,24,1,4,Basic,North,0
2475,134,9,7,56,Premium,North,1
2476,38,6,3,23,Basic,West,1
2477,38,5,4,34,Basic,South,1
2478,64,7,4,22,Premium,North,1
2479,285,17,3,15,Basic,South,0
2480,43,8,3,59,Premium,East,1
2481,170,6,4,40,Premium,East,1
2482,154,8,1,14,Premium,South,0
2483,42,1,6,29,Basic,East,1
2484,43,5,6,58,Basic,North,1
2485,85,6,7,28,Premium,East,1
2486,150,9,3,33,Basic,East,0
2487,63,1,6,41,Standard,East,1
2488,332,23,0,2,Basic,West,0
2489,45,6,7,55,Standard,East,1
2490,127,7,6,50,Premium,South,1
2491,100,4,3,33,Standard,North,1
2492,32,3,4,45,Premium,East,1
2493,294,10,1,24,Premium,East,0
2494,444,19,1,4,Basic,East,0
2495,428,25,1,3,Standard,West,0
2496,20,8,3,26,Basic,West,1
2497,301,25,0,10,Standard,West,0
2498,335,29,0,9,Premium,South,0
2499,487,19,1,8,Standard,South,0
2500,247,15,2,20,Premium,West,0
2501,125,12,3,11,Premium,West,0
2502,144,18,2,20,Basic,West,0
2503,169,12,2,12,Basic,North,1
2504,207,15,1,13,Standard,East,0
2505,219,19,3,10,Basic,East,1
2506,441,22,1,2,Basic,West,0
2507,464,28,0,8,Standard,East,0
2508,375,25,1,3,Standard,West,0
2509,99,6,7,26,Premium,East,1
2510,151,2,5,22,Premium,North,1
2511,181,8,1,23,Basic,East,1
2512,78,7,3,31,Standard,East,1
2513,162,2,5,30,Standard,East,1
2514,253,12,3,10,Standard,North,0
2515,132,2,3,38,Basic,North,1
2516,59,7,6,55,Standard,North,1
2517,421,26,1,3,Standard,West,1
2518,111,2,6,55,Standard,East,1
2519,151,8,1,16,Standard,North,0
2520,85,9,6,57,Standard,East,1
2521,498,22,0,2,Basic,North,1
2522,327,26,1,7,Standard,South,0
2523,144,17,3,14,Basic,North,1
2524,162,16,2,15,Standard,East,0
2525,247,17,1,14,Standard,North,0
2526,316,27,1,9,Premium,West,0
2527,215,17,1,23,Premium,West,1
2528,276,11,3,19,Standard,East,0
2529,149,8,6,20,Basic,West,1
2530,271,22,1,0,Basic,North,0
2531,205,10,3,21,Basic,North,1
2532,182,19,1,24,Basic,East,0
2533,190,16,2,19,Standard,West,0
2534,166,13,1,21,Premium,North,0
2535,146,7,7,56,Basic,East,1
2536,482,23,1,9,Basic,North,0
2537,56,5,7,32,Standard,South,1
2538,111,2,3,38,Standard,East,1
2539,144,19,2,18,Basic,East,1
2540,177,1,4,57,Standard,North,1
2541,318,25,0,9,Standard,East,0
2542,82,7,7,31,Basic,West,1
2543,267,28,1,1,Premium,West,0
2544,35,9,4,47,Premium,East,1
2545,283,16,3,21,Premium,West,0
2546,141,9,5,35,Basic,West,1
2547,175,14,1,23,Basic,East,0
2548,277,16,2,9,Standard,East,0
2549,357,18,1,10,Premium,South,0
2550,297,22,0,7,Standard,South,0
2551,210,10,2,22,Premium,East,0
2552,167,11,1,8,Standard,South,1
2553,459,24,1,6,Standard,South,0
2554,149,16,1,23,Premium,North,1
2555,294,18,1,7,Premium,East,0
2556,262,25,1,7,Standard,East,0
2557,431,19,1,1,Premium,North,0
2558,360,27,0,9,Basic,South,0
2559,341,25,1,10,Premium,South,0
2560,438,24,0,8,Basic,North,0
2561,201,8,3,13,Basic,West,1
2562,143,13,1,20,Premium,West,0
2563,180,12,2,18,Standard,East,0
2564,78,2,3,56,Standard,South,1
2565,217,10,2,11,Basic,North,0
2566,111,6,3,38,Standard,South,1
2567,412,24,0,2,Standard,South,0
2568,161,13,1,24,Standard,West,0
2569,169,16,1,15,Standard,North,0
2570,215,11,2,12,Standard,South,0
2571,274,18,3,21,Standard,West,0
2572,100,3,6,23,Premium,South,1
2573,194,13,1,15,Standard,West,0
2574,411,28,0,10,Standard,South,0
2575,175,13,1,21,Standard,South,0
2576,273,18,3,15,Standard,South,0
2577,368,19,0,8,Premium,West,0
2578,169,9,7,46,Basic,East,1
2579,358,18,1,11,Basic,East,0
2580,318,18,1,7,Basic,North,0
2581,100,1,5,45,Basic,North,1
2582,62,8,7,54,Premium,South,0
2583,300,21,0,3,Basic,West,0
2584,304,22,1,7,Standard,East,0
2585,141,6,4,38,Standard,East,1
2586,108,2,6,27,Basic,West,1
2587,160,6,6,32,Premium,North,1
2588,476,24,0,4,Basic,South,0
2589,255,21,1,2,Basic,West,0
2590,281,18,3,10,Premium,East,0
2591,121,17,1,22,Premium,West,1
2592,114,6,3,37,Standard,South,1
2593,159,14,1,21,Standard,North,1
2594,193,8,1,24,Standard,West,0
2595,235,14,2,15,Premium,North,1
2596,306,23,1,5,Basic,South,0
2597,272,26,0,2,Standard,East,0
2598,295,18,0,2,Premium,North,0
2599,34,9,4,58,Basic,North,1
2600,179,5,6,46,Standard,North,1
2601,158,13,3,22,Basic,East,1
2602,175,13,1,14,Premium,West,0
2603,433,26,0,3,Premium,North,0
2604,23,9,6,50,Standard,South,1
2605,467,23,1,6,Basic,South,1
2606,390,21,1,11,Premium,North,0
2607,239,16,1,14,Basic,North,0
2608,57,4,6,40,Premium,East,1
2609,137,3,3,28,Premium,South,1
2610,71,7,4,31,Standard,West,1
2611,141,18,3,24,Standard,East,1
2612,148,2,3,21,Premium,West,0
2613,213,10,1,22,Premium,North,0
2614,241,18,2,15,Basic,West,0
2615,489,24,1,11,Standard,South,0
2616,367,25,0,3,Premium,South,0
2617,166,11,3,16,Basic,East,0
2618,268,8,2,15,Basic,South,0
2619,204,18,1,18,Standard,West,0
2620,135,3,4,24,Basic,East,1
2621,191,18,3,22,Standard,East,0
2622,170,1,4,49,Premium,West,1
2623,276,13,1,12,Basic,West,0
2624,278,19,0,6,Basic,East,0
2625,220,15,1,20,Basic,West,1
2626,366,19,0,0,Standard,East,0
2627,84,4,6,40,Standard,East,1
2628,276,28,0,5,Premium,East,0
2629,102,2,3,44,Basic,North,1
2630,291,17,1,19,Premium,South,0
2631,266,13,1,16,Premium,East,0
2632,414,28,0,8,Basic,North,0
2633,104,1,7,53,Basic,North,1
2634,149,7,5,36,Basic,North,1
2635,190,8,1,8,Standard,West,1
2636,167,3,6,56,Premium,South,1
2637,499,29,1,11,Basic,North,0
2638,332,22,1,4,Standard,South,0
2639,147,17,3,24,Basic,West,1
2640,20,6,6,34,Basic,South,1
2641,45,4,3,32,Standard,East,1
2642,191,12,2,21,Standard,South,0
2643,260,23,0,11,Premium,North,0
2644,72,3,6,36,Basic,South,1
2645,169,6,5,43,Standard,West,1
2646,279,23,1,1,Premium,East,0
2647,290,19,0,11,Standard,West,0
2648,262,27,1,11,Premium,West,0
2649,167,8,1,15,Standard,East,0
2650,475,25,1,4,Basic,West,0
2651,272,23,0,0,Premium,North,0
2652,329,18,1,9,Standard,South,1
2653,109,1,3,34,Premium,North,1
2654,265,19,2,20,Premium,South,0
2655,379,20,0,11,Standard,North,0
2656,299,23,1,3,Premium,North,0
2657,279,23,1,8,Standard,North,0
2658,499,21,1,0,Standard,North,0
2659,207,17,2,9,Premium,South,0
2660,174,11,3,21,Standard,North,1
2661,144,10,1,13,Basic,South,1
2662,159,13,2,11,Basic,West,0
2663,177,8,5,58,Standard,North,1
2664,280,8,2,13,Premium,North,0
2665,47,4,6,40,Basic,West,1
2666,346,23,0,11,Basic,South,1
2667,166,10,2,9,Basic,South,0
2668,273,10,2,24,Standard,East,1
2669,259,23,0,10,Standard,North,0
2670,412,22,0,4,Basic,South,1
2671,24,7,3,37,Standard,North,1
2672,193,10,1,15,Basic,North,0
2673,57,9,5,53,Standard,North,1
2674,459,24,1,5,Basic,East,0
2675,159,16,3,14,Premium,South,0
2676,128,1,6,23,Basic,West,1
2677,55,2,6,45,Basic,East,1
2678,283,18,2,10,Basic,North,0
2679,282,11,2,16,Premium,South,0
2680,162,14,2,11,Standard,West,0
2681,142,9,5,48,Standard,West,1
2682,161,8,5,58,Standard,North,1
2683,285,24,0,9,Basic,North,0
2684,115,6,4,27,Premium,South,1
2685,448,28,0,7,Basic,West,1
2686,456,26,1,1,Basic,East,0
2687,428,24,0,9,Basic,North,0
2688,196,13,1,13,Basic,West,0
2689,156,5,7,28,Premium,West,0
2690,287,13,3,22,Premium,East,0
2691,345,24,0,1,Premium,North,0
2692,65,8,3,38,Standard,West,1
2693,73,1,6,38,Premium,South,1
2694,166,1,5,26,Standard,East,1
2695,290,12,2,24,Standard,West,1
2696,155,2,4,39,Standard,South,1
2697,22,2,7,41,Basic,West,1
2698,308,18,1,2,Premium,South,0
2699,482,24,0,11,Premium,West,0
2700,462,26,1,6,Basic,East,0
2701,312,25,0,6,Basic,East,0
2702,426,26,0,6,Basic,East,0
2703,318,25,0,11,Standard,East,0
2704,292,17,3,13,Basic,West,1
2705,445,28,0,1,Premium,West,0
2706,131,18,1,13,Basic,West,1
2707,157,15,3,23,Standard,West,1
2708,270,18,0,2,Standard,West,1
2709,238,12,2,19,Premium,West,0
2710,232,11,1,8,Basic,East,0
2711,440,22,0,8,Standard,North,0
2712,74,4,5,42,Standard,South,1
2713,416,21,1,6,Premium,West,0
2714,53,1,6,50,Standard,East,1
2715,397,25,0,9,Basic,South,1
2716,60,9,6,28,Standard,West,1
2717,454,23,1,1,Premium,South,0
2718,57,2,6,40,Premium,South,1
2719,62,8,6,25,Standard,South,1
2720,410,29,0,7,Premium,West,0
2721,394,21,0,4,Basic,East,0
2722,136,6,5,58,Standard,West,1
2723,187,10,1,10,Standard,West,0
2724,253,18,2,11,Premium,East,0
2725,155,15,1,17,Premium,North,0
2726,375,18,0,1,Standard,North,0
2727,347,28,0,5,Basic,West,0
2728,295,14,1,22,Premium,South,0
2729,110,9,7,56,Basic,South,1
2730,171,16,2,10,Standard,East,0
2731,286,17,3,14,Standard,South,0
2732,205,13,2,19,Basic,North,0
2733,120,5,4,47,Standard,South,1
2734,431,28,0,8,Basic,West,0
2735,162,8,2,8,Premium,South,0
2736,263,17,2,16,Premium,South,0
2737,208,9,3,12,Standard,North,0
2738,416,28,1,8,Premium,East,0
2739,220,11,3,17,Basic,West,0
2740,144,1,7,33,Standard,South,1
2741,454,28,0,6,Basic,South,0
2742,237,16,2,14,Standard,South,0
2743,46,8,7,36,Premium,West,1
2744,292,25,0,11,Premium,South,0
2745,203,19,3,15,Basic,West,0
2746,274,26,0,6,Standard,North,0
2747,131,6,4,27,Premium,West,1
2748,395,25,1,11,Basic,East,0
2749,225,9,2,21,Premium,East,0
2750,494,22,1,11,Premium,South,0
2751,174,19,2,11,Premium,East,0
2752,150,1,3,26,Basic,East,1
2753,181,12,3,14,Premium,South,0
2754,476,18,1,7,Basic,West,0
2755,210,16,2,21,Standard,South,0
2756,274,21,1,1,Basic,South,0
2757,442,27,0,3,Basic,West,1
2758,242,15,2,15,Basic,North,0
2759,152,11,3,16,Premium,South,0
2760,217,19,3,18,Basic,West,1
2761,434,20,0,7,Standard,South,0
2762,492,18,0,10,Standard,South,0
2763,355,25,1,7,Standard,North,0
2764,63,7,3,40,Basic,North,0
2765,161,17,2,23,Basic,North,0
2766,49,5,7,38,Premium,East,1
2767,266,25,0,4,Standard,South,1
2768,166,7,3,20,Premium,South,0
2769,89,2,5,51,Standard,West,1
2770,367,22,0,11,Basic,South,1
2771,25,4,7,50,Standard,South,1
2772,276,10,1,18,Basic,South,0
2773,161,17,2,16,Basic,West,0
2774,140,17,2,16,Basic,West,0
2775,88,8,5,20,Premium,West,0
2776,314,27,1,5,Basic,South,0
2777,295,22,0,5,Basic,West,0
2778,89,7,4,50,Premium,South,1
2779,127,6,5,21,Basic,East,1
2780,258,17,1,10,Premium,South,0
2781,284,13,3,18,Standard,East,0
2782,136,8,6,53,Basic,South,1
2783,170,11,2,16,Standard,North,0
2784,351,26,1,8,Premium,East,0
2785,160,13,1,21,Standard,East,0
2786,262,10,1,21,Premium,South,0
2787,128,14,2,13,Standard,East,0
2788,299,15,2,15,Premium,East,0
2789,141,1,5,24,Standard,West,1
2790,167,7,4,21,Basic,South,1
2791,280,19,0,8,Basic,South,1
2792,124,18,1,24,Premium,West,1
2793,285,20,1,5,Premium,South,0
2794,266,29,0,7,Premium,West,0
2795,165,8,4,37,Basic,West,1
2796,254,19,2,17,Basic,East,0
2797,380,20,0,11,Premium,West,0
2798,161,4,7,37,Standard,East,1
2799,57,4,5,38,Standard,West,1
2800,474,19,0,9,Basic,East,1
2801,177,2,5,43,Standard,West,1
2802,52,9,3,29,Basic,East,1
2803,268,24,0,2,Premium,East,0
2804,418,27,0,3,Standard,East,0
2805,123,12,1,19,Basic,South,0
2806,366,22,0,10,Premium,North,0
2807,262,29,1,8,Basic,South,1
2808,459,20,1,11,Premium,East,0
2809,69,2,4,50,Standard,West,1
2810,326,21,0,1,Premium,East,0
2811,225,8,2,10,Standard,North,0
2812,174,10,3,14,Basic,West,0
2813,153,4,7,28,Premium,East,1
2814,233,18,1,9,Standard,South,0
2815,69,3,4,34,Basic,North,1
2816,50,9,6,47,Premium,East,0
2817,211,8,3,12,Premium,North,0
2818,229,9,2,20,Basic,West,0
2819,269,19,0,10,Standard,West,0
2820,151,17,2,13,Standard,East,0
2821,93,6,3,41,Basic,West,1
2822,458,25,1,9,Premium,West,0
2823,487,28,1,3,Basic,West,0
2824,283,13,2,16,Standard,South,0
2825,325,27,1,7,Basic,East,1
2826,150,18,2,12,Standard,East,0
2827,234,18,1,22,Standard,West,0
2828,354,24,1,7,Standard,North,1
2829,134,12,3,14,Basic,East,1
2830,76,1,4,38,Basic,South,1
2831,408,28,0,9,Premium,South,0
2832,86,3,4,44,Premium,North,1
2833,212,13,2,22,Basic,South,1
2834,398,24,1,3,Basic,North,0
2835,129,14,2,11,Premium,West,0
2836,204,12,2,11,Premium,South,0
2837,306,18,1,6,Standard,South,0
2838,182,8,3,20,Basic,South,0
2839,261,23,0,11,Premium,East,0
2840,279,29,1,11,Basic,North,0
2841,289,11,3,16,Premium,East,0
2842,160,16,1,8,Basic,North,0
2843,179,8,3,37,Premium,West,1
2844,215,8,1,23,Premium,East,1
2845,193,11,1,15,Standard,South,0
2846,143,8,3,14,Premium,East,0
2847,244,13,3,12,Basic,South,1
2848,172,5,7,57,Basic,East,1
2849,362,22,1,11,Basic,South,0
2850,33,4,4,55,Standard,West,1
2851,177,3,7,34,Standard,North,1
2852,258,24,1,3,Standard,South,0
2853,122,9,3,15,Standard,North,1
2854,254,16,1,21,Premium,West,0
2855,34,3,6,27,Basic,East,0
2856,82,4,6,43,Basic,East,1
2857,76,6,5,34,Standard,West,1
2858,150,2,3,35,Premium,South,1
2859,282,21,0,4,Premium,North,0
2860,63,8,6,51,Premium,North,1
2861,228,12,1,22,Premium,East,0
2862,140,19,3,18,Basic,East,1
2863,253,16,1,19,Premium,South,0
2864,153,1,4,30,Standard,North,1
2865,25,6,6,40,Premium,East,1
2866,209,15,2,13,Premium,North,0
2867,362,22,0,0,Premium,North,0
2868,421,20,1,6,Basic,North,0
2869,35,4,5,38,Basic,South,1
2870,456,22,0,1,Standard,North,0
2871,490,21,1,6,Premium,South,0
2872,421,20,1,9,Basic,North,0
2873,335,18,0,2,Basic,South,0
2874,34,1,6,29,Standard,North,1
2875,161,11,1,18,Basic,East,1
2876,244,16,3,21,Basic,West,1
2877,450,21,0,6,Basic,East,0
2878,257,25,1,2,Premium,East,0
2879,407,27,1,6,Standard,North,0
2880,227,11,1,15,Premium,West,0
2881,447,21,0,10,Standard,West,0
2882,43,2,6,47,Standard,South,1
2883,149,8,2,21,Premium,West,0
2884,110,8,3,48,Basic,West,0
2885,135,13,1,19,Standard,North,0
2886,281,14,1,20,Standard,East,0
2887,136,12,2,15,Premium,West,1
2888,22,1,7,45,Premium,West,1
2889,175,8,4,27,Premium,West,1
2890,148,14,3,17,Premium,East,0
2891,442,24,0,10,Basic,North,0
2892,70,5,5,41,Premium,West,1
2893,25,3,7,28,Basic,East,1
2894,157,18,1,21,Basic,West,1
2895,168,18,3,16,Standard,North,1
2896,58,7,7,20,Basic,East,1
2897,255,12,2,15,Basic,North,0
2898,178,14,2,22,Standard,South,0
2899,293,28,0,4,Premium,East,0
2900,49,7,7,35,Basic,North,1
2901,231,14,3,20,Basic,East,0
2902,154,19,3,14,Standard,South,0
2903,359,19,0,3,Standard,South,0
2904,438,25,1,9,Standard,West,0
2905,397,19,1,3,Standard,East,0
2906,399,22,0,1,Premium,South,0
2907,292,19,0,8,Premium,North,0
2908,154,9,3,21,Premium,North,0
2909,151,11,2,15,Basic,South,0
2910,441,21,0,9,Standard,West,1
2911,168,7,7,35,Standard,North,1
2912,276,25,0,1,Basic,South,0
2913,301,22,0,0,Premium,West,0
2914,132,2,7,56,Standard,North,0
2915,117,2,5,22,Premium,North,1
2916,455,23,0,0,Premium,South,0
2917,176,4,7,52,Premium,North,1
2918,427,27,1,1,Basic,South,0
2919,344,28,0,9,Standard,West,0
2920,325,23,1,11,Basic,North,0
2921,428,18,0,2,Premium,North,0
2922,28,5,7,56,Premium,South,1
2923,168,11,3,15,Standard,East,0
2924,198,18,3,14,Standard,East,0
2925,177,14,2,11,Basic,South,0
2926,271,20,0,2,Standard,South,0
2927,136,1,4,27,Premium,South,1
2928,157,17,2,12,Standard,East,0
2929,259,11,1,21,Premium,East,0
2930,48,4,4,21,Standard,West,1
2931,136,17,2,8,Standard,South,0
2932,477,26,1,1,Standard,East,0
2933,114,6,6,42,Standard,West,1
2934,150,7,6,59,Premium,East,1
2935,369,25,1,8,Premium,East,0
2936,477,22,1,4,Basic,East,0
2937,192,14,1,17,Basic,North,0
2938,187,13,2,16,Basic,West,0
2939,128,8,5,26,Premium,West,1
2940,218,17,1,10,Standard,West,0
2941,29,1,5,25,Premium,South,1
2942,238,15,1,11,Premium,East,0
2943,406,22,1,11,Premium,West,0
2944,60,7,7,37,Premium,East,1
2945,314,23,1,1,Basic,North,0
2946,237,12,3,12,Standard,West,0
2947,316,18,1,7,Basic,West,1
2948,358,24,0,7,Standard,East,0
2949,297,17,3,14,Standard,West,0
2950,161,4,6,47,Standard,East,1
2951,96,1,6,58,Standard,South,1
2952,338,26,1,9,Premium,East,0
2953,236,14,1,17,Premium,West,0
2954,295,18,2,10,Basic,West,0
2955,98,4,7,36,Premium,East,1
2956,221,19,1,22,Basic,North,1
2957,134,12,3,11,Premium,North,0
2958,171,18,2,20,Premium,North,0
2959,499,22,0,6,Premium,South,0
2960,270,28,1,8,Basic,South,0
2961,244,10,1,21,Premium,West,0
2962,140,8,1,18,Basic,West,0
2963,162,4,4,52,Premium,East,1
2964,286,14,3,9,Premium,North,1
2965,176,4,6,22,Standard,North,1
2966,283,14,1,24,Standard,East,0
2967,464,19,1,0,Premium,North,0
2968,290,15,3,23,Basic,North,1
2969,291,17,2,15,Standard,West,0
2970,298,13,2,11,Basic,East,0
2971,43,8,4,44,Standard,West,1
2972,31,1,6,44,Premium,South,1
2973,102,4,4,58,Premium,West,1
2974,286,16,1,21,Premium,North,0
2975,156,5,4,39,Premium,North,1
2976,230,12,1,16,Standard,South,0
2977,177,13,2,11,Basic,West,0
2978,291,20,0,11,Basic,North,0
2979,296,22,1,9,Standard,East,0
2980,58,3,5,48,Basic,East,1
2981,301,23,1,2,Premium,North,0
2982,279,27,0,6,Basic,South,0
2983,146,4,7,55,Basic,North,1
2984,287,12,1,15,Premium,West,0
2985,318,21,1,3,Standard,North,0
2986,161,8,2,22,Premium,South,0
2987,35,8,3,53,Basic,East,1
2988,174,9,7,41,Premium,North,0
2989,279,22,0,5,Standard,West,0
2990,419,22,1,8,Standard,North,0
2991,335,25,0,5,Standard,North,0
2992,233,14,1,11,Standard,South,0
2993,435,24,1,9,Premium,North,0
2994,51,1,6,47,Standard,West,1
2995,267,25,1,6,Premium,West,0
2996,120,19,1,13,Standard,North,0
2997,435,18,0,7,Standard,West,0
2998,433,28,1,7,Premium,West,0
2999,122,7,4,55,Standard,East,1
3000,233,18,1,17,Premium,East,0
3001,422,19,0,3,Standard,North,0
3002,48,1,4,46,Basic,North,1
3003,162,5,6,45,Basic,East,1
3004,71,1,5,22,Basic,North,1
3005,426,26,0,0,Basic,South,1
3006,297,9,2,24,Basic,North,1
3007,59,9,7,21,Basic,South,1
3008,214,16,2,13,Basic,South,0
3009,274,26,0,11,Premium,South,0
3010,56,5,6,43,Premium,East,1
3011,256,14,3,18,Standard,North,1
3012,204,19,3,24,Standard,North,1
3013,193,14,3,9,Standard,East,0
3014,151,2,3,53,Standard,West,1
3015,264,19,2,9,Standard,West,0
3016,116,9,4,53,Premium,West,1
3017,56,4,6,45,Standard,West,1
3018,186,11,2,17,Standard,North,0
3019,30,2,6,40,Basic,North,1
3020,40,3,6,32,Basic,East,1
3021,276,16,1,24,Standard,West,0
3022,102,4,3,59,Basic,West,1
3023,335,19,0,6,Standard,North,0
3024,445,29,0,3,Basic,South,0
3025,216,14,1,8,Premium,West,0
3026,73,6,4,28,Standard,North,1
3027,142,13,3,20,Standard,West,1
3028,321,24,0,2,Basic,South,0
3029,174,1,5,24,Basic,East,1
3030,61,2,5,27,Standard,West,1
3031,24,4,7,45,Basic,West,1
3032,272,26,0,3,Premium,South,0
3033,227,16,1,19,Basic,North,1
3034,295,19,1,20,Basic,East,1
3035,119,3,5,22,Premium,North,1
3036,409,28,1,1,Premium,South,0
3037,164,1,6,49,Basic,East,1
3038,423,25,0,3,Premium,East,0
3039,278,20,0,7,Standard,West,0
3040,365,23,0,6,Standard,North,1
3041,27,7,4,32,Premium,North,1
3042,462,21,1,3,Basic,North,0
3043,171,13,3,11,Premium,East,0
3044,204,12,3,15,Premium,East,1
3045,41,7,4,49,Standard,North,1
3046,355,19,1,9,Basic,South,0
3047,173,7,7,20,Premium,South,1
3048,390,26,1,7,Premium,South,0
3049,394,23,0,8,Standard,East,1
3050,289,20,1,2,Standard,West,1
3051,140,8,7,34,Standard,East,1
3052,43,8,6,30,Premium,East,1
3053,139,9,7,20,Premium,South,0
3054,145,1,5,23,Standard,East,1
3055,48,2,7,49,Premium,West,1
3056,263,10,1,12,Standard,East,0
3057,44,7,6,20,Premium,North,1
3058,377,18,1,0,Premium,South,0
3059,288,19,1,11,Standard,North,0
3060,258,24,0,0,Basic,South,1
3061,184,13,2,9,Standard,North,0
3062,207,10,1,16,Premium,West,0
3063,437,20,1,3,Premium,East,0
3064,256,27,0,7,Premium,East,0
3065,32,7,5,38,Basic,West,1
3066,463,22,1,11,Standard,West,0
3067,194,19,1,23,Standard,West,0
3068,137,19,3,12,Standard,West,1
3069,31,7,4,57,Standard,East,1
3070,44,4,7,33,Standard,East,1
3071,155,7,4,54,Basic,West,1
3072,279,15,3,20,Standard,North,0
3073,231,12,2,17,Standard,North,0
3074,451,27,1,11,Standard,East,0
3075,474,22,1,3,Premium,East,0
3076,354,25,0,11,Premium,South,0
3077,67,3,7,53,Standard,West,1
3078,252,17,1,9,Basic,East,0
3079,188,12,3,8,Premium,West,0
3080,441,22,1,11,Basic,East,1
3081,72,1,3,21,Premium,West,1
3082,44,4,5,30,Standard,South,1
3083,188,11,1,16,Basic,East,0
3084,238,15,3,15,Premium,South,0
3085,180,19,3,13,Premium,South,0
3086,26,4,7,30,Standard,West,1
3087,132,13,3,15,Premium,West,1
3088,183,14,2,14,Basic,North,0
3089,162,3,3,53,Basic,East,1
3090,214,10,1,18,Basic,South,1
3091,81,2,3,20,Standard,East,1
3092,400,28,0,9,Standard,South,0
3093,57,8,4,35,Premium,East,1
3094,342,29,0,5,Basic,North,0
3095,185,18,2,10,Standard,West,0
3096,280,15,1,19,Standard,South,0
3097,404,23,1,10,Standard,North,0
3098,86,7,4,26,Standard,East,1
3099,366,24,1,10,Basic,West,0
3100,150,4,3,22,Standard,North,1
3101,136,8,4,22,Basic,South,1
3102,257,11,1,21,Premium,North,0
3103,194,19,1,11,Basic,South,0
3104,41,6,7,54,Basic,South,1
3105,322,20,0,0,Basic,East,0
3106,261,20,1,7,Basic,West,1
3107,153,2,7,41,Standard,West,1
3108,298,16,3,19,Standard,North,0
3109,311,19,1,8,Basic,South,0
3110,431,27,0,6,Basic,East,0
3111,245,9,2,10,Premium,East,0
3112,280,12,1,17,Premium,North,0
3113,164,16,2,13,Premium,East,0
3114,238,10,2,12,Standard,South,0
3115,136,11,2,8,Standard,North,0
3116,70,2,6,20,Basic,South,1
3117,291,18,1,3,Basic,East,0
3118,219,14,2,14,Premium,North,0
3119,64,8,5,29,Standard,South,1
3120,372,21,1,10,Standard,North,0
3121,166,7,4,54,Premium,East,1
3122,356,22,0,4,Standard,North,0
3123,281,13,1,17,Premium,East,0
3124,242,13,3,17,Premium,West,0
3125,86,9,7,29,Standard,North,1
3126,307,22,0,0,Standard,West,0
3127,338,27,1,0,Basic,West,0
3128,192,13,1,15,Basic,North,0
3129,256,24,1,10,Basic,East,0
3130,277,19,0,1,Premium,North,0
3131,259,23,1,0,Premium,South,0
3132,263,29,1,3,Basic,East,0
3133,252,11,1,13,Basic,North,0
3134,287,24,1,7,Standard,East,1
3135,467,28,0,11,Premium,North,0
3136,376,24,0,0,Standard,West,0
3137,381,22,1,5,Basic,North,0
3138,177,12,1,10,Standard,West,0
3139,148,14,1,16,Standard,South,0
3140,190,16,2,13,Basic,West,1
3141,196,19,2,15,Standard,East,0
3142,278,12,1,18,Basic,South,0
3143,474,22,1,4,Standard,North,0
3144,106,9,4,51,Premium,South,1
3145,232,14,2,10,Standard,South,0
3146,175,16,2,21,Standard,North,0
3147,424,27,0,8,Premium,West,0
3148,328,26,1,1,Standard,South,0
3149,186,8,3,23,Standard,South,0
3150,159,8,1,16,Premium,North,0
3151,134,4,7,44,Premium,East,1
3152,79,4,7,36,Premium,North,1
3153,155,17,3,11,Standard,South,0
3154,329,26,0,3,Standard,East,0
3155,175,13,1,14,Basic,West,0
3156,76,3,3,20,Premium,South,1
3157,486,18,1,5,Basic,North,0
3158,129,4,6,44,Premium,East,1
3159,93,3,6,48,Premium,South,1
3160,184,17,2,22,Standard,South,0
3161,449,23,1,9,Premium,West,0
3162,398,21,0,10,Standard,West,0
3163,33,1,3,30,Premium,North,1
3164,131,3,4,34,Basic,South,1
3165,237,19,3,19,Basic,East,1
3166,25,9,5,29,Premium,North,1
3167,136,3,4,34,Basic,South,1
3168,267,20,0,11,Premium,East,0
3169,401,28,1,10,Standard,North,0
3170,421,19,0,3,Premium,West,0
3171,215,11,1,15,Premium,West,0
3172,26,6,7,35,Premium,South,1
3173,186,14,1,17,Basic,West,0
3174,456,19,0,7,Basic,West,1
3175,251,23,1,6,Basic,West,0
3176,87,3,4,48,Standard,West,1
3177,71,2,6,52,Premium,West,1
3178,111,1,4,58,Standard,East,1
3179,196,16,1,8,Standard,North,0
3180,78,2,3,51,Basic,East,1
3181,220,16,1,18,Premium,West,0
3182,76,2,6,21,Premium,North,1
3183,281,27,0,7,Standard,West,0
3184,324,26,1,11,Premium,North,0
3185,28,8,6,34,Standard,West,1
3186,116,9,3,59,Basic,East,1
3187,24,3,7,23,Basic,South,1
3188,199,16,3,10,Basic,North,1
3189,40,7,4,34,Standard,South,1
3190,75,1,6,20,Premium,South,1
3191,349,21,1,7,Premium,West,0
3192,300,28,0,8,Standard,North,0
3193,418,24,1,11,Premium,West,0
3194,330,22,0,1,Premium,West,0
3195,154,14,1,11,Premium,East,0
3196,396,20,1,4,Basic,East,0
3197,288,22,1,11,Basic,West,0
3198,155,19,2,24,Standard,West,0
3199,292,19,1,0,Basic,South,0
3200,144,9,7,24,Standard,West,1
3201,470,28,1,0,Premium,East,0
3202,245,18,3,17,Basic,West,0
3203,477,29,1,7,Standard,North,0
3204,253,12,2,19,Standard,East,0
3205,142,8,3,23,Premium,West,0
3206,120,19,1,9,Basic,East,1
3207,169,2,5,39,Basic,South,1
3208,116,2,5,48,Premium,South,1
3209,382,28,1,5,Basic,East,0
3210,45,6,3,38,Basic,East,1
3211,325,21,0,8,Standard,East,0
3212,80,2,3,38,Premium,South,1
3213,60,6,4,58,Premium,East,1
3214,329,19,1,3,Premium,South,0
3215,369,24,1,2,Standard,East,0
3216,446,19,0,7,Basic,East,0
3217,153,9,2,21,Standard,East,1
3218,290,18,2,14,Basic,North,0
3219,188,9,2,23,Premium,East,1
3220,64,3,4,43,Premium,West,1
3221,142,5,5,33,Premium,North,1
3222,199,9,1,11,Standard,North,0
3223,80,3,5,24,Basic,North,1
3224,486,19,1,6,Premium,East,0
3225,49,7,3,23,Premium,South,1
3226,422,27,0,3,Standard,West,0
3227,223,11,1,12,Standard,South,0
3228,243,13,2,12,Standard,East,0
3229,144,15,3,15,Standard,West,0
3230,398,20,0,3,Premium,West,0
3231,73,5,3,30,Premium,East,1
3232,102,2,7,42,Basic,West,1
3233,250,10,2,12,Basic,West,1
3234,415,26,0,0,Standard,North,0
3235,321,20,1,8,Basic,East,0
3236,132,18,3,12,Basic,East,0
3237,469,21,1,2,Standard,North,0
3238,255,15,3,20,Basic,East,1
3239,321,20,1,9,Premium,North,0
3240,331,26,0,5,Standard,East,0
3241,238,15,1,10,Basic,South,0
3242,219,11,2,16,Basic,South,0
3243,264,8,1,21,Basic,North,1
3244,146,18,3,15,Basic,North,1
3245,257,8,1,15,Basic,West,0
3246,493,22,0,7,Standard,West,0
3247,485,23,1,8,Standard,South,1
3248,476,21,1,3,Basic,South,0
3249,192,13,1,12,Premium,North,0
3250,91,4,6,56,Basic,North,1
3251,44,8,7,28,Premium,East,1
3252,251,21,1,0,Premium,North,0
3253,40,8,4,37,Standard,South,1
3254,83,8,4,51,Basic,North,1
3255,368,25,0,0,Basic,West,1
3256,265,10,3,20,Premium,West,0
3257,71,2,5,22,Standard,North,1
3258,155,6,6,25,Basic,West,1
3259,296,17,1,9,Premium,South,0
3260,57,9,7,23,Basic,South,1
3261,261,20,1,7,Standard,East,0
3262,398,22,1,2,Basic,South,0
3263,190,13,3,24,Standard,North,1
3264,281,28,1,10,Premium,North,0
3265,373,29,0,5,Basic,East,0
3266,128,9,1,22,Basic,South,0
3267,461,25,1,11,Standard,West,0
3268,498,28,1,7,Basic,East,0
3269,267,20,1,10,Standard,North,0
3270,178,19,2,13,Premium,West,0
3271,154,6,3,48,Premium,West,1
3272,162,9,7,24,Basic,North,1
3273,489,26,0,2,Basic,South,0
3274,109,2,3,29,Standard,North,1
3275,43,3,4,38,Standard,West,1
3276,134,2,7,54,Premium,North,1
3277,404,25,0,5,Premium,West,0
3278,52,1,3,49,Standard,West,1
3279,148,9,3,54,Basic,East,1
3280,152,4,3,33,Standard,North,1
3281,385,19,1,0,Premium,South,0
3282,88,5,6,43,Basic,South,1
3283,71,1,3,53,Standard,North,1
3284,266,28,0,5,Basic,East,0
3285,226,9,2,17,Basic,West,1
3286,270,14,1,22,Basic,South,1
3287,400,21,0,4,Basic,North,0
3288,136,10,3,21,Basic,North,1
3289,169,19,2,13,Standard,South,1
3290,125,12,2,12,Basic,North,0
3291,298,13,1,20,Standard,South,0
3292,135,3,4,44,Premium,South,1
3293,266,22,1,7,Premium,North,0
3294,465,23,0,5,Basic,West,0
3295,236,15,1,11,Basic,East,0
3296,56,3,6,24,Premium,North,1
3297,171,8,2,17,Premium,West,0
3298,142,8,2,19,Basic,East,1
3299,69,4,6,42,Basic,North,1
3300,237,19,3,10,Standard,East,0
3301,274,10,1,17,Basic,North,0
3302,460,26,1,2,Premium,North,0
3303,362,22,0,6,Standard,North,0
3304,37,1,5,26,Premium,South,1
3305,252,28,0,5,Premium,West,0
3306,134,14,3,24,Basic,North,1
3307,269,15,1,15,Basic,South,1
3308,155,5,7,40,Standard,West,1
3309,496,28,1,10,Premium,East,0
3310,116,1,4,47,Standard,West,1
3311,50,5,3,39,Premium,East,1
3312,162,2,4,35,Standard,East,1
3313,347,26,0,11,Premium,South,0
3314,36,9,4,43,Basic,West,1
3315,100,1,4,47,Standard,West,1
3316,242,9,2,8,Standard,North,0
3317,299,17,1,12,Standard,North,0
3318,455,27,1,8,Standard,West,0
3319,382,26,1,9,Standard,North,0
3320,83,8,6,44,Premium,North,1
3321,386,27,1,9,Premium,North,0
3322,109,3,5,50,Basic,West,1
3323,287,23,0,5,Premium,East,0
3324,72,2,6,38,Premium,East,1
3325,296,28,1,7,Standard,West,0
3326,83,7,6,47,Premium,South,1
3327,178,12,2,19,Premium,East,0
3328,374,23,1,8,Premium,North,0
3329,240,16,2,19,Standard,West,0
3330,124,3,7,53,Standard,East,1
3331,196,15,3,20,Basic,West,0
3332,40,1,5,26,Basic,South,1
3333,296,17,3,13,Basic,West,1
3334,231,12,1,21,Standard,South,0
3335,206,10,2,14,Standard,North,0
3336,250,26,1,11,Standard,West,0
3337,153,6,3,40,Standard,East,1
3338,250,8,2,9,Premium,East,0
3339,464,23,0,7,Standard,West,0
3340,134,13,3,9,Standard,North,0
3341,98,4,6,54,Basic,South,1
3342,210,13,2,21,Premium,North,0
3343,429,18,1,2,Premium,South,0
3344,253,21,0,9,Premium,North,0
3345,222,9,3,17,Standard,South,0
3346,439,27,1,2,Premium,East,0
3347,483,25,0,4,Premium,South,0
3348,279,29,0,8,Premium,West,0
3349,38,7,6,56,Premium,West,1
3350,93,2,5,58,Standard,North,1
3351,158,6,5,37,Standard,West,1
3352,411,24,0,6,Standard,West,0
3353,248,13,3,24,Standard,East,0
3354,164,3,7,37,Premium,West,1
3355,152,11,3,18,Standard,North,0
3356,183,15,1,19,Basic,West,0
3357,264,26,1,5,Basic,East,1
3358,293,12,2,15,Basic,East,1
3359,269,17,3,19,Basic,North,1
3360,309,24,0,3,Standard,South,0
3361,137,4,3,45,Premium,West,1
3362,34,6,5,50,Basic,North,1
3363,276,12,1,24,Premium,South,0
3364,437,19,1,1,Premium,West,0
3365,113,8,6,26,Basic,West,1
3366,166,3,4,48,Premium,West,1
3367,253,8,3,21,Premium,East,0
3368,210,19,3,20,Premium,East,0
3369,21,9,7,59,Basic,West,1
3370,176,3,7,23,Premium,East,1
3371,203,13,1,22,Standard,East,0
3372,180,17,1,13,Basic,East,1
3373,448,18,0,9,Premium,West,0
3374,43,1,4,32,Standard,West,1
3375,261,11,2,15,Basic,North,0
3376,74,7,4,54,Basic,West,1
3377,322,18,1,6,Standard,West,0
3378,165,8,6,42,Premium,East,1
3379,313,27,1,1,Basic,West,0
3380,408,18,1,3,Premium,North,0
3381,266,18,1,15,Premium,East,0
3382,314,23,0,10,Premium,North,0
3383,145,2,4,42,Basic,West,1
3384,337,20,1,11,Standard,East,0
3385,472,23,1,5,Basic,North,0
3386,153,8,6,34,Standard,East,0
3387,131,6,5,45,Basic,West,1
3388,443,29,1,1,Basic,South,0
3389,260,10,1,12,Premium,South,0
3390,196,12,2,13,Premium,West,0
3391,322,18,1,9,Standard,West,1
3392,254,23,1,0,Premium,South,0
3393,287,28,0,8,Premium,South,0
3394,144,6,3,44,Basic,South,1
3395,134,9,1,10,Basic,South,1
3396,244,8,2,8,Basic,East,0
3397,122,3,6,49,Standard,South,1
3398,33,4,4,46,Standard,North,1
3399,160,19,2,13,Standard,East,0
3400,429,26,0,5,Premium,South,0
3401,394,29,0,7,Basic,North,0
3402,491,27,0,11,Standard,South,0
3403,474,21,1,2,Basic,East,0
3404,395,24,1,5,Standard,North,0
3405,291,19,1,8,Basic,North,0
3406,153,15,1,24,Standard,South,1
3407,69,1,3,38,Premium,South,0
3408,375,18,1,7,Premium,North,0
3409,144,1,5,26,Basic,South,1
3410,321,24,1,10,Basic,West,0
3411,287,23,1,11,Standard,West,0
3412,297,15,3,16,Standard,West,0
3413,166,3,4,23,Standard,North,1
3414,22,3,5,48,Standard,West,1
3415,165,19,2,16,Basic,South,0
3416,82,3,5,29,Premium,South,1
3417,143,6,5,32,Basic,North,1
3418,252,11,2,20,Standard,West,1
3419,297,25,0,2,Premium,East,0
3420,281,9,3,15,Premium,East,0
3421,238,17,2,16,Standard,South,0
3422,132,7,4,40,Premium,North,1
3423,272,15,2,24,Standard,West,1
3424,294,13,2,11,Basic,East,0
3425,443,28,1,3,Basic,West,0
3426,143,5,7,23,Basic,East,1
3427,339,25,0,1,Standard,North,0
3428,434,19,1,8,Premium,North,0
3429,208,17,1,11,Basic,North,0
3430,86,9,5,59,Premium,South,1
3431,98,7,5,59,Standard,East,1
3432,442,27,0,7,Standard,East,0
3433,60,6,7,53,Premium,South,1
3434,287,16,1,15,Standard,North,1
3435,123,3,7,38,Standard,South,1
3436,168,11,2,21,Basic,East,1
3437,110,5,6,36,Standard,West,0
3438,140,4,7,26,Premium,South,1
3439,324,19,0,9,Standard,West,0
3440,147,9,2,11,Standard,East,1
3441,143,13,2,15,Standard,East,0
3442,368,27,1,1,Standard,North,0
3443,267,18,1,9,Standard,South,0
3444,264,14,2,13,Premium,South,0
3445,414,18,1,1,Premium,North,0
3446,125,6,5,36,Basic,South,1
3447,71,5,4,53,Premium,South,1
3448,121,1,6,31,Standard,West,1
3449,93,1,4,59,Basic,West,1
3450,157,4,6,20,Basic,East,1
3451,117,1,6,52,Standard,East,1
3452,145,11,1,8,Premium,West,0
3453,125,12,2,12,Basic,South,1
3454,32,5,4,23,Basic,West,1
3455,136,2,4,34,Premium,West,1
3456,157,6,3,34,Basic,North,1
3457,398,22,1,0,Basic,North,0
3458,417,19,1,8,Basic,West,0
3459,61,5,5,25,Standard,North,0
3460,385,25,0,4,Standard,West,0
3461,392,27,1,4,Standard,North,0
3462,47,7,5,51,Premium,South,1
3463,267,24,1,6,Standard,West,0
3464,167,1,5,54,Premium,South,1
3465,118,5,3,37,Premium,North,1
3466,393,21,0,1,Basic,East,0
3467,94,9,4,43,Standard,West,1
3468,366,26,1,3,Basic,South,0
3469,185,10,2,15,Premium,North,0
3470,189,10,1,19,Premium,West,0
3471,312,20,1,2,Basic,East,1
3472,229,12,2,16,Standard,East,0
3473,156,4,3,31,Premium,South,1
3474,40,3,4,59,Premium,South,1
3475,409,19,1,1,Premium,East,0
3476,46,6,6,57,Premium,East,1
3477,38,4,7,42,Standard,North,1
3478,274,9,3,16,Basic,South,0
3479,83,4,5,29,Standard,East,1
3480,129,16,3,11,Premium,South,0
3481,166,3,6,32,Standard,West,1
3482,208,19,3,17,Premium,South,1
3483,277,12,1,18,Basic,North,0
3484,69,9,4,35,Premium,South,0
3485,120,16,2,18,Basic,South,1
3486,167,14,1,21,Basic,West,0
3487,75,5,3,47,Standard,East,1
3488,328,23,0,10,Premium,East,0
3489,279,19,1,17,Standard,North,0
3490,334,23,0,9,Premium,East,0
3491,238,14,1,14,Standard,South,0
3492,167,6,5,35,Basic,South,0
3493,146,10,3,23,Standard,East,1
3494,142,8,5,21,Premium,South,1
3495,171,2,6,37,Standard,North,1
3496,121,8,2,16,Basic,North,0
3497,42,6,6,22,Standard,West,1
3498,149,14,1,16,Standard,East,0
3499,125,18,3,11,Basic,East,0
3500,29,3,7,57,Basic,North,1
3501,155,9,3,38,Premium,South,0
3502,392,22,0,1,Premium,South,0
3503,263,15,1,19,Basic,East,0
3504,259,8,1,14,Premium,West,0
3505,142,4,4,26,Basic,East,1
3506,311,27,1,7,Basic,West,0
3507,325,25,1,8,Basic,South,0
3508,270,25,1,3,Standard,East,0
3509,265,27,0,9,Premium,East,0
3510,258,13,3,18,Standard,West,0
3511,309,29,1,1,Premium,North,0
3512,38,2,3,33,Basic,West,1
3513,167,12,2,24,Standard,South,0
3514,322,25,1,7,Standard,South,0
3515,406,27,1,6,Standard,South,0
3516,126,8,2,20,Premium,North,0
3517,173,7,3,56,Basic,North,1
3518,391,24,0,8,Standard,North,0
3519,394,19,1,5,Standard,West,0
3520,275,16,3,9,Basic,East,1
3521,377,19,0,6,Premium,West,0
3522,382,19,0,9,Standard,East,0
3523,276,15,2,22,Premium,East,0
3524,175,1,4,53,Premium,South,1
3525,145,1,7,50,Standard,West,1
3526,162,4,5,24,Basic,South,1
3527,388,28,1,6,Standard,East,0
3528,149,7,3,59,Premium,West,1
3529,308,21,1,8,Basic,North,0
3530,121,8,5,37,Basic,West,1
3531,215,17,1,23,Basic,West,0
3532,119,4,7,51,Basic,South,1
3533,163,9,3,54,Premium,East,0
3534,64,6,6,30,Premium,West,1
3535,407,25,1,10,Basic,West,0
3536,310,22,0,0,Basic,West,1
3537,256,27,1,3,Basic,East,0
3538,260,15,3,9,Standard,West,0
3539,492,23,0,10,Premium,West,0
3540,214,9,2,8,Standard,East,0
3541,286,8,3,16,Premium,West,0
3542,338,25,1,5,Standard,East,0
3543,159,12,3,20,Basic,West,0
3544,23,2,4,22,Basic,North,1
3545,146,18,2,20,Standard,West,0
3546,51,4,5,36,Premium,North,1
3547,171,6,4,58,Premium,North,1
3548,108,5,5,20,Premium,South,1
3549,129,19,1,9,Standard,East,0
3550,264,29,0,1,Premium,South,0
3551,237,9,2,9,Standard,East,0
3552,144,13,3,22,Premium,South,1
3553,156,5,5,57,Basic,North,1
3554,449,20,1,2,Standard,West,0
3555,163,6,4,47,Premium,North,1
3556,37,4,3,55,Premium,South,1
3557,341,22,1,7,Basic,West,0
3558,129,3,6,55,Standard,East,1
3559,100,1,3,42,Basic,West,1
3560,279,10,1,10,Basic,East,0
3561,98,1,4,51,Standard,East,1
3562,190,12,2,15,Standard,South,0
3563,167,10,1,22,Basic,South,0
3564,194,17,1,16,Basic,North,1
3565,52,8,5,53,Premium,West,1
3566,138,18,1,17,Standard,South,1
3567,123,5,4,31,Basic,South,1
3568,105,8,7,20,Premium,East,1
3569,356,22,1,0,Standard,East,0
3570,484,25,1,2,Premium,East,0
3571,293,23,1,6,Premium,West,0
3572,355,23,1,11,Premium,South,0
3573,258,27,1,9,Standard,East,0
3574,210,16,2,23,Basic,East,1
3575,258,17,2,22,Standard,South,0
3576,169,12,1,15,Standard,West,0
3577,272,10,2,8,Premium,North,0
3578,292,14,1,10,Basic,East,0
3579,415,21,0,4,Premium,South,0
3580,231,13,3,9,Basic,North,0
3581,233,17,2,23,Standard,North,1
3582,127,6,4,42,Standard,West,1
3583,416,19,1,8,Premium,North,0
3584,364,25,0,8,Premium,South,0
3585,101,5,5,53,Standard,East,1
3586,32,5,4,33,Basic,South,1
3587,90,8,4,26,Premium,East,0
3588,199,18,3,8,Basic,West,1
3589,145,9,5,40,Basic,South,1
3590,108,8,5,52,Premium,South,1
3591,339,25,1,11,Basic,West,0
3592,262,10,2,12,Standard,North,0
3593,142,6,4,23,Standard,West,1
3594,234,17,2,22,Basic,East,0
3595,356,27,0,7,Premium,East,0
3596,115,2,3,26,Standard,North,0
3597,296,25,1,0,Standard,South,0
3598,22,5,6,57,Basic,North,1
3599,119,5,5,23,Premium,East,1
3600,209,16,2,15,Basic,North,0
3601,367,27,0,2,Standard,East,0
3602,400,25,1,0,Premium,South,0
3603,495,24,0,8,Basic,East,0
3604,395,22,0,9,Premium,East,0
3605,415,26,1,8,Standard,West,0
3606,130,14,3,9,Basic,West,1
3607,318,22,0,2,Premium,South,0
3608,405,27,0,9,Premium,East,0
3609,132,3,6,52,Standard,West,1
3610,446,26,0,9,Premium,North,0
3611,76,1,3,24,Premium,North,1
3612,355,19,0,0,Standard,North,0
3613,148,17,1,16,Standard,North,0
3614,262,11,1,13,Standard,North,0
3615,272,22,1,7,Premium,West,0
3616,497,18,0,6,Basic,North,0
3617,382,22,1,8,Basic,West,0
3618,69,7,4,38,Basic,North,1
3619,287,18,2,18,Basic,West,0
3620,313,18,1,7,Premium,North,0
3621,440,19,0,4,Premium,West,0
3622,458,21,1,8,Standard,East,0
3623,460,19,1,7,Standard,South,0
3624,465,20,1,9,Basic,South,0
3625,176,4,7,36,Premium,North,1
3626,252,19,1,14,Basic,North,1
3627,65,3,5,31,Basic,North,1
3628,27,1,3,47,Premium,East,1
3629,390,19,1,11,Standard,East,0
3630,150,4,7,22,Basic,East,1
3631,166,5,6,47,Standard,North,1
3632,43,6,3,41,Premium,East,1
3633,93,6,4,52,Standard,West,1
3634,131,3,7,55,Basic,West,1
3635,287,14,2,24,Premium,South,0
3636,251,13,1,24,Standard,West,0
3637,164,8,4,45,Premium,South,0
3638,99,6,6,54,Standard,West,1
3639,253,17,1,16,Basic,North,0
3640,457,20,0,4,Standard,West,1
3641,75,9,5,43,Basic,West,1
3642,464,21,1,8,Standard,West,0
3643,492,19,1,2,Premium,East,0
3644,235,15,1,9,Standard,East,0
3645,395,18,1,2,Standard,North,1
3646,76,5,7,31,Premium,South,1
3647,74,6,5,28,Standard,West,1
3648,134,16,2,14,Premium,East,0
3649,301,21,0,7,Premium,South,0
3650,279,27,1,6,Premium,South,0
3651,128,4,3,51,Standard,North,1
3652,109,4,5,54,Standard,East,1
3653,152,11,2,8,Premium,North,0
3654,294,25,0,0,Premium,West,0
3655,141,14,3,21,Basic,East,1
3656,187,18,2,20,Basic,East,0
3657,304,19,0,11,Premium,East,0
3658,421,20,1,10,Premium,East,0
3659,122,10,1,18,Basic,East,0
3660,458,29,0,0,Standard,North,1
3661,58,9,5,22,Basic,East,1
3662,362,26,1,5,Standard,South,0
3663,168,9,5,56,Premium,East,1
3664,156,3,4,55,Standard,West,1
3665,59,6,7,58,Standard,West,1
3666,262,19,2,16,Basic,South,0
3667,177,10,2,14,Basic,North,0
3668,146,9,7,31,Premium,West,1
3669,287,19,2,17,Basic,East,0
3670,172,7,5,55,Basic,South,1
3671,134,7,5,26,Basic,West,1
3672,428,18,1,9,Premium,South,0
3673,169,7,3,52,Premium,South,1
3674,391,28,0,10,Premium,East,0
3675,160,8,3,14,Standard,South,0
3676,292,15,2,9,Basic,West,0
3677,98,1,7,26,Basic,East,1
3678,218,14,2,22,Basic,West,0
3679,173,1,5,29,Standard,North,1
3680,316,18,1,9,Basic,South,0
3681,234,13,1,23,Basic,South,1
3682,132,15,3,15,Standard,North,0
3683,278,19,1,12,Standard,North,0
3684,37,8,5,39,Premium,South,1
3685,365,27,1,7,Basic,East,0
3686,365,22,1,3,Standard,East,0
3687,245,8,1,19,Standard,South,0
3688,370,18,0,2,Basic,West,1
3689,432,23,0,3,Basic,South,0
3690,197,11,3,23,Standard,North,1
3691,107,4,4,53,Premium,North,1
3692,310,21,1,1,Premium,East,0
3693,105,3,3,54,Premium,South,1
3694,131,19,1,16,Basic,North,1
3695,361,21,1,5,Standard,East,0
3696,134,3,6,51,Premium,South,1
3697,215,18,1,14,Premium,East,0
3698,151,9,3,18,Standard,West,0
3699,156,16,2,24,Premium,West,0
3700,287,14,1,22,Standard,South,0
3701,425,26,0,10,Premium,North,0
3702,407,26,0,5,Standard,South,0
3703,51,7,6,26,Premium,East,1
3704,228,10,1,23,Premium,East,0
3705,438,29,0,0,Basic,North,1
3706,121,13,2,18,Standard,North,0
3707,459,25,0,6,Premium,East,0
3708,99,9,6,48,Basic,North,1
3709,199,12,3,23,Standard,West,1
3710,109,5,5,29,Standard,West,1
3711,208,17,2,19,Basic,West,0
3712,70,6,6,43,Standard,East,1
3713,231,9,2,14,Premium,South,0
3714,134,9,4,38,Premium,South,1
3715,491,28,0,3,Standard,West,0
3716,132,11,3,17,Basic,West,0
3717,120,3,4,59,Standard,East,1
3718,268,18,0,0,Basic,South,0
3719,270,19,1,9,Premium,North,0
3720,167,2,7,41,Standard,South,1
3721,92,7,7,37,Premium,West,1
3722,252,14,1,22,Basic,East,1
3723,145,6,3,38,Basic,North,1
3724,483,29,1,11,Premium,North,0
3725,281,9,2,22,Basic,East,0
3726,115,5,3,53,Premium,South,1
3727,230,11,3,10,Basic,West,1
3728,290,22,0,0,Basic,South,0
3729,156,15,1,21,Basic,West,0
3730,351,25,1,2,Standard,North,0
3731,188,12,1,11,Premium,North,0
3732,393,24,1,7,Standard,North,0
3733,248,10,3,15,Basic,East,1
3734,154,7,5,36,Standard,North,1
3735,30,6,3,21,Standard,South,1
3736,211,8,3,10,Standard,East,1
3737,365,22,1,5,Basic,South,1
3738,130,19,2,16,Premium,South,0
3739,137,4,7,22,Premium,South,1
3740,30,5,6,40,Basic,South,1
3741,67,1,5,32,Premium,West,1
3742,156,5,3,56,Standard,West,1
3743,154,6,4,35,Standard,East,1
3744,65,6,5,23,Premium,North,1
3745,53,9,6,29,Premium,East,1
3746,63,6,3,43,Standard,West,1
3747,114,9,4,37,Standard,South,1
3748,190,16,1,13,Basic,South,0
3749,131,4,7,57,Standard,North,1
3750,269,15,3,8,Premium,North,0
3751,265,9,1,21,Basic,South,1
3752,236,13,1,21,Premium,South,0
3753,112,6,4,23,Basic,South,1
3754,481,27,0,11,Basic,North,0
3755,27,4,4,40,Basic,East,1
3756,271,15,3,8,Basic,East,0
3757,457,26,0,0,Premium,South,0
3758,313,24,1,6,Basic,South,0
3759,231,15,2,21,Premium,West,0
3760,31,4,6,46,Basic,West,1
3761,260,15,2,10,Standard,East,0
3762,280,29,0,1,Standard,West,0
3763,439,26,0,10,Premium,East,0
3764,51,6,6,34,Standard,West,1
3765,390,22,1,11,Standard,South,0
3766,288,24,1,10,Standard,East,0
3767,164,8,7,53,Standard,West,1
3768,463,27,1,7,Basic,North,0
3769,126,17,1,23,Premium,West,0
3770,252,16,2,19,Standard,West,0
3771,56,4,6,34,Basic,North,1
3772,156,1,5,39,Standard,South,1
3773,231,18,1,23,Premium,North,1
3774,202,9,2,17,Standard,South,0
3775,87,1,4,35,Premium,West,0
3776,148,7,4,30,Premium,West,0
3777,20,8,4,33,Basic,North,1
3778,170,6,6,55,Standard,East,1
3779,379,24,0,2,Basic,South,0
3780,230,12,2,11,Basic,East,0
3781,69,8,4,31,Basic,North,0
3782,161,9,7,20,Standard,East,0
3783,311,21,0,10,Basic,North,0
3784,181,18,1,20,Premium,East,0
3785,107,1,5,53,Premium,North,1
3786,254,27,1,8,Basic,West,1
3787,148,11,2,17,Standard,West,0
3788,444,19,0,1,Premium,North,0
3789,148,16,2,14,Standard,East,0
3790,318,25,1,6,Premium,West,0
3791,351,19,0,8,Standard,South,0
3792,40,4,6,27,Standard,North,1
3793,245,14,3,22,Basic,West,1
3794,70,9,3,59,Basic,East,1
3795,162,4,7,35,Premium,West,1
3796,120,7,7,36,Standard,North,1
3797,41,5,5,58,Basic,West,1
3798,327,19,1,3,Standard,West,0
3799,161,9,4,26,Standard,South,1
3800,65,9,6,21,Basic,East,0
3801,78,4,6,32,Standard,North,1
3802,234,12,1,16,Basic,East,0
3803,284,19,0,11,Premium,South,0
3804,387,18,1,10,Standard,South,1
3805,78,9,7,42,Premium,South,1
3806,496,21,0,10,Basic,North,1
3807,135,14,2,12,Standard,South,0
3808,178,19,2,20,Standard,South,0
3809,26,5,7,41,Basic,West,1
3810,135,6,5,38,Basic,West,1
3811,437,25,0,6,Basic,West,1
3812,417,19,0,11,Premium,South,0
3813,140,5,3,55,Standard,East,1
3814,273,15,2,16,Basic,South,0
3815,117,2,7,26,Standard,West,1
3816,267,18,3,10,Premium,North,0
3817,489,20,1,0,Basic,North,0
3818,256,22,1,0,Premium,West,0
3819,128,5,5,40,Standard,North,1
3820,141,10,2,12,Premium,East,0
3821,197,14,1,24,Standard,West,0
3822,271,22,0,9,Premium,South,0
3823,168,14,2,15,Standard,East,0
3824,145,16,3,14,Standard,East,1
3825,48,4,6,29,Basic,East,1
3826,239,8,1,11,Basic,West,0
3827,262,15,2,22,Basic,South,0
3828,320,29,0,3,Standard,East,1
3829,128,15,1,23,Basic,West,1
3830,37,8,6,48,Premium,North,1
3831,20,7,4,53,Basic,South,1
3832,445,23,1,4,Standard,North,0
3833,203,17,3,14,Standard,South,0
3834,148,14,2,22,Standard,North,0
3835,164,4,7,32,Premium,East,1
3836,156,14,3,21,Basic,South,1
3837,213,19,3,21,Premium,East,0
3838,277,9,2,11,Basic,South,1
3839,332,29,1,2,Basic,North,0
3840,83,1,6,52,Standard,North,1
3841,375,22,1,6,Basic,East,0
3842,283,16,3,13,Basic,North,1
3843,114,3,6,33,Premium,East,1
3844,159,8,5,47,Basic,West,1
3845,125,14,3,12,Standard,South,1
3846,241,12,1,14,Basic,North,0
3847,470,25,1,9,Premium,South,0
3848,467,29,0,5,Standard,West,0
3849,170,6,7,49,Standard,South,1
3850,230,19,1,18,Standard,West,0
3851,126,15,1,8,Premium,West,0
3852,47,1,3,57,Premium,West,1
3853,121,3,4,31,Basic,West,1
3854,43,6,7,35,Premium,North,1
3855,219,18,3,21,Standard,North,1
3856,110,3,3,20,Basic,North,1
3857,282,20,0,3,Premium,East,1
3858,373,21,1,0,Premium,East,0
3859,94,1,3,48,Basic,East,1
3860,217,9,2,13,Standard,West,0
3861,61,4,4,24,Premium,West,1
3862,258,10,3,11,Premium,East,0
3863,242,13,1,14,Standard,North,0
3864,138,9,3,18,Premium,North,0
3865,289,10,2,10,Standard,West,0
3866,122,2,3,26,Basic,West,1
3867,368,23,0,3,Basic,South,0
3868,270,20,1,2,Premium,North,0
3869,491,21,0,2,Premium,East,0
3870,21,1,4,20,Basic,West,1
3871,384,25,0,4,Standard,North,0
3872,107,1,4,28,Premium,South,1
3873,47,7,7,51,Premium,East,1
3874,257,14,2,23,Basic,North,0
3875,60,9,6,49,Standard,South,1
3876,265,11,2,10,Standard,East,0
3877,37,8,5,25,Standard,West,1
3878,462,25,0,10,Premium,East,0
3879,382,24,1,5,Premium,South,0
3880,64,9,5,45,Standard,South,1
3881,250,9,3,11,Basic,East,0
3882,258,13,2,9,Premium,North,0
3883,357,19,1,11,Standard,East,0
3884,88,5,3,40,Basic,West,1
3885,121,4,4,50,Standard,North,1
3886,125,3,3,27,Standard,East,1
3887,216,15,2,21,Basic,North,1
3888,492,27,0,5,Standard,North,0
3889,194,17,2,18,Premium,East,0
3890,438,29,0,0,Basic,South,1
3891,67,8,3,24,Premium,East,0
3892,265,17,3,12,Premium,West,0
3893,98,1,7,45,Premium,South,1
3894,60,1,3,52,Basic,South,1
3895,72,6,7,50,Standard,South,1
3896,277,9,1,10,Standard,East,0
3897,187,10,2,13,Standard,North,0
3898,283,11,3,14,Premium,South,1
3899,178,12,3,11,Premium,South,0
3900,144,19,3,14,Premium,West,0
3901,185,14,3,14,Premium,South,0
3902,150,5,6,49,Premium,West,1
3903,360,26,0,2,Premium,East,0
3904,377,21,0,5,Standard,West,0
3905,187,9,3,18,Premium,East,0
3906,436,21,0,8,Standard,South,0
3907,334,20,0,8,Basic,South,0
3908,470,28,1,3,Basic,South,1
3909,273,12,2,23,Premium,East,1
3910,50,4,4,45,Standard,North,1
3911,163,16,3,16,Standard,East,1
3912,43,4,7,51,Standard,East,1
3913,54,7,7,39,Standard,East,1
3914,127,17,3,17,Premium,North,1
3915,89,5,7,53,Standard,South,1
3916,282,24,0,4,Premium,North,0
3917,209,8,3,22,Standard,South,0
3918,218,13,1,20,Standard,West,0
3919,117,2,5,34,Premium,North,1
3920,386,27,0,3,Basic,South,0
3921,181,11,1,17,Premium,North,0
3922,144,19,1,21,Basic,North,1
3923,175,3,4,39,Premium,North,1
3924,328,28,1,1,Premium,North,0
3925,36,2,6,28,Basic,East,1
3926,177,9,3,18,Standard,South,0
3927,152,17,2,8,Standard,South,0
3928,441,24,0,8,Standard,North,0
3929,140,13,2,11,Basic,South,1
3930,182,11,1,21,Basic,South,1
3931,360,28,0,3,Basic,East,0
3932,167,5,6,48,Standard,East,1
3933,435,19,1,0,Premium,North,0
3934,230,18,2,24,Standard,West,0
3935,317,20,0,0,Premium,East,0
3936,94,9,6,26,Standard,North,1
3937,129,8,3,24,Basic,East,1
3938,384,23,0,11,Basic,East,1
3939,440,19,0,0,Premium,North,0
3940,206,16,2,9,Premium,West,0
3941,186,16,3,19,Premium,South,0
3942,145,13,3,11,Standard,West,0
3943,391,22,1,6,Standard,West,0
3944,291,20,0,1,Premium,South,0
3945,291,23,1,9,Basic,East,1
3946,115,6,3,42,Premium,South,1
3947,129,7,6,20,Basic,West,1
3948,133,8,2,22,Standard,East,1
3949,123,3,4,59,Standard,South,1
3950,98,5,3,52,Basic,South,1
3951,478,19,0,3,Basic,South,0
3952,47,9,3,30,Premium,East,1
3953,168,18,1,19,Premium,East,0
3954,425,22,0,0,Standard,East,0
3955,406,22,1,9,Standard,West,0
3956,493,28,1,9,Basic,South,0
3957,292,10,2,10,Premium,West,0
3958,194,17,3,8,Basic,West,0
3959,392,27,0,5,Premium,North,0
3960,480,24,0,9,Premium,North,0
3961,177,8,5,22,Basic,South,0
3962,55,6,3,37,Premium,East,1
3963,69,7,6,31,Standard,West,1
3964,95,8,6,55,Premium,North,1
3965,391,18,0,2,Basic,South,1
3966,196,16,1,16,Premium,South,0
3967,135,18,3,23,Standard,East,0
3968,171,19,2,20,Standard,South,0
3969,418,19,1,10,Basic,East,0
3970,93,4,4,46,Standard,East,1
3971,259,25,0,9,Standard,East,0
3972,125,14,3,16,Premium,South,0
3973,472,27,0,3,Premium,East,0
3974,417,18,1,6,Standard,West,0
3975,166,17,3,8,Premium,South,0
3976,368,22,1,4,Standard,South,0
3977,157,19,3,17,Premium,East,0
3978,475,20,1,5,Standard,West,0
3979,178,16,2,15,Premium,South,0
3980,498,24,0,5,Basic,West,0
3981,355,26,1,7,Basic,East,0
3982,91,3,5,28,Standard,East,1
3983,472,26,1,11,Standard,West,0
3984,358,25,0,4,Standard,South,0
3985,344,18,0,8,Standard,South,0
3986,86,1,7,59,Basic,East,1
3987,168,14,2,18,Premium,South,0
3988,107,9,3,28,Premium,South,0
3989,232,13,2,22,Premium,North,0
3990,69,9,3,27,Standard,West,1
3991,201,10,1,11,Basic,West,0
3992,133,3,6,41,Standard,North,1
3993,227,16,1,18,Standard,North,0
3994,155,12,3,13,Basic,West,1
3995,451,25,0,3,Basic,West,0
3996,54,1,7,28,Basic,South,1
3997,189,14,1,8,Standard,East,0
3998,410,27,0,11,Premium,East,0
3999,36,4,7,26,Premium,East,1
4000,152,6,4,26,Premium,North,1
4001,73,4,5,44,Basic,South,1
4002,80,6,7,22,Basic,South,1
4003,281,15,1,19,Basic,East,0
4004,128,19,2,17,Basic,South,1
4005,410,22,1,8,Standard,East,0
4006,283,8,1,9,Basic,North,0
4007,164,7,6,21,Standard,West,1
4008,288,9,3,23,Premium,East,0
4009,208,8,2,23,Standard,West,1
4010,298,17,3,17,Premium,North,0
4011,425,19,1,7,Standard,South,0
4012,114,9,5,58,Premium,West,1
4013,176,9,2,16,Premium,North,1
4014,331,18,1,2,Standard,South,0
4015,448,27,1,2,Standard,South,0
4016,341,21,1,1,Basic,North,0
4017,476,22,1,3,Standard,South,0
4018,241,10,2,20,Premium,South,0
4019,434,23,0,2,Standard,North,0
4020,33,4,6,57,Basic,East,1
4021,20,7,6,23,Standard,North,1
4022,267,18,0,2,Basic,North,0
4023,125,10,1,19,Standard,East,0
4024,184,12,1,15,Standard,South,0
4025,162,9,2,16,Standard,West,0
4026,23,1,7,20,Basic,South,1
4027,75,2,3,39,Basic,West,1
4028,329,19,0,9,Basic,South,0
4029,483,20,1,10,Premium,North,0
4030,200,16,1,12,Basic,North,0
4031,255,16,2,9,Premium,West,0
4032,271,10,3,18,Premium,East,0
4033,279,14,1,10,Premium,South,0
4034,60,8,5,57,Standard,East,1
4035,153,19,2,17,Basic,South,0
4036,46,8,4,46,Standard,North,1
4037,369,26,0,10,Standard,West,0
4038,369,18,1,5,Standard,North,1
4039,271,8,2,18,Premium,South,0
4040,299,16,3,21,Standard,East,1
4041,465,25,1,0,Standard,East,0
4042,62,3,3,26,Premium,East,1
4043,458,20,0,7,Premium,North,0
4044,157,2,5,29,Standard,East,1
4045,98,5,7,50,Basic,West,1
4046,214,17,2,11,Premium,East,0
4047,134,18,1,16,Standard,East,0
4048,435,25,0,8,Basic,South,0
4049,94,9,5,38,Premium,East,1
4050,30,3,3,43,Basic,South,1
4051,333,23,1,6,Standard,North,0
4052,131,12,1,22,Basic,West,0
4053,246,15,3,16,Standard,North,0
4054,219,14,2,21,Standard,West,1
4055,169,9,2,14,Standard,South,0
4056,98,9,5,35,Basic,North,1
4057,200,14,2,10,Premium,South,0
4058,21,3,3,56,Premium,West,1
4059,164,9,5,53,Premium,East,0
4060,238,19,3,23,Standard,North,1
4061,340,25,1,4,Basic,West,0
4062,130,4,6,52,Standard,West,1
4063,137,13,1,17,Premium,North,0
4064,327,26,1,7,Premium,North,0
4065,73,7,7,55,Standard,North,1
4066,58,6,7,55,Basic,North,1
4067,193,11,1,15,Standard,North,0
4068,316,28,0,6,Premium,South,0
4069,274,10,2,20,Premium,West,0
4070,401,24,0,10,Standard,East,0
4071,157,1,3,32,Standard,East,1
4072,379,19,0,8,Standard,West,0
4073,87,2,5,56,Standard,East,1
4074,163,10,1,17,Basic,East,0
4075,127,8,3,39,Basic,North,1
4076,227,19,2,14,Standard,West,0
4077,25,6,6,46,Premium,East,1
4078,31,8,4,35,Premium,West,1
4079,255,16,1,24,Standard,East,1
4080,122,1,5,48,Basic,South,1
4081,262,19,0,0,Basic,North,1
4082,352,20,1,7,Basic,East,1
4083,252,12,2,16,Premium,North,0
4084,125,2,6,27,Premium,West,1
4085,307,18,1,1,Basic,East,0
4086,52,2,6,39,Premium,East,1
4087,413,26,0,5,Premium,South,0
4088,125,14,3,11,Basic,East,1
4089,143,12,1,11,Standard,North,0
4090,292,12,1,17,Basic,West,0
4091,172,4,4,45,Basic,South,1
4092,450,18,1,8,Premium,East,0
4093,124,2,5,47,Standard,South,1
4094,35,5,7,54,Basic,West,1
4095,51,2,4,57,Basic,West,1
4096,229,12,3,20,Standard,North,0
4097,72,1,6,22,Premium,North,1
4098,73,8,4,23,Standard,West,1
4099,294,9,2,9,Standard,East,0
4100,168,5,6,42,Standard,North,1
4101,21,6,4,35,Basic,South,0
4102,135,13,1,19,Basic,East,1
4103,56,8,7,41,Standard,South,1
4104,281,18,1,0,Premium,East,0
4105,426,18,0,5,Standard,North,1
4106,399,22,1,2,Standard,North,0
4107,334,19,1,11,Basic,West,1
4108,473,24,0,0,Basic,South,0
4109,90,3,6,22,Standard,West,0
4110,280,19,1,4,Premium,East,1
4111,366,19,0,10,Basic,West,0
4112,493,18,0,8,Basic,West,0
4113,438,23,1,0,Standard,North,0
4114,180,16,1,21,Basic,East,1
4115,286,9,2,15,Standard,South,0
4116,86,2,4,57,Basic,West,1
4117,361,22,1,5,Premium,North,0
4118,58,8,6,47,Premium,North,1
4119,153,11,3,13,Standard,North,0
4120,53,3,3,48,Standard,West,1
4121,261,12,1,14,Premium,South,0
4122,102,4,6,37,Standard,South,1
4123,57,9,4,20,Basic,East,0
4124,250,20,0,11,Standard,North,1
4125,157,2,6,47,Basic,West,1
4126,282,25,1,9,Standard,East,0
4127,180,16,1,9,Standard,South,0
4128,150,14,2,22,Basic,West,1
4129,167,9,3,19,Premium,North,0
4130,147,8,3,40,Premium,North,0
4131,256,19,2,21,Premium,North,1
4132,318,22,0,1,Premium,South,0
4133,172,9,2,22,Basic,North,1
4134,30,3,3,46,Basic,West,1
4135,397,20,1,6,Basic,North,0
4136,49,8,3,20,Standard,South,1
4137,49,8,4,46,Standard,East,1
4138,55,7,5,55,Premium,South,1
4139,155,16,1,20,Standard,North,0
4140,336,26,1,11,Standard,West,0
4141,189,10,3,11,Basic,East,0
4142,482,23,0,9,Standard,West,0
4143,157,7,5,43,Basic,East,1
4144,129,7,4,43,Basic,South,1
4145,348,19,0,4,Premium,North,0
4146,77,8,4,49,Standard,North,1
4147,281,28,1,1,Standard,East,1
4148,266,13,2,12,Basic,South,0
4149,23,3,7,25,Standard,East,1
4150,225,15,1,21,Basic,North,1
4151,496,29,0,9,Premium,South,0
4152,322,28,1,10,Basic,South,0
4153,467,25,1,4,Standard,West,0
4154,378,23,1,8,Basic,North,0
4155,231,11,2,24,Basic,West,0
4156,105,3,6,31,Premium,North,1
4157,127,9,6,56,Premium,West,1
4158,475,25,1,8,Premium,South,0
4159,62,9,7,46,Basic,West,1
4160,151,2,5,52,Standard,North,1
4161,94,1,5,30,Basic,South,1
4162,384,19,0,7,Standard,West,1
4163,240,17,1,17,Standard,South,0
4164,160,12,1,13,Basic,North,0
4165,345,25,1,9,Premium,East,0
4166,151,4,3,42,Premium,South,1
4167,139,6,3,36,Standard,West,1
4168,43,6,7,36,Standard,North,1
4169,145,19,3,9,Premium,West,0
4170,399,24,1,0,Standard,West,0
4171,461,23,0,3,Standard,South,0
4172,403,21,1,11,Premium,West,0
4173,193,9,3,8,Standard,South,0
4174,223,13,2,22,Premium,East,0
4175,294,27,1,10,Premium,East,0
4176,289,8,1,24,Basic,South,1
4177,154,9,7,59,Basic,West,1
4178,92,3,5,28,Standard,West,1
4179,409,21,0,0,Basic,North,0
4180,177,13,3,15,Premium,West,0
4181,371,23,1,7,Standard,East,0
4182,234,13,2,9,Premium,South,0
4183,382,28,0,7,Premium,North,0
4184,223,19,3,12,Basic,East,0
4185,56,6,3,53,Standard,South,1
4186,94,9,4,56,Premium,North,1
4187,259,8,2,8,Standard,East,0
4188,226,16,2,14,Premium,North,0
4189,363,21,0,6,Standard,South,0
4190,144,3,4,58,Standard,East,1
4191,220,16,3,14,Premium,West,0
4192,311,20,0,4,Basic,North,0
4193,275,20,0,1,Standard,North,0
4194,155,17,1,11,Standard,North,0
4195,155,2,7,42,Standard,East,1
4196,129,5,3,53,Basic,South,1
4197,273,8,1,16,Basic,East,0
4198,87,2,7,41,Standard,North,0
4199,83,8,6,37,Basic,North,1
4200,363,21,1,9,Standard,West,0
4201,249,8,2,10,Premium,South,0
4202,271,19,2,17,Basic,South,0
4203,69,6,6,49,Premium,East,1
4204,472,19,1,10,Premium,South,0
4205,346,28,1,5,Standard,East,0
4206,280,12,3,8,Basic,West,0
4207,403,22,1,0,Standard,West,0
4208,60,5,4,32,Standard,East,1
4209,467,26,1,4,Standard,West,0
4210,299,9,3,11,Premium,North,0
4211,25,6,7,25,Basic,East,1
4212,270,29,1,7,Premium,West,0
4213,398,21,0,9,Standard,North,0
4214,293,11,2,15,Basic,West,1
4215,408,20,1,1,Premium,East,0
4216,164,6,3,51,Premium,South,1
4217,30,1,4,56,Basic,East,1
4218,288,28,1,8,Basic,West,0
4219,376,23,0,0,Standard,West,0
4220,399,21,0,2,Premium,North,0
4221,290,8,1,16,Basic,South,0
4222,363,26,0,11,Standard,East,0
4223,289,13,3,12,Standard,West,0
4224,333,27,1,9,Basic,North,0
4225,239,19,1,22,Basic,South,1
4226,25,4,6,38,Basic,North,1
4227,479,18,1,6,Premium,East,0
4228,119,5,5,29,Premium,East,1
4229,235,15,2,10,Standard,West,0
4230,478,20,1,4,Premium,West,0
4231,357,24,0,7,Premium,South,0
4232,325,20,1,11,Standard,South,0
4233,448,19,1,5,Basic,North,0
4234,87,7,5,25,Basic,North,1
4235,170,13,3,17,Standard,North,0
4236,340,19,1,3,Basic,South,0
4237,235,18,3,15,Basic,South,0
4238,386,25,0,8,Standard,South,0
4239,48,3,7,27,Basic,South,1
4240,288,19,0,10,Basic,East,0
4241,366,22,0,3,Standard,South,0
4242,397,28,1,0,Basic,South,0
4243,63,1,6,37,Basic,West,1
4244,247,10,3,13,Premium,West,0
4245,255,15,2,8,Premium,West,0
4246,74,8,7,23,Premium,North,1
4247,31,6,6,35,Standard,South,1
4248,364,28,1,3,Premium,East,0
4249,239,10,2,17,Premium,South,0
4250,483,29,0,6,Basic,East,0
4251,98,7,6,41,Basic,South,1
4252,291,26,1,5,Standard,West,1
4253,39,9,7,49,Premium,North,1
4254,306,28,0,9,Basic,South,1
4255,152,3,4,27,Standard,East,1
4256,260,29,1,1,Premium,West,0
4257,258,19,2,22,Basic,South,1
4258,165,9,3,15,Premium,South,0
4259,391,19,0,5,Basic,North,1
4260,289,13,1,14,Standard,North,0
4261,158,5,3,26,Premium,North,0
4262,242,13,3,14,Basic,West,1
4263,46,9,3,55,Standard,West,1
4264,418,29,1,2,Standard,North,0
4265,348,20,0,8,Basic,North,0
4266,280,14,3,13,Standard,East,0
4267,99,9,3,58,Standard,West,1
4268,286,15,2,8,Standard,West,0
4269,63,4,5,25,Standard,East,1
4270,99,9,4,30,Basic,West,1
4271,280,22,0,6,Premium,East,0
4272,325,20,1,5,Standard,North,0
4273,139,1,6,55,Basic,South,1
4274,176,9,1,22,Basic,West,0
4275,80,4,6,52,Premium,West,1
4276,253,24,1,10,Standard,South,0
4277,368,29,0,5,Basic,East,0
4278,100,9,6,31,Premium,South,0
4279,244,8,3,22,Basic,South,1
4280,40,2,4,26,Premium,West,1
4281,151,9,6,54,Premium,South,0
4282,444,27,1,9,Standard,East,0
4283,75,8,4,21,Premium,East,1
4284,400,23,1,10,Basic,South,0
4285,133,8,3,19,Basic,West,1
4286,281,24,1,1,Premium,East,0
4287,123,7,3,23,Premium,West,1
4288,90,2,6,30,Premium,East,1
4289,258,8,2,23,Premium,South,0
4290,147,10,3,9,Basic,South,1
4291,83,1,7,33,Basic,West,1
4292,349,26,0,4,Premium,East,0
4293,38,1,4,49,Basic,West,1
4294,163,8,7,34,Standard,West,1
4295,485,19,1,2,Standard,West,1
4296,138,14,2,8,Standard,South,0
4297,324,23,1,1,Premium,South,0
4298,273,19,3,12,Standard,East,0
4299,144,19,2,19,Basic,East,0
4300,333,29,0,10,Basic,East,0
4301,252,11,1,20,Basic,North,0
4302,328,19,1,1,Standard,East,1
4303,260,18,3,18,Premium,North,0
4304,483,29,0,8,Standard,North,0
4305,422,23,1,10,Premium,West,0
4306,292,27,0,6,Standard,East,0
4307,411,20,0,5,Standard,South,1
4308,36,6,3,37,Standard,East,1
4309,297,17,1,9,Basic,West,0
4310,226,10,1,17,Basic,North,1
4311,158,18,2,17,Standard,West,0
4312,359,21,0,10,Premium,East,0
4313,264,14,2,18,Standard,West,0
4314,65,6,7,28,Premium,North,1
4315,100,4,6,43,Standard,North,1
4316,49,7,4,58,Standard,South,1
4317,265,16,2,24,Standard,East,1
4318,200,11,2,16,Standard,East,1
4319,275,8,3,15,Standard,East,0
4320,135,6,7,56,Basic,East,1
4321,354,18,0,0,Standard,North,0
4322,179,3,3,35,Basic,South,1
4323,465,19,1,11,Basic,South,0
4324,385,29,1,9,Premium,East,0
4325,381,27,0,3,Standard,West,0
4326,356,23,1,8,Standard,North,0
4327,74,5,6,28,Basic,North,1
4328,136,5,4,47,Basic,North,1
4329,65,7,7,35,Basic,North,1
4330,449,18,1,0,Standard,North,0
4331,490,27,1,0,Basic,East,1
4332,466,24,0,2,Premium,South,0
4333,142,6,3,57,Basic,North,1
4334,277,9,2,24,Standard,North,0
4335,307,28,0,6,Standard,East,0
4336,170,7,6,34,Premium,North,1
4337,103,9,4,34,Basic,West,1
4338,66,7,5,39,Basic,West,1
4339,168,10,1,9,Basic,North,0
4340,467,27,0,11,Basic,North,0
4341,166,19,2,24,Basic,West,1
4342,484,25,0,1,Premium,South,0
4343,287,22,1,7,Standard,West,0
4344,422,19,1,8,Basic,East,0
4345,64,3,7,40,Standard,West,1
4346,195,11,3,18,Premium,West,0
4347,247,14,1,23,Premium,West,0
4348,54,7,4,36,Premium,North,1
4349,485,25,0,9,Standard,North,0
4350,135,8,5,57,Standard,West,1
4351,264,16,2,9,Standard,North,0
4352,92,2,7,53,Standard,East,1
4353,269,11,2,9,Standard,North,1
4354,134,7,3,40,Premium,North,1
4355,190,11,1,15,Basic,North,0
4356,134,8,2,19,Standard,South,0
4357,479,24,0,4,Basic,North,0
4358,392,24,0,9,Standard,North,0
4359,485,29,1,11,Basic,North,0
4360,151,10,3,10,Standard,West,0
4361,279,9,1,16,Premium,North,0
4362,496,20,0,9,Premium,South,0
4363,243,17,2,23,Basic,South,0
4364,175,2,4,57,Premium,South,1
4365,117,1,7,26,Standard,East,1
4366,299,9,3,24,Basic,East,1
4367,293,25,1,6,Basic,East,0
4368,491,24,0,1,Premium,East,0
4369,410,24,0,11,Basic,North,1
4370,150,17,1,9,Standard,North,1
4371,301,28,0,2,Standard,North,0
4372,154,4,4,34,Standard,North,1
4373,253,21,1,6,Premium,North,0
4374,136,9,2,8,Basic,North,0
4375,430,21,0,4,Standard,East,0
4376,159,17,3,19,Premium,West,0
4377,147,18,1,22,Basic,East,0
4378,73,2,5,27,Basic,East,1
4379,241,16,2,12,Standard,East,0
4380,294,12,2,11,Standard,West,0
4381,358,18,0,5,Basic,North,0
4382,227,9,1,15,Standard,South,0
4383,295,29,0,3,Premium,East,0
4384,180,8,1,17,Basic,East,0
4385,375,25,1,0,Standard,South,0
4386,291,17,3,19,Standard,South,0
4387,65,6,6,53,Standard,East,1
4388,254,8,2,10,Standard,East,0
4389,235,19,1,19,Basic,West,0
4390,461,22,1,0,Premium,East,0
4391,450,27,0,9,Basic,North,1
4392,439,21,0,8,Standard,West,0
4393,362,29,0,8,Standard,North,0
4394,425,20,1,2,Basic,East,0
4395,240,14,2,16,Premium,East,0
4396,161,9,1,20,Premium,East,0
4397,131,4,6,49,Premium,North,1
4398,163,2,4,39,Standard,East,0
4399,273,28,1,10,Premium,East,0
4400,333,27,1,9,Premium,West,0
4401,154,10,1,13,Premium,North,1
4402,43,6,4,26,Basic,West,1
4403,285,21,0,4,Basic,North,0
4404,407,24,0,4,Standard,South,1
4405,495,23,0,9,Premium,East,0
4406,56,6,5,57,Standard,South,1
4407,179,13,3,10,Basic,North,0
4408,351,23,1,5,Premium,East,0
4409,39,3,4,59,Basic,East,1
4410,191,13,3,22,Premium,East,1
4411,327,24,0,9,Standard,West,0
4412,157,3,4,49,Standard,South,1
4413,107,2,5,56,Standard,East,1
4414,174,1,5,26,Standard,West,1
4415,196,9,3,13,Premium,South,1
4416,273,13,3,22,Premium,South,0
4417,412,28,1,8,Standard,West,1
4418,134,3,7,55,Standard,West,1
4419,177,13,2,9,Basic,West,1
4420,233,9,1,24,Premium,West,0
4421,453,20,1,6,Standard,North,0
4422,40,1,6,51,Standard,East,1
4423,160,1,6,26,Premium,West,1
4424,22,2,4,50,Basic,North,1
4425,403,20,1,6,Premium,East,0
4426,330,23,0,1,Basic,South,0
4427,120,3,4,58,Basic,North,1
4428,98,2,7,51,Premium,South,1
4429,160,1,3,35,Premium,West,1
4430,270,11,3,17,Standard,South,0
4431,260,16,2,14,Basic,East,0
4432,113,3,7,22,Standard,East,1
4433,285,14,2,9,Premium,South,0
4434,150,9,4,51,Premium,East,0
4435,84,4,6,47,Premium,South,1
4436,297,14,1,22,Standard,East,0
4437,352,18,1,3,Basic,West,1
4438,163,8,5,52,Basic,West,1
4439,158,18,3,14,Basic,North,0
4440,291,26,0,5,Standard,North,0
4441,95,7,6,39,Standard,South,1
4442,276,21,0,6,Standard,North,0
4443,91,2,4,37,Premium,North,1
4444,171,12,3,12,Standard,South,1
4445,215,17,1,20,Basic,South,0
4446,143,3,4,30,Premium,South,1
4447,220,14,2,19,Premium,East,0
4448,179,8,2,19,Basic,North,0
4449,173,10,1,17,Basic,South,0
4450,436,28,0,1,Standard,East,0
4451,74,6,3,52,Standard,West,1
4452,363,25,1,11,Standard,North,0
4453,163,5,6,50,Standard,West,1
4454,440,22,0,2,Premium,North,0
4455,146,9,7,54,Basic,South,1
4456,312,18,1,11,Basic,West,0
4457,192,19,1,10,Premium,West,0
4458,29,7,6,56,Premium,South,1
4459,218,8,1,13,Premium,West,0
4460,377,28,0,4,Basic,South,0
4461,136,1,7,36,Basic,East,1
4462,79,2,7,55,Standard,North,1
4463,61,1,6,45,Basic,East,1
4464,151,7,4,53,Premium,East,1
4465,141,13,2,23,Standard,East,0
4466,238,13,2,17,Premium,West,0
4467,236,8,3,19,Premium,North,0
4468,28,2,7,23,Basic,West,1
4469,131,6,3,21,Basic,East,1
4470,353,25,1,5,Standard,East,0
4471,245,14,2,9,Premium,South,0
4472,207,17,3,10,Standard,West,1
4473,95,8,7,30,Standard,West,1
4474,468,24,0,11,Premium,West,0
4475,425,22,0,7,Basic,East,0
4476,165,19,2,17,Standard,East,0
4477,259,10,1,21,Premium,West,0
4478,249,16,1,19,Basic,North,0
4479,138,14,3,17,Basic,East,0
4480,209,18,3,13,Basic,West,0
4481,396,20,1,7,Basic,West,0
4482,497,25,1,11,Basic,East,0
4483,497,19,1,3,Standard,South,0
4484,286,8,1,8,Premium,West,0
4485,138,8,4,20,Basic,North,1
4486,215,12,1,21,Basic,North,0
4487,79,3,3,28,Premium,South,0
4488,26,5,5,34,Basic,South,1
4489,75,9,5,27,Basic,North,1
4490,315,22,1,3,Standard,East,0
4491,166,10,1,22,Standard,South,1
4492,53,2,3,28,Premium,South,1
4493,151,6,3,28,Standard,North,1
4494,171,9,3,11,Basic,West,0
4495,121,1,4,42,Basic,West,1
4496,277,8,2,21,Standard,North,0
4497,286,17,3,19,Basic,West,0
4498,99,9,4,43,Standard,East,1
4499,35,5,7,49,Premium,East,1
4500,491,22,0,2,Premium,North,0
4501,169,19,2,9,Standard,South,0
4502,79,1,5,53,Basic,South,1
4503,114,2,3,23,Basic,East,1
4504,309,18,0,0,Basic,North,0
4505,203,16,3,22,Basic,South,1
4506,306,26,0,11,Basic,South,0
4507,345,23,0,5,Premium,East,0
4508,252,8,1,12,Premium,South,0
4509,37,6,4,32,Basic,East,1
4510,429,28,1,4,Standard,West,0
4511,175,13,3,24,Basic,West,1
4512,24,8,5,23,Premium,East,0
4513,79,9,5,28,Standard,East,1
4514,202,15,1,8,Basic,East,0
4515,282,17,2,21,Standard,East,0
4516,265,15,1,22,Standard,North,0
4517,348,19,0,4,Standard,West,0
4518,252,13,3,23,Premium,West,1
4519,231,8,1,19,Basic,South,0
4520,92,5,3,23,Basic,West,1
4521,87,5,6,57,Premium,South,1
4522,412,26,1,0,Basic,South,0
4523,77,9,6,52,Standard,East,1
4524,31,3,5,44,Premium,West,1
4525,108,1,5,41,Premium,South,1
4526,110,4,4,32,Basic,West,1
4527,125,14,3,23,Basic,North,1
4528,213,14,2,12,Standard,South,0
4529,89,9,7,42,Premium,East,1
4530,396,29,1,9,Premium,East,0
4531,295,19,0,5,Basic,West,0
4532,131,5,4,21,Basic,North,1
4533,332,29,1,10,Standard,East,0
4534,126,18,1,14,Basic,North,0
4535,247,13,2,8,Standard,North,0
4536,371,26,1,5,Premium,West,0
4537,227,9,2,10,Standard,West,0
4538,42,9,3,37,Premium,East,1
4539,36,9,5,32,Standard,South,1
4540,147,9,4,50,Basic,South,1
4541,299,19,1,10,Basic,North,0
4542,48,3,4,52,Basic,East,1
4543,188,9,3,22,Basic,East,1
4544,135,7,3,59,Standard,East,1
4545,199,16,2,21,Standard,North,0
4546,273,14,2,24,Basic,West,1
4547,408,25,1,9,Premium,West,0
4548,29,6,7,50,Basic,West,1
4549,22,8,7,20,Standard,West,0
4550,154,9,5,49,Premium,North,1
4551,135,4,6,22,Premium,West,1
4552,472,28,1,9,Standard,West,0
4553,179,17,2,14,Basic,North,0
4554,111,6,3,30,Standard,South,1
4555,248,12,3,8,Premium,North,0
4556,162,9,7,42,Standard,South,1
4557,239,15,2,11,Basic,East,0
4558,429,23,0,11,Basic,North,0
4559,277,18,1,16,Basic,East,0
4560,320,29,0,7,Standard,South,0
4561,291,19,1,12,Premium,North,0
4562,154,7,7,36,Standard,South,1
4563,269,16,3,23,Standard,West,1
4564,132,10,2,23,Basic,South,0
4565,38,8,6,49,Standard,East,1
4566,46,5,7,28,Basic,West,1
4567,355,21,0,0,Basic,East,0
4568,344,23,0,2,Basic,South,0
4569,132,16,3,8,Standard,South,0
4570,54,3,7,31,Basic,East,1
4571,296,28,1,0,Premium,North,0
4572,197,14,2,11,Basic,East,0
4573,173,10,1,10,Basic,West,0
4574,67,2,4,36,Basic,South,1
4575,489,27,0,0,Standard,West,0
4576,131,8,2,12,Premium,West,0
4577,360,18,0,11,Premium,North,0
4578,288,8,3,20,Premium,North,0
4579,219,9,3,10,Standard,South,0
4580,70,6,6,36,Basic,South,1
4581,159,5,5,59,Basic,West,1
4582,261,18,2,23,Premium,East,0
4583,399,26,0,11,Standard,South,0
4584,149,6,4,22,Standard,North,1
4585,91,4,3,43,Basic,East,1
4586,135,8,3,14,Standard,North,0
4587,413,25,1,7,Standard,East,0
4588,108,6,6,42,Premium,West,1
4589,202,10,2,10,Standard,South,0
4590,325,24,0,1,Standard,East,1
4591,221,19,2,10,Standard,East,0
4592,139,12,3,12,Standard,South,1
4593,239,13,3,24,Premium,South,0
4594,99,6,6,30,Standard,West,1
4595,49,9,6,43,Basic,North,1
4596,198,14,2,8,Standard,South,0
4597,399,19,1,3,Premium,East,0
4598,70,6,6,49,Standard,North,1
4599,495,19,0,10,Premium,West,0
4600,172,6,4,40,Standard,West,1
4601,318,22,1,6,Premium,West,0
4602,42,5,6,31,Premium,South,1
4603,47,4,5,43,Standard,North,1
4604,224,10,1,24,Standard,North,0
4605,50,1,4,42,Basic,East,1
4606,250,27,1,7,Premium,South,0
4607,403,19,0,7,Premium,West,0
4608,425,26,1,3,Premium,South,0
4609,88,3,3,24,Standard,North,1
4610,445,24,0,6,Standard,North,0
4611,164,1,4,37,Basic,North,1
4612,474,21,1,3,Basic,West,0
4613,306,26,0,4,Premium,West,0
4614,143,5,4,22,Premium,South,1
4615,374,24,1,11,Standard,West,0
4616,23,6,3,45,Basic,West,1
4617,111,5,4,46,Basic,West,1
4618,200,14,3,12,Basic,West,0
4619,222,16,1,10,Basic,South,0
4620,69,8,4,43,Basic,East,1
4621,144,11,3,13,Basic,West,0
4622,51,5,6,52,Standard,North,1
4623,230,16,3,18,Standard,North,0
4624,117,4,7,42,Basic,North,1
4625,212,15,1,22,Standard,South,0
4626,131,15,1,8,Standard,West,0
4627,96,5,3,29,Premium,East,1
4628,94,3,7,49,Standard,South,1
4629,499,24,0,3,Standard,South,0
4630,144,18,2,12,Basic,South,1
4631,268,29,0,4,Premium,West,0
4632,30,4,6,59,Premium,East,1
4633,434,28,1,3,Basic,North,1
4634,245,14,1,21,Premium,West,0
4635,84,8,4,49,Standard,East,1
4636,247,12,2,15,Standard,North,0
4637,445,21,1,3,Premium,North,0
4638,268,17,2,23,Premium,North,0
4639,146,4,7,57,Premium,East,1
4640,257,24,1,4,Basic,East,0
4641,296,17,3,15,Basic,East,1
4642,389,22,1,4,Premium,South,0
4643,340,21,0,0,Standard,North,0
4644,162,4,6,22,Standard,West,1
4645,138,15,2,11,Basic,East,0
4646,46,1,3,50,Basic,West,1
4647,383,29,1,2,Standard,North,0
4648,346,21,0,4,Basic,North,0
4649,104,8,6,32,Basic,South,1
4650,131,1,7,56,Standard,West,1
4651,298,16,1,15,Standard,South,0
4652,130,4,7,37,Basic,South,1
4653,165,8,3,38,Premium,West,0
4654,490,28,0,1,Premium,North,0
4655,67,2,4,46,Premium,West,1
4656,125,16,2,16,Premium,North,0
4657,206,13,3,11,Basic,South,1
4658,167,5,4,59,Basic,West,1
4659,154,8,3,15,Basic,West,1
4660,147,8,5,21,Premium,South,0
4661,351,21,0,4,Standard,West,0
4662,422,26,1,7,Standard,West,0
4663,85,3,7,24,Basic,East,1
4664,497,23,0,4,Premium,East,0
4665,147,1,3,22,Standard,West,1
4666,357,23,1,4,Standard,South,0
4667,293,14,1,21,Basic,East,1
4668,346,24,1,3,Standard,North,0
4669,154,15,1,24,Standard,East,0
4670,383,25,1,5,Premium,East,0
4671,92,7,5,57,Standard,South,1
4672,131,13,3,22,Premium,West,0
4673,130,5,3,48,Basic,West,1
4674,373,29,0,4,Premium,North,0
4675,408,27,0,0,Premium,West,0
4676,353,28,1,8,Premium,North,0
4677,70,6,5,55,Premium,North,1
4678,250,17,2,12,Premium,West,0
4679,418,20,0,8,Premium,East,0
4680,103,1,7,31,Basic,North,1
4681,69,4,4,37,Standard,South,1
4682,482,20,0,8,Premium,South,0
4683,190,19,1,13,Premium,South,0
4684,298,19,1,19,Standard,South,0
4685,274,18,1,14,Premium,South,0
4686,469,22,0,5,Premium,East,1
4687,275,14,1,11,Premium,North,0
4688,310,21,0,11,Standard,North,0
4689,373,28,1,8,Basic,East,0
4690,260,13,2,8,Basic,East,0
4691,165,3,6,49,Standard,North,1
4692,469,21,0,0,Basic,East,1
4693,149,7,4,41,Standard,West,1
4694,389,26,0,4,Standard,North,0
4695,470,18,1,8,Basic,East,0
4696,88,6,7,30,Standard,West,1
4697,321,21,1,9,Basic,South,0
4698,270,23,0,5,Standard,North,0
4699,290,10,1,10,Standard,West,0
4700,359,19,0,9,Standard,North,1
4701,20,6,7,21,Premium,South,1
4702,186,11,1,10,Premium,East,1
4703,399,28,1,0,Premium,South,0
4704,176,15,3,15,Premium,North,0
4705,149,17,3,24,Standard,East,1
4706,210,15,3,16,Standard,West,0
4707,269,11,3,13,Premium,North,0
4708,214,16,2,17,Basic,West,1
4709,382,23,1,6,Standard,East,0
4710,299,18,0,4,Premium,West,0
4711,469,29,1,7,Premium,West,0
4712,81,9,7,31,Standard,West,1
4713,148,13,3,12,Basic,West,0
4714,228,8,3,22,Standard,East,1
4715,293,19,1,3,Standard,East,0
4716,136,3,3,57,Standard,East,1
4717,46,1,5,58,Basic,West,1
4718,176,8,3,28,Basic,South,1
4719,224,16,3,19,Basic,East,1
4720,280,18,2,20,Premium,West,0
4721,275,23,0,5,Premium,West,0
4722,262,26,0,0,Standard,West,0
4723,50,4,3,28,Premium,South,1
4724,176,12,2,18,Premium,North,0
4725,141,9,3,55,Basic,East,1
4726,296,21,1,8,Premium,South,0
4727,485,27,0,9,Basic,South,0
4728,388,22,0,11,Basic,West,0
4729,415,23,0,9,Premium,South,0
4730,279,11,1,12,Premium,East,0
4731,73,2,3,40,Basic,West,1
4732,265,29,1,2,Basic,West,0
4733,135,4,4,53,Premium,South,0
4734,189,19,3,23,Premium,South,0
4735,174,3,6,51,Basic,South,1
4736,131,4,5,21,Premium,North,1
4737,309,26,1,11,Premium,North,0
4738,148,1,7,31,Basic,West,1
4739,287,26,0,9,Premium,West,0
4740,289,25,1,2,Basic,North,0
4741,467,21,1,0,Standard,East,0
4742,491,29,1,10,Basic,West,0
4743,232,12,2,22,Basic,South,0
4744,312,26,0,0,Premium,North,0
4745,78,6,3,49,Standard,East,1
4746,425,26,1,10,Premium,North,0
4747,42,5,7,40,Premium,West,1
4748,153,13,2,19,Premium,North,0
4749,145,8,7,47,Premium,North,1
4750,449,20,0,10,Standard,East,0
4751,435,29,1,11,Basic,South,0
4752,342,25,0,4,Standard,East,0
4753,204,9,1,11,Standard,West,0
4754,53,9,3,37,Basic,North,1
4755,160,6,3,35,Basic,East,1
4756,26,9,5,51,Standard,South,1
4757,71,1,6,38,Basic,West,1
4758,164,18,2,10,Premium,South,0
4759,48,2,7,43,Premium,North,1
4760,389,22,0,1,Premium,West,0
4761,142,13,2,12,Basic,West,1
4762,133,19,2,15,Premium,West,0
4763,320,20,0,3,Standard,South,0
4764,445,26,0,0,Basic,West,0
4765,97,9,7,55,Basic,West,1
4766,266,19,0,3,Basic,South,1
4767,228,13,1,16,Standard,North,0
4768,474,23,1,10,Standard,North,1
4769,144,19,3,22,Basic,West,1
4770,52,8,5,33,Standard,South,0
4771,61,6,3,50,Standard,North,1
4772,366,21,1,6,Basic,East,1
4773,161,2,3,53,Premium,North,1
4774,298,19,1,0,Basic,North,1
4775,153,6,7,34,Standard,West,1
4776,250,16,2,10,Standard,East,0
4777,399,20,0,0,Premium,East,0
4778,311,19,0,10,Standard,West,1
4779,260,10,3,16,Basic,West,1
4780,58,4,7,59,Premium,West,1
4781,292,18,1,11,Standard,South,0
4782,66,6,6,44,Standard,East,1
4783,240,16,2,12,Standard,East,0
4784,74,4,7,55,Basic,South,1
4785,233,15,3,19,Standard,West,0
4786,167,12,3,19,Premium,East,0
4787,486,24,0,2,Premium,West,0
4788,257,26,0,11,Standard,West,0
4789,133,11,1,22,Premium,West,0
4790,271,8,3,14,Basic,East,0
4791,330,29,0,2,Premium,East,0
4792,146,5,4,48,Premium,South,1
4793,172,12,3,17,Standard,South,0
4794,119,7,3,31,Premium,South,1
4795,354,25,0,5,Basic,South,0
4796,93,7,5,57,Basic,East,1
4797,293,17,3,20,Standard,East,0
4798,155,17,1,21,Basic,North,1
4799,499,25,1,8,Standard,West,0
4800,226,17,2,11,Premium,East,0
4801,427,25,0,1,Standard,South,0
4802,184,13,1,10,Standard,South,0
4803,34,5,5,47,Basic,South,0
4804,260,10,3,10,Standard,North,1
4805,461,19,1,8,Basic,East,0
4806,167,8,2,24,Premium,East,0
4807,133,3,7,53,Premium,East,1
4808,484,18,0,5,Standard,West,0
4809,480,23,0,6,Standard,West,0
4810,84,3,5,48,Standard,East,1
4811,494,21,1,6,Basic,North,0
4812,147,8,5,54,Standard,East,1
4813,141,14,1,20,Basic,South,0
4814,126,18,2,24,Basic,West,1
4815,129,6,6,52,Standard,South,1
4816,194,14,1,16,Standard,West,0
4817,116,3,4,53,Standard,West,1
4818,433,22,1,0,Basic,East,0
4819,120,7,7,33,Basic,East,1
4820,123,8,7,38,Standard,West,0
4821,153,9,5,24,Basic,South,1
4822,177,9,6,46,Standard,North,1
4823,171,8,2,11,Standard,East,0
4824,367,23,0,4,Premium,East,0
4825,117,4,6,39,Premium,South,1
4826,104,9,5,22,Basic,South,1
4827,483,23,0,0,Premium,West,0
4828,163,8,2,11,Premium,North,0
4829,287,29,1,6,Premium,East,0
4830,60,6,7,32,Basic,West,1
4831,271,20,0,5,Premium,East,0
4832,208,13,1,24,Premium,West,0
4833,78,1,7,23,Premium,South,1
4834,196,18,3,15,Premium,North,0
4835,66,2,7,30,Basic,East,1
4836,419,28,1,7,Standard,South,1
4837,54,2,6,21,Premium,West,1
4838,305,18,1,4,Premium,East,0
4839,203,15,2,9,Premium,North,0
4840,298,17,3,21,Premium,North,0
4841,149,15,3,17,Basic,West,1
4842,158,8,5,56,Premium,East,0
4843,259,12,1,14,Premium,West,0
4844,245,18,2,16,Premium,East,0
4845,112,9,4,31,Basic,South,1
4846,449,18,1,3,Basic,North,1
4847,261,14,1,21,Basic,North,1
4848,145,8,3,17,Standard,North,0
4849,317,29,0,2,Basic,West,0
4850,40,6,3,20,Basic,North,1
4851,154,8,5,42,Basic,West,1
4852,69,3,7,31,Basic,West,1
4853,333,21,0,7,Premium,South,0
4854,52,4,3,51,Premium,South,1
4855,286,20,0,3,Basic,North,0
4856,172,19,2,9,Basic,North,0
4857,297,25,1,1,Premium,North,0
4858,337,28,0,7,Premium,East,0
4859,351,24,1,0,Basic,West,0
4860,96,9,5,53,Standard,West,1
4861,265,13,2,18,Premium,South,0
4862,165,9,3,17,Standard,South,0
4863,197,9,1,21,Basic,East,0
4864,205,17,2,17,Standard,East,0
4865,285,16,2,24,Basic,North,0
4866,285,29,1,2,Premium,North,0
4867,311,24,1,11,Premium,South,0
4868,98,1,3,45,Basic,West,1
4869,251,17,2,20,Standard,West,0
4870,41,6,7,45,Basic,East,1
4871,177,14,2,19,Standard,East,0
4872,128,13,3,20,Premium,West,0
4873,86,9,7,56,Standard,East,0
4874,35,2,5,26,Premium,North,1
4875,383,19,0,3,Premium,South,0
4876,22,6,3,55,Standard,South,1
4877,277,23,1,2,Basic,North,0
4878,222,11,3,9,Basic,North,1
4879,198,19,2,9,Premium,South,0
4880,162,7,4,29,Basic,West,1
4881,178,15,3,15,Standard,North,0
4882,353,23,0,4,Premium,South,0
4883,292,21,0,11,Basic,South,0
4884,122,15,3,19,Basic,West,1
4885,110,3,3,51,Basic,East,1
4886,155,8,5,57,Basic,South,0
4887,405,28,1,6,Standard,South,0
4888,143,4,3,53,Standard,North,1
4889,256,24,0,7,Basic,East,0
4890,296,22,1,4,Standard,North,0
4891,246,19,1,15,Premium,South,0
4892,497,18,1,1,Standard,West,0
4893,68,3,4,47,Basic,North,1
4894,228,14,3,23,Basic,West,1
4895,200,17,3,21,Standard,South,0
4896,129,8,4,46,Standard,East,1
4897,158,2,5,23,Premium,North,1
4898,485,25,1,11,Premium,West,0
4899,23,4,7,22,Standard,South,1
4900,439,27,0,10,Premium,East,0
4901,253,15,1,11,Standard,South,0
4902,478,29,0,7,Standard,East,0
4903,266,10,3,23,Premium,West,0
4904,293,19,1,21,Basic,North,1
4905,149,14,1,21,Standard,East,1
4906,301,18,0,0,Standard,West,0
4907,90,6,7,27,Basic,North,1
4908,23,1,4,25,Basic,North,1
4909,99,2,5,35,Premium,South,1
4910,129,14,2,19,Standard,South,0
4911,131,10,3,21,Premium,East,1
4912,339,22,1,5,Standard,East,0
4913,445,29,0,0,Basic,South,0
4914,68,2,3,35,Premium,West,1
4915,127,4,6,38,Standard,East,1
4916,99,4,4,31,Basic,West,1
4917,79,4,5,41,Premium,South,1
4918,153,13,3,11,Basic,West,1
4919,288,28,1,10,Standard,East,0
4920,121,12,2,17,Premium,North,0
4921,351,25,1,3,Basic,East,0
4922,33,2,7,36,Standard,West,1
4923,120,9,3,23,Premium,North,1
4924,260,27,0,7,Standard,South,0
4925,257,19,0,3,Standard,West,0
4926,268,29,0,4,Basic,West,0
4927,274,23,1,1,Standard,East,1
4928,178,8,3,21,Standard,East,0
4929,135,4,7,49,Premium,West,1
4930,206,18,2,23,Premium,East,0
4931,148,18,1,15,Basic,North,0
4932,463,28,0,0,Standard,South,0
4933,155,3,3,23,Standard,North,1
4934,43,9,3,37,Premium,South,0
4935,155,17,3,21,Basic,West,1
4936,335,28,1,4,Premium,South,0
4937,309,25,0,10,Premium,North,0
4938,200,13,2,9,Basic,North,0
4939,41,2,7,34,Premium,East,1
4940,394,25,0,4,Standard,West,0
4941,33,6,7,58,Premium,South,1
4942,290,10,1,9,Standard,West,0
4943,230,11,3,11,Basic,North,1
4944,125,14,2,12,Standard,East,0
4945,154,14,3,13,Standard,East,0
4946,48,6,4,46,Premium,South,1
4947,252,16,2,23,Premium,East,0
4948,62,9,4,48,Basic,South,1
4949,108,4,7,53,Basic,South,1
4950,251,19,2,19,Standard,West,0
4951,179,9,2,14,Basic,East,1
4952,365,29,0,10,Standard,North,0
4953,168,15,2,14,Standard,South,0
4954,327,27,1,11,Premium,West,0
4955,302,22,0,6,Basic,East,0
4956,107,7,3,29,Standard,South,1
4957,77,9,7,42,Standard,South,1
4958,150,9,6,44,Premium,South,1
4959,90,4,3,39,Premium,West,1
4960,109,3,6,56,Standard,North,1
4961,126,9,6,41,Standard,East,1
4962,293,15,2,12,Basic,West,0
4963,362,19,0,11,Basic,North,0
4964,25,7,3,51,Standard,East,1
4965,152,16,3,19,Premium,West,0
4966,276,23,0,8,Standard,East,1
4967,121,18,3,20,Basic,South,1
4968,94,9,3,33,Basic,East,1
4969,27,1,4,26,Basic,West,1
4970,367,21,0,6,Premium,West,0
4971,97,8,7,33,Standard,West,1
4972,76,8,7,57,Basic,East,1
4973,420,27,1,7,Basic,West,0
4974,154,2,3,32,Basic,West,0
4975,408,26,0,0,Basic,West,0
4976,192,15,2,14,Premium,North,0
4977,152,1,4,20,Basic,South,1
4978,50,3,7,27,Standard,North,1
4979,277,14,1,22,Basic,West,0
4980,175,19,3,9,Standard,West,0
4981,24,4,7,36,Basic,West,1
4982,216,9,3,21,Basic,South,1
4983,156,14,2,14,Basic,North,0
4984,251,9,3,8,Standard,East,0
4985,293,22,0,11,Premium,South,0
4986,436,21,0,2,Basic,West,0
4987,297,9,1,12,Standard,West,0
4988,128,6,6,37,Premium,West,1
4989,389,23,0,9,Basic,East,0
4990,299,18,0,3,Standard,North,0
4991,192,15,1,14,Premium,East,0
4992,229,19,3,9,Standard,North,0
4993,165,14,1,20,Premium,East,0
4994,168,10,2,24,Premium,North,1
4995,242,17,2,11,Basic,North,0
4996,48,4,4,53,Standard,West,1
4997,252,16,1,24,Basic,South,1
4998,201,10,1,21,Premium,West,1
4999,396,26,0,5,Basic,South,0
5000,317,27,0,7,Premium,South,1
5001,34,9,3,26,Standard,East,0
5002,374,24,1,11,Premium,East,0
5003,463,19,1,11,Premium,West,0
5004,175,14,3,18,Premium,East,0
5005,85,9,4,20,Premium,South,0
5006,451,22,0,11,Premium,West,0
5007,256,12,1,14,Standard,East,0
5008,59,3,6,20,Standard,East,1
5009,292,16,1,8,Basic,West,1
5010,292,29,1,8,Basic,West,0
5011,127,9,3,24,Premium,East,0
5012,372,28,0,8,Basic,North,0
5013,233,11,3,9,Basic,South,0
5014,228,19,3,23,Standard,South,1
5015,274,27,1,0,Standard,South,0
5016,398,19,1,4,Standard,West,0
5017,276,10,3,11,Basic,East,1
5018,78,6,4,43,Standard,West,0
5019,65,8,4,21,Premium,South,1
5020,178,1,6,49,Premium,South,1
5021,256,26,1,5,Premium,North,0
5022,210,8,1,11,Premium,North,0
5023,348,26,1,3,Basic,South,0
5024,262,11,1,20,Basic,North,0
5025,168,12,3,19,Standard,East,0
5026,277,9,1,23,Premium,East,0
5027,386,24,0,4,Standard,East,0
5028,299,19,2,10,Standard,East,0
5029,158,8,4,42,Standard,East,0
5030,137,19,3,18,Premium,South,0
5031,81,7,7,23,Basic,North,1
5032,385,23,0,11,Basic,South,0
5033,70,4,4,34,Basic,East,1
5034,58,5,3,53,Standard,South,1
5035,117,7,4,48,Basic,North,1
5036,438,21,0,1,Basic,North,0
5037,267,11,2,17,Premium,South,0
5038,354,29,1,7,Basic,West,0
5039,428,23,1,8,Premium,East,0
5040,197,18,3,23,Standard,East,1
5041,230,12,2,15,Standard,East,0
5042,239,18,3,16,Standard,West,0
5043,129,5,4,26,Basic,West,1
5044,106,8,7,50,Standard,South,1
5045,158,4,6,34,Basic,North,1
5046,170,12,2,13,Premium,South,0
5047,107,8,3,24,Basic,West,1
5048,31,5,4,39,Basic,East,1
5049,305,23,1,5,Premium,South,0
5050,214,19,3,18,Basic,South,0
5051,143,5,6,26,Basic,East,1
5052,158,10,3,19,Premium,East,0
5053,356,27,1,1,Standard,North,0
5054,239,9,2,20,Basic,East,0
5055,283,24,0,2,Basic,West,0
5056,163,4,4,59,Basic,East,1
5057,388,20,1,6,Standard,North,0
5058,173,13,3,10,Premium,East,0
5059,310,25,1,11,Standard,North,0
5060,176,7,4,56,Standard,West,1
5061,25,8,3,31,Basic,North,1
5062,53,3,4,55,Standard,West,1
5063,287,23,1,8,Basic,North,0
5064,237,9,1,23,Basic,West,0
5065,286,8,2,10,Standard,North,0
5066,274,11,1,11,Standard,North,0
5067,44,9,6,46,Basic,South,1
5068,182,14,2,21,Standard,East,0
5069,205,17,3,13,Premium,South,1
5070,265,16,2,23,Premium,North,0
5071,235,12,2,18,Premium,North,0
5072,349,21,1,3,Premium,North,0
5073,126,14,2,13,Basic,East,0
5074,294,12,2,16,Premium,West,0
5075,147,8,6,58,Premium,North,1
5076,266,26,1,8,Standard,North,0
5077,486,20,0,6,Basic,East,0
5078,248,12,1,24,Standard,South,0
5079,296,29,0,7,Standard,East,0
5080,217,14,2,12,Basic,East,1
5081,364,18,0,3,Premium,East,0
5082,231,12,1,21,Standard,West,0
5083,71,3,7,40,Standard,East,1
5084,430,26,0,10,Standard,South,0
5085,170,6,4,21,Premium,East,1
5086,465,24,1,9,Premium,South,0
5087,406,26,1,1,Basic,West,0
5088,499,28,0,9,Standard,East,0
5089,51,3,3,41,Premium,North,1
5090,100,4,5,58,Premium,West,1
5091,152,17,1,13,Basic,North,0
5092,202,14,3,10,Premium,East,0
5093,170,18,1,21,Premium,West,0
5094,44,1,3,49,Basic,South,1
5095,123,9,1,12,Basic,North,0
5096,188,15,1,20,Basic,South,0
5097,42,3,4,25,Standard,South,1
5098,149,8,3,15,Basic,South,1
5099,410,22,1,5,Premium,East,0
5100,388,19,0,3,Premium,North,0
5101,479,20,0,3,Premium,South,0
5102,258,12,2,15,Basic,East,0
5103,178,18,3,14,Premium,West,0
5104,252,20,1,0,Standard,East,0
5105,163,2,3,38,Standard,North,1
5106,228,9,2,22,Standard,North,0
5107,404,24,0,2,Standard,North,0
5108,288,18,1,9,Premium,North,0
5109,261,27,1,3,Standard,South,0
5110,47,7,7,24,Premium,North,1
5111,155,2,3,24,Basic,West,1
5112,126,7,7,44,Basic,East,1
5113,30,1,4,55,Premium,South,1
5114,491,22,0,8,Standard,South,0
5115,37,9,4,34,Premium,South,1
5116,233,18,2,10,Premium,North,0
5117,133,18,2,12,Basic,East,1
5118,163,16,3,19,Premium,East,0
5119,311,22,0,11,Standard,West,0
5120,314,20,0,1,Standard,East,0
5121,155,14,2,23,Standard,North,1
5122,332,25,1,2,Premium,East,1
5123,38,9,5,32,Premium,North,0
5124,147,2,6,23,Premium,West,1
5125,120,16,2,18,Premium,North,0
5126,212,15,3,11,Basic,East,0
5127,130,5,7,46,Premium,North,1
5128,464,18,0,1,Premium,North,0
5129,255,28,1,5,Basic,West,0
5130,165,13,2,23,Basic,East,0
5131,139,13,3,10,Standard,South,1
5132,240,11,1,11,Premium,West,0
5133,398,29,1,6,Premium,East,0
5134,474,26,0,9,Premium,South,0
5135,132,9,7,30,Premium,South,1
5136,145,13,2,17,Standard,East,0
5137,145,14,1,15,Standard,West,0
5138,245,10,2,10,Basic,South,0
5139,136,1,5,55,Premium,South,0
5140,294,29,1,11,Premium,East,0
5141,224,19,2,22,Premium,West,0
5142,377,26,1,3,Standard,South,1
5143,479,25,0,11,Premium,South,0
5144,260,11,1,8,Premium,West,0
5145,399,26,0,10,Premium,South,0
5146,259,13,2,9,Basic,South,0
5147,262,24,1,10,Premium,East,0
5148,468,24,0,5,Premium,South,0
5149,457,25,0,0,Premium,East,0
5150,138,10,3,16,Basic,West,1
5151,258,13,2,8,Basic,North,0
5152,83,7,4,33,Basic,West,1
5153,408,20,1,5,Premium,South,0
5154,385,27,0,10,Basic,South,0
5155,480,23,1,5,Basic,South,0
5156,160,16,3,16,Premium,West,0
5157,345,20,1,5,Premium,North,0
5158,75,1,7,21,Basic,South,1
5159,280,9,1,15,Standard,South,0
5160,418,28,1,6,Basic,South,0
5161,251,19,2,24,Basic,North,1
5162,403,20,0,4,Standard,West,0
5163,91,5,5,35,Standard,South,1
5164,175,19,2,21,Standard,East,0
5165,286,25,1,4,Premium,West,0
5166,30,2,5,24,Basic,South,1
5167,339,24,1,7,Standard,West,0
5168,454,28,0,5,Basic,East,0
5169,220,12,3,13,Premium,North,0
5170,287,9,2,23,Standard,South,0
5171,29,7,6,31,Premium,North,1
5172,123,11,2,21,Basic,North,1
5173,424,27,0,2,Standard,North,1
5174,262,25,1,5,Basic,North,0
5175,363,21,1,8,Standard,South,0
5176,185,17,2,11,Standard,North,0
5177,459,24,0,10,Basic,North,1
5178,130,15,2,22,Standard,West,0
5179,158,15,3,17,Standard,West,0
5180,66,4,7,34,Premium,East,1
5181,182,18,1,15,Premium,North,0
5182,278,20,0,8,Premium,South,0
5183,257,13,1,11,Standard,South,0
5184,106,7,7,27,Basic,East,1
5185,367,19,1,2,Premium,West,0
5186,201,17,3,22,Standard,North,0
5187,460,19,0,8,Standard,East,0
5188,154,12,3,21,Premium,East,1
5189,63,6,7,46,Premium,North,1
5190,295,15,2,20,Basic,West,0
5191,282,22,1,10,Basic,North,0
5192,76,7,7,52,Premium,West,1
5193,451,19,0,6,Premium,East,0
5194,249,13,3,15,Basic,South,0
5195,379,23,1,4,Standard,South,0
5196,469,19,1,9,Premium,North,0
5197,161,15,1,20,Standard,East,0
5198,164,5,5,53,Premium,East,1
5199,61,1,5,46,Premium,North,1
5200,396,20,1,11,Basic,West,0
5201,377,25,0,8,Premium,East,0
5202,102,3,5,40,Basic,North,1
5203,122,3,4,46,Standard,South,1
5204,272,23,1,3,Standard,East,1
5205,437,25,0,2,Standard,East,0
5206,189,14,1,16,Standard,East,1
5207,200,14,2,18,Basic,East,1
5208,305,21,0,11,Basic,South,0
5209,177,17,2,14,Basic,East,0
5210,215,12,1,14,Standard,North,0
5211,246,13,1,15,Premium,South,0
5212,147,19,2,11,Premium,South,0
5213,239,16,1,13,Standard,West,1
5214,156,12,3,13,Basic,East,0
5215,344,24,1,7,Standard,East,0
5216,278,26,0,9,Standard,South,0
5217,170,4,7,29,Standard,West,1
5218,134,12,3,10,Basic,South,0
5219,33,5,4,37,Premium,North,1
5220,244,18,3,16,Standard,South,0
5221,235,12,1,18,Basic,East,0
5222,103,8,3,56,Standard,North,1
5223,401,29,1,10,Premium,East,0
5224,113,9,6,27,Basic,East,1
5225,284,22,0,7,Standard,East,1
5226,211,14,1,19,Standard,North,0
5227,165,7,6,22,Standard,North,1
5228,35,6,3,50,Basic,East,1
5229,250,28,1,6,Premium,North,0
5230,181,17,2,19,Premium,West,0
5231,160,4,3,56,Standard,West,1
5232,178,14,3,9,Premium,West,0
5233,292,19,0,4,Premium,East,0
5234,210,19,3,8,Standard,West,1
5235,165,8,4,39,Standard,North,1
5236,496,25,0,6,Basic,East,0
5237,120,9,3,17,Premium,South,1
5238,302,23,0,7,Basic,South,0
5239,192,12,3,11,Basic,West,0
5240,358,21,1,7,Premium,West,0
5241,315,26,0,3,Premium,North,0
5242,177,17,2,11,Standard,East,0
5243,125,10,1,11,Basic,South,0
5244,114,6,4,46,Premium,West,1
5245,301,27,0,9,Basic,West,0
5246,286,19,3,24,Basic,North,1
5247,22,3,6,27,Standard,West,1
5248,465,29,1,11,Premium,North,0
5249,38,5,6,48,Premium,North,1
5250,136,15,2,17,Basic,West,0
5251,35,9,4,22,Basic,South,1
5252,370,29,1,3,Standard,North,0
5253,273,20,0,7,Standard,West,0
5254,181,14,3,19,Premium,West,0
5255,101,8,5,25,Basic,West,1
5256,152,13,2,19,Premium,North,0
5257,72,8,5,39,Standard,South,1
5258,85,3,6,42,Premium,North,1
5259,59,8,4,37,Premium,North,1
5260,148,1,6,30,Premium,East,1
5261,266,25,1,3,Standard,West,0
5262,379,25,0,8,Basic,North,0
5263,33,6,3,59,Basic,South,1
5264,112,5,7,39,Standard,North,1
5265,120,1,4,56,Basic,East,1
5266,280,13,2,8,Standard,East,0
5267,23,2,7,30,Basic,South,1
5268,387,28,1,7,Standard,East,0
5269,53,4,6,47,Premium,South,1
5270,179,19,1,23,Premium,South,1
5271,421,19,0,7,Premium,South,0
5272,484,26,1,6,Basic,East,0
5273,374,18,0,5,Premium,South,0
5274,93,9,6,52,Standard,South,1
5275,332,18,1,1,Premium,North,0
5276,45,6,6,56,Basic,North,1
5277,262,29,1,8,Standard,West,0
5278,309,26,0,10,Standard,West,0
5279,388,26,0,6,Premium,South,0
5280,242,15,3,15,Standard,West,1
5281,69,5,4,55,Premium,West,1
5282,411,22,1,10,Basic,West,0
5283,453,25,1,4,Basic,North,0
5284,266,13,1,24,Premium,North,0
5285,457,27,1,10,Premium,South,0
5286,497,28,0,7,Standard,North,0
5287,346,27,0,1,Standard,East,1
5288,112,5,6,46,Standard,North,1
5289,176,17,1,22,Premium,North,0
5290,301,25,1,2,Basic,South,0
5291,206,18,1,11,Basic,South,0
5292,160,3,6,48,Basic,South,1
5293,114,9,6,21,Basic,North,1
5294,290,21,1,2,Premium,North,0
5295,488,23,1,10,Basic,North,1
5296,29,9,3,52,Premium,South,1
5297,28,7,4,38,Premium,North,1
5298,208,12,1,12,Premium,East,0
5299,425,21,1,7,Basic,East,0
5300,270,27,0,1,Premium,West,0
5301,412,25,1,4,Standard,West,0
5302,147,6,7,56,Standard,North,1
5303,105,2,5,21,Premium,North,1
5304,184,16,1,11,Standard,North,1
5305,277,14,3,17,Premium,North,0
5306,219,17,2,20,Standard,West,0
5307,417,21,0,2,Standard,East,1
5308,128,12,1,18,Basic,North,0
5309,491,28,0,8,Premium,South,0
5310,28,4,6,32,Standard,West,1
5311,148,13,1,17,Standard,North,0
5312,214,14,3,21,Basic,South,1
5313,71,2,3,54,Premium,South,1
5314,197,9,1,16,Standard,East,0
5315,240,16,2,13,Basic,North,0
5316,118,6,7,26,Standard,South,1
5317,84,6,7,23,Premium,South,1
5318,231,18,2,8,Basic,North,0
5319,123,8,2,8,Basic,West,0
5320,61,5,3,27,Premium,South,1
5321,151,5,6,55,Standard,East,1
5322,84,2,6,55,Standard,North,1
5323,299,13,3,16,Standard,West,0
5324,160,6,7,44,Premium,East,1
5325,345,24,0,10,Standard,West,0
5326,369,23,1,6,Standard,West,0
5327,476,23,0,2,Premium,North,0
5328,326,23,0,4,Standard,North,1
5329,449,25,1,6,Basic,South,0
5330,222,14,2,20,Basic,West,0
5331,225,14,1,10,Basic,West,0
5332,269,13,2,18,Standard,South,0
5333,238,14,2,11,Basic,South,1
5334,105,4,6,25,Premium,West,1
5335,326,24,1,5,Standard,North,0
5336,495,25,1,2,Basic,West,0
5337,42,9,7,42,Standard,South,1
5338,132,1,5,20,Basic,North,1
5339,37,4,3,55,Premium,West,1
5340,139,4,4,22,Premium,East,1
5341,156,15,3,8,Premium,South,0
5342,261,27,0,6,Standard,East,0
5343,403,29,1,9,Premium,East,0
5344,91,1,3,47,Basic,East,1
5345,354,21,1,9,Standard,West,0
5346,181,9,2,12,Standard,South,0
5347,80,9,5,54,Premium,East,1
5348,152,9,5,35,Basic,South,1
5349,121,2,5,44,Standard,South,1
5350,178,5,4,42,Basic,North,1
5351,162,2,7,43,Basic,North,1
5352,55,1,4,52,Basic,South,1
5353,25,1,6,33,Standard,South,0
5354,27,6,4,56,Basic,East,1
5355,203,19,1,10,Standard,North,0
5356,193,19,3,11,Premium,East,0
5357,34,4,4,28,Basic,South,1
5358,473,18,1,2,Standard,East,0
5359,68,5,7,53,Basic,North,1
5360,297,19,3,13,Premium,North,0
5361,128,4,6,50,Premium,South,1
5362,378,21,0,3,Basic,East,0
5363,166,10,1,20,Basic,East,1
5364,90,9,3,47,Standard,East,1
5365,233,19,1,9,Standard,South,0
5366,176,1,5,57,Basic,West,1
5367,175,2,6,40,Basic,North,1
5368,166,5,4,23,Premium,North,1
5369,279,19,1,23,Premium,South,0
5370,440,18,1,6,Premium,South,0
5371,270,21,0,7,Standard,North,0
5372,65,6,6,49,Premium,East,1
5373,309,21,0,0,Premium,East,0
5374,230,19,2,20,Standard,East,0
5375,126,16,3,23,Standard,West,1
5376,124,9,6,22,Basic,North,1
5377,162,12,3,20,Premium,West,0
5378,199,15,1,20,Basic,West,0
5379,139,9,1,13,Premium,South,0
5380,127,4,5,39,Standard,South,1
5381,320,18,0,3,Premium,East,0
5382,139,8,7,44,Basic,West,1
5383,427,20,1,8,Standard,South,0
5384,423,28,1,0,Basic,East,0
5385,304,22,1,2,Standard,North,0
5386,238,12,2,10,Premium,North,0
5387,229,15,2,13,Standard,West,1
5388,423,18,0,0,Basic,East,0
5389,365,29,1,0,Premium,North,0
5390,159,2,3,20,Basic,East,1
5391,282,23,1,6,Standard,West,0
5392,203,11,2,22,Standard,East,0
5393,161,7,6,43,Standard,West,1
5394,118,4,7,51,Basic,South,1
5395,47,8,5,48,Premium,East,1
5396,446,22,0,8,Basic,East,0
5397,275,16,3,16,Standard,East,1
5398,81,6,6,59,Standard,East,1
5399,284,8,2,21,Premium,North,0
5400,237,9,1,23,Standard,South,0
5401,483,18,1,10,Standard,North,0
5402,158,17,3,11,Premium,East,0
5403,120,3,7,27,Basic,East,1
5404,132,12,3,16,Basic,West,1
5405,263,18,1,5,Basic,West,0
5406,164,13,1,13,Basic,West,1
5407,121,1,7,54,Premium,North,1
5408,83,6,7,26,Basic,South,1
5409,152,5,4,23,Standard,West,1
5410,284,21,0,11,Premium,North,0
5411,24,7,3,50,Standard,South,1
5412,290,27,0,0,Premium,South,1
5413,202,19,2,17,Basic,North,0
5414,175,14,3,16,Standard,West,0
5415,361,24,0,6,Premium,East,0
5416,309,25,1,10,Standard,West,0
5417,274,14,1,20,Basic,South,0
5418,225,16,1,23,Premium,South,0
5419,59,9,7,40,Premium,North,0
5420,433,25,0,3,Standard,West,0
5421,136,8,3,36,Basic,South,1
5422,156,6,5,56,Premium,North,1
5423,143,16,1,17,Standard,East,1
5424,406,25,0,6,Basic,South,1
5425,212,9,2,12,Premium,North,0
5426,260,20,0,10,Basic,North,0
5427,485,20,0,11,Basic,South,0
5428,395,21,0,7,Standard,East,0
5429,102,5,5,47,Standard,North,1
5430,231,17,3,12,Basic,North,1
5431,322,21,1,4,Premium,East,1
5432,123,12,1,11,Basic,South,0
5433,168,6,3,26,Premium,West,0
5434,277,27,0,1,Standard,East,0
5435,246,18,1,13,Premium,South,0
5436,90,2,6,23,Premium,West,1
5437,383,27,0,9,Basic,West,0
5438,186,8,1,9,Basic,North,0
5439,386,25,1,10,Premium,East,0
5440,172,7,7,26,Basic,North,1
5441,227,8,3,11,Standard,West,0
5442,281,15,1,16,Basic,East,0
5443,125,7,7,34,Premium,South,1
5444,85,4,4,28,Premium,North,1
5445,165,1,3,27,Standard,West,1
5446,446,29,0,11,Basic,North,0
5447,301,19,1,7,Basic,West,0
5448,145,4,3,50,Standard,South,1
5449,240,10,2,23,Basic,East,1
5450,131,10,1,9,Premium,West,0
5451,321,25,0,8,Standard,South,0
5452,140,19,3,14,Premium,West,0
5453,192,11,3,14,Standard,West,0
5454,276,19,0,10,Standard,North,0
5455,334,19,0,2,Standard,East,0
5456,464,18,0,8,Standard,West,0
5457,281,25,0,9,Standard,West,0
5458,112,4,4,33,Standard,East,1
5459,160,10,2,11,Premium,West,0
5460,487,25,1,9,Standard,East,0
5461,288,15,1,16,Basic,East,0
5462,120,9,3,45,Basic,South,1
5463,271,14,3,14,Premium,West,0
5464,133,2,7,30,Basic,East,1
5465,187,14,2,21,Standard,South,0
5466,481,26,0,2,Standard,North,0
5467,336,28,1,1,Basic,North,0
5468,265,27,1,3,Basic,West,0
5469,104,9,3,35,Basic,South,1
5470,154,16,2,16,Premium,West,0
5471,151,2,7,54,Basic,North,1
5472,158,3,7,23,Basic,South,1
5473,178,9,2,15,Standard,North,0
5474,40,5,6,52,Basic,North,1
5475,105,2,5,56,Standard,South,1
5476,40,8,4,31,Standard,East,1
5477,424,18,1,2,Standard,West,0
5478,243,10,2,15,Premium,West,0
5479,151,10,3,23,Basic,West,1
5480,43,1,6,51,Basic,South,1
5481,130,19,1,11,Basic,North,0
5482,229,12,1,21,Standard,West,1
5483,193,18,2,17,Standard,North,0
5484,59,8,4,28,Standard,South,1
5485,343,21,0,4,Basic,North,0
5486,247,11,1,22,Basic,East,0
5487,345,26,0,6,Basic,East,0
5488,219,17,1,13,Premium,East,0
5489,344,26,1,5,Premium,South,0
5490,265,25,0,4,Premium,North,0
5491,317,29,0,0,Standard,West,0
5492,313,24,1,11,Basic,South,0
5493,419,27,1,11,Standard,North,0
5494,280,15,3,23,Premium,West,0
5495,241,17,3,10,Premium,West,0
5496,217,9,3,17,Premium,West,0
5497,101,6,6,25,Standard,North,1
5498,44,9,3,22,Basic,West,1
5499,423,26,0,9,Standard,West,0
5500,335,26,0,7,Basic,East,0
5501,119,7,6,41,Standard,East,1
5502,176,2,5,28,Basic,East,1
5503,157,5,3,22,Premium,North,1
5504,220,11,3,20,Premium,East,0
5505,106,7,7,27,Premium,West,1
5506,308,21,0,4,Standard,East,1
5507,281,19,3,20,Premium,North,0
5508,43,1,3,25,Premium,North,1
5509,57,1,7,50,Basic,East,1
5510,224,13,1,24,Basic,West,0
5511,180,13,3,21,Basic,West,1
5512,42,4,7,30,Basic,East,1
5513,263,10,3,23,Standard,East,1
5514,62,4,6,35,Premium,West,1
5515,145,5,3,24,Premium,South,1
5516,94,2,7,37,Standard,North,1
5517,272,9,3,15,Basic,North,0
5518,262,11,1,21,Premium,North,0
5519,298,20,0,8,Basic,North,0
5520,80,7,7,21,Premium,East,1
5521,406,22,1,3,Standard,East,0
5522,104,2,6,47,Standard,North,1
5523,70,8,7,53,Premium,North,1
5524,24,8,3,35,Standard,West,1
5525,143,5,3,41,Standard,East,1
5526,155,17,1,16,Premium,West,0
5527,375,29,1,5,Basic,West,0
5528,63,1,6,59,Basic,East,1
5529,49,5,7,50,Standard,South,1
5530,36,1,4,43,Standard,South,1
5531,251,16,2,10,Basic,North,0
5532,162,3,6,42,Premium,West,1
5533,204,12,1,12,Standard,South,0
5534,459,28,1,11,Standard,South,0
5535,467,23,0,0,Premium,North,0
5536,156,19,2,12,Basic,East,1
5537,149,5,5,47,Basic,West,1
5538,126,2,5,51,Premium,East,1
5539,401,21,1,8,Premium,South,0
5540,205,15,2,14,Premium,West,0
5541,144,19,1,23,Premium,East,0
5542,103,4,7,58,Standard,North,1
5543,243,8,2,16,Basic,North,0
5544,271,10,2,16,Premium,South,0
5545,154,1,7,26,Premium,South,1
5546,331,23,1,1,Premium,South,0
5547,138,14,1,11,Premium,North,0
5548,406,29,1,7,Basic,North,1
5549,108,9,4,21,Basic,West,1
5550,484,23,0,11,Standard,East,0
5551,488,25,1,11,Premium,South,0
5552,261,26,1,9,Premium,East,0
5553,297,11,2,10,Standard,West,0
5554,83,8,3,57,Premium,West,1
5555,379,24,1,10,Standard,West,0
5556,498,22,1,3,Basic,North,1
5557,147,9,2,23,Basic,West,1
5558,270,14,1,14,Standard,South,0
5559,156,16,1,20,Basic,West,0
5560,151,2,6,22,Premium,South,1
5561,290,16,2,16,Basic,West,0
5562,318,18,1,8,Basic,West,1
5563,154,17,2,17,Premium,South,0
5564,48,6,7,43,Basic,South,1
5565,68,9,4,44,Premium,West,0
5566,161,8,4,34,Standard,South,0
5567,75,5,7,57,Standard,South,1
5568,220,10,2,11,Standard,North,0
5569,46,2,4,39,Basic,East,1
5570,266,21,1,6,Standard,East,0
5571,393,25,1,2,Premium,East,0
5572,247,14,3,18,Standard,West,0
5573,68,9,3,54,Premium,South,1
5574,294,19,1,8,Basic,North,0
5575,260,11,3,15,Basic,North,1
5576,289,29,1,8,Standard,South,0
5577,273,15,1,14,Premium,South,0
5578,358,26,1,0,Basic,South,1
5579,39,5,4,23,Standard,North,1
5580,133,1,7,37,Premium,East,1
5581,258,17,1,11,Basic,East,0
5582,144,8,6,27,Basic,North,1
5583,421,19,0,8,Standard,East,0
5584,24,8,5,56,Basic,West,1
5585,290,21,0,6,Standard,East,0
5586,454,25,0,8,Premium,West,0
5587,244,16,1,15,Premium,South,0
5588,79,6,5,32,Premium,North,1
5589,152,13,1,18,Premium,East,0
5590,246,14,2,16,Basic,North,0
5591,197,12,2,12,Basic,West,1
5592,120,11,1,11,Standard,East,0
5593,121,10,3,24,Premium,North,0
5594,173,16,3,12,Basic,South,0
5595,101,1,3,36,Standard,South,1
5596,264,12,1,18,Basic,North,0
5597,434,18,0,6,Standard,East,0
5598,297,8,3,11,Basic,West,0
5599,169,1,3,22,Premium,South,1
5600,495,22,0,4,Standard,South,0
5601,410,23,0,6,Basic,West,0
5602,45,4,5,30,Premium,East,1
5603,267,8,2,11,Basic,East,1
5604,125,6,3,23,Basic,West,1
5605,378,20,0,3,Premium,North,0
5606,69,2,7,52,Standard,North,1
5607,284,19,2,8,Premium,North,0
5608,246,12,2,11,Basic,West,0
5609,100,4,5,56,Basic,East,1
5610,94,2,6,35,Standard,South,1
5611,183,19,2,20,Basic,South,0
5612,280,20,0,6,Basic,East,0
5613,458,21,1,3,Premium,North,0
5614,380,23,1,1,Standard,West,1
5615,26,3,6,39,Standard,South,1
5616,332,26,1,5,Premium,East,0
5617,485,29,1,10,Premium,North,0
5618,228,11,3,19,Standard,North,0
5619,83,4,7,35,Premium,West,1
5620,321,25,0,11,Premium,East,0
5621,301,19,1,4,Standard,East,0
5622,63,2,3,48,Standard,West,1
5623,305,19,1,4,Premium,North,0
5624,454,18,1,2,Basic,South,0
5625,286,21,1,11,Premium,East,0
5626,404,22,1,0,Premium,North,0
5627,392,24,1,0,Basic,East,0
5628,261,28,1,10,Premium,West,0
5629,223,19,1,16,Basic,South,0
5630,276,12,3,23,Basic,South,1
5631,416,26,1,3,Premium,North,0
5632,236,17,2,16,Premium,East,0
5633,219,12,3,14,Premium,North,0
5634,258,15,2,19,Premium,West,0
5635,46,4,3,40,Standard,South,1
5636,280,20,0,6,Basic,East,0
5637,30,1,6,37,Basic,South,1
5638,269,24,0,6,Premium,North,0
5639,313,24,1,0,Basic,North,0
5640,138,17,2,21,Premium,South,0
5641,108,1,5,34,Basic,West,1
5642,456,26,0,2,Standard,South,0
5643,439,29,0,5,Premium,East,0
5644,365,18,0,3,Premium,South,0
5645,233,13,2,15,Standard,South,0
5646,337,18,0,2,Standard,South,0
5647,223,13,1,17,Standard,South,0
5648,467,25,0,0,Basic,West,0
5649,169,11,3,9,Basic,South,0
5650,480,20,1,11,Standard,West,0
5651,140,8,3,45,Standard,East,1
5652,125,9,7,30,Basic,East,1
5653,261,20,0,6,Basic,West,0
5654,33,1,5,56,Premium,North,1
5655,442,24,0,7,Basic,South,0
5656,412,27,1,2,Basic,East,0
5657,267,19,3,19,Standard,South,0
5658,136,6,5,50,Basic,East,0
5659,446,26,1,10,Standard,North,0
5660,364,29,0,2,Basic,South,1
5661,461,22,0,3,Basic,West,1
5662,306,20,0,3,Standard,South,0
5663,402,22,1,1,Premium,East,0
5664,20,7,5,43,Basic,North,1
5665,384,26,1,5,Standard,West,0
5666,122,3,3,22,Standard,West,1
5667,124,4,4,24,Premium,South,1
5668,168,8,2,22,Basic,North,0
5669,147,2,7,49,Premium,North,1
5670,83,2,7,31,Standard,East,1
5671,485,25,0,1,Standard,East,0
5672,47,4,3,49,Premium,North,1
5673,143,6,4,48,Standard,South,1
5674,461,18,0,5,Premium,South,0
5675,394,24,1,11,Standard,West,0
5676,459,28,0,6,Basic,South,0
5677,171,18,2,16,Basic,East,0
5678,213,14,2,24,Basic,West,1
5679,244,19,3,21,Standard,South,1
5680,225,16,2,11,Premium,South,0
5681,36,9,7,46,Basic,East,1
5682,390,18,0,0,Basic,South,0
5683,329,24,0,9,Basic,South,0
5684,105,9,6,29,Basic,East,1
5685,132,10,1,11,Standard,North,0
5686,176,7,3,49,Premium,North,0
5687,43,1,7,32,Standard,West,1
5688,120,8,6,35,Premium,North,1
5689,284,19,0,1,Basic,South,0
5690,63,1,3,21,Standard,South,1
5691,256,8,1,14,Standard,South,0
5692,146,16,1,22,Premium,South,0
5693,136,7,4,28,Premium,East,1
5694,121,3,4,22,Basic,North,1
5695,174,7,4,51,Basic,North,1
5696,159,9,3,18,Premium,East,0
5697,338,24,0,8,Basic,South,0
5698,152,2,6,23,Standard,South,1
5699,368,22,0,0,Standard,East,0
5700,43,3,6,26,Standard,North,1
5701,138,2,3,31,Standard,South,1
5702,257,18,3,20,Standard,South,0
5703,40,3,7,38,Standard,South,1
5704,474,28,1,11,Basic,South,0
5705,377,22,0,0,Premium,West,0
5706,299,17,3,8,Standard,East,0
5707,140,16,3,23,Premium,South,1
5708,454,27,1,1,Standard,South,0
5709,144,8,7,30,Standard,North,1
5710,291,26,0,8,Standard,West,0
5711,265,29,0,8,Premium,North,0
5712,370,20,0,11,Standard,West,0
5713,45,9,7,38,Premium,South,1
5714,294,23,1,4,Premium,North,0
5715,24,4,5,42,Premium,North,1
5716,280,8,1,23,Standard,South,0
5717,356,27,0,3,Basic,South,0
5718,281,29,0,8,Premium,East,0
5719,80,6,6,43,Premium,North,1
5720,70,7,7,40,Standard,North,1
5721,349,18,0,8,Premium,East,0
5722,128,2,4,42,Premium,East,1
5723,177,16,2,20,Standard,West,0
5724,472,28,0,0,Basic,East,1
5725,184,12,1,20,Basic,West,0
5726,120,7,6,53,Premium,East,1
5727,188,19,3,13,Basic,North,0
5728,149,17,1,16,Basic,West,1
5729,71,8,4,32,Standard,West,1
5730,228,15,2,20,Premium,West,0
5731,196,16,1,21,Premium,East,0
5732,445,29,1,7,Premium,North,0
5733,322,20,1,2,Premium,North,0
5734,247,12,3,21,Premium,East,0
5735,291,17,2,20,Standard,East,0
5736,279,11,3,8,Premium,East,0
5737,45,3,5,31,Basic,South,1
5738,305,19,0,4,Standard,North,1
5739,455,20,1,2,Premium,North,0
5740,171,18,3,14,Premium,South,0
5741,184,8,3,16,Standard,North,0
5742,91,5,3,58,Basic,South,0
5743,167,5,7,41,Standard,South,1
5744,194,9,3,8,Basic,South,0
5745,435,29,0,3,Premium,East,0
5746,342,28,1,6,Standard,East,0
5747,285,10,1,22,Premium,North,0
5748,280,13,1,19,Standard,North,0
5749,133,8,4,59,Standard,West,1
5750,455,22,1,1,Basic,West,0
5751,370,23,1,8,Standard,East,0
5752,141,17,1,23,Premium,West,1
5753,193,8,1,24,Premium,North,0
5754,448,23,1,4,Standard,East,1
5755,161,1,3,37,Standard,East,1
5756,36,7,3,35,Basic,South,1
5757,94,7,3,58,Standard,East,1
5758,410,26,1,4,Premium,West,0
5759,197,19,3,11,Basic,South,0
5760,454,18,0,2,Standard,North,0
5761,76,7,5,24,Premium,East,1
5762,165,7,3,22,Premium,North,1
5763,245,8,3,12,Premium,West,0
5764,357,20,1,2,Standard,West,0
5765,184,17,2,10,Basic,North,0
5766,162,13,3,23,Standard,East,1
5767,308,20,0,4,Basic,East,0
5768,220,10,1,9,Standard,West,0
5769,384,18,0,1,Basic,North,1
5770,384,29,1,10,Basic,West,0
5771,406,20,0,3,Basic,North,0
5772,179,3,4,47,Premium,East,1
5773,334,26,0,1,Standard,South,0
5774,238,13,3,10,Standard,South,0
5775,355,27,0,11,Basic,West,0
5776,107,9,3,27,Standard,West,1
5777,100,6,4,52,Basic,South,1
5778,82,9,3,54,Basic,West,1
5779,254,16,1,23,Standard,West,0
5780,218,11,2,17,Basic,West,1
5781,296,24,1,9,Standard,East,0
5782,289,24,0,8,Premium,South,0
5783,458,24,0,2,Premium,North,0
5784,152,8,4,40,Premium,East,1
5785,165,17,3,20,Basic,West,0
5786,436,22,1,8,Standard,East,1
5787,70,9,6,29,Standard,South,1
5788,332,26,0,4,Basic,East,0
5789,157,15,3,15,Premium,South,0
5790,47,6,5,41,Premium,East,1
5791,366,29,1,11,Premium,South,0
5792,122,5,6,48,Basic,East,1
5793,161,2,3,35,Basic,East,1
5794,172,9,6,28,Premium,South,0
5795,209,15,2,17,Standard,East,0
5796,170,15,3,23,Standard,South,0
5797,275,25,0,11,Premium,West,0
5798,185,10,1,20,Basic,East,0
5799,52,3,7,33,Basic,North,1
5800,41,4,3,24,Premium,West,1
5801,97,2,7,42,Premium,East,1
5802,207,11,1,10,Standard,North,0
5803,49,7,3,50,Premium,South,1
5804,288,11,1,19,Basic,West,0
5805,38,7,4,27,Standard,West,1
5806,240,13,3,10,Standard,South,0
5807,139,19,2,23,Premium,South,1
5808,121,4,7,54,Premium,South,1
5809,303,22,0,11,Standard,South,0
5810,30,8,6,38,Premium,West,1
5811,350,22,1,2,Premium,North,0
5812,444,24,0,10,Premium,South,0
5813,283,21,1,4,Basic,South,0
5814,139,3,5,39,Standard,North,1
5815,307,29,0,5,Basic,North,0
5816,360,20,0,7,Standard,West,0
5817,355,25,0,1,Standard,North,0
5818,406,25,1,9,Standard,East,1
5819,243,12,3,24,Basic,West,1
5820,96,1,7,44,Basic,North,0
5821,337,21,0,1,Standard,West,0
5822,133,5,5,20,Premium,South,0
5823,426,27,0,7,Premium,West,0
5824,469,21,0,7,Standard,North,1
5825,159,13,2,10,Standard,North,0
5826,124,12,1,8,Basic,North,0
5827,388,27,0,7,Premium,West,1
5828,206,11,3,14,Basic,South,1
5829,372,24,0,9,Basic,East,0
5830,68,3,5,32,Basic,South,1
5831,270,10,3,8,Premium,East,0
5832,471,27,0,4,Premium,West,0
5833,148,2,5,27,Standard,East,1
5834,102,3,4,50,Standard,East,1
5835,323,22,1,4,Premium,West,0
5836,122,19,3,9,Premium,South,0
5837,83,6,4,53,Basic,South,1
5838,86,5,5,46,Premium,South,1
5839,316,18,1,6,Basic,East,0
5840,285,15,3,19,Premium,West,0
5841,391,28,0,3,Standard,North,0
5842,24,7,3,58,Basic,East,1
5843,43,8,5,32,Standard,East,1
5844,307,18,0,6,Standard,South,0
5845,82,5,4,35,Basic,North,1
5846,230,16,2,8,Premium,North,0
5847,260,22,1,7,Premium,South,0
5848,67,2,6,23,Basic,West,1
5849,431,24,0,5,Premium,East,0
5850,286,15,3,24,Basic,East,1
5851,275,11,2,24,Premium,East,0
5852,41,4,6,48,Basic,East,1
5853,179,2,7,53,Standard,North,1
5854,106,3,5,41,Standard,South,1
5855,326,27,0,7,Basic,West,0
5856,422,24,1,7,Standard,East,0
5857,249,8,2,13,Basic,South,0
5858,124,16,1,10,Premium,North,1
5859,139,12,3,19,Premium,South,1
5860,193,15,1,12,Basic,South,1
5861,179,7,5,32,Premium,East,1
5862,75,9,4,24,Standard,East,1
5863,41,2,5,40,Standard,North,1
5864,33,5,5,43,Standard,West,1
5865,173,6,7,34,Standard,North,1
5866,93,3,3,40,Premium,North,1
5867,251,13,2,11,Premium,North,0
5868,467,25,1,7,Basic,South,0
5869,157,8,1,8,Premium,North,0
5870,297,8,1,19,Basic,North,0
5871,190,15,3,24,Premium,East,0
5872,183,19,3,18,Standard,South,0
5873,135,16,1,16,Basic,South,1
5874,310,18,1,7,Premium,South,0
5875,195,12,3,14,Basic,East,1
5876,414,28,0,7,Standard,West,0
5877,276,8,3,17,Premium,North,0
5878,75,9,3,52,Premium,West,1
5879,116,7,3,46,Basic,West,1
5880,229,13,1,16,Premium,West,0
5881,87,3,7,28,Basic,South,1
5882,165,5,5,34,Basic,West,1
5883,287,13,2,16,Standard,North,0
5884,375,22,1,1,Basic,North,0
5885,331,22,0,2,Basic,South,0
5886,310,24,1,6,Standard,East,0
5887,424,19,1,4,Basic,East,0
5888,259,17,3,11,Basic,South,1
5889,274,15,2,10,Basic,West,0
5890,298,25,1,11,Standard,East,0
5891,377,19,0,9,Basic,West,0
5892,378,21,0,8,Basic,South,1
5893,157,10,3,20,Standard,West,1
5894,149,13,3,23,Basic,East,1
5895,233,9,3,15,Premium,North,0
5896,93,8,7,45,Premium,South,1
5897,308,20,1,5,Premium,East,0
5898,56,3,3,58,Basic,South,1
5899,20,7,6,36,Premium,South,1
5900,429,29,1,11,Premium,South,0
5901,85,5,4,47,Standard,South,1
5902,145,5,3,39,Standard,South,1
5903,478,23,1,5,Standard,East,0
5904,160,7,5,49,Basic,South,1
5905,272,19,3,17,Standard,North,0
5906,399,25,0,4,Standard,North,1
5907,201,18,3,22,Premium,South,1
5908,162,8,6,29,Standard,North,1
5909,401,25,1,11,Basic,South,0
5910,153,16,3,8,Premium,North,0
5911,420,19,1,4,Premium,East,0
5912,28,9,3,26,Standard,East,1
5913,78,8,4,35,Premium,West,0
5914,492,26,0,2,Premium,East,0
5915,488,28,0,7,Basic,West,0
5916,383,22,1,11,Standard,North,0
5917,76,1,6,25,Standard,West,1
5918,251,12,1,12,Standard,South,0
5919,206,11,2,12,Premium,West,0
5920,70,3,4,51,Basic,East,1
5921,260,27,0,0,Standard,West,0
5922,411,29,0,2,Standard,South,0
5923,451,29,1,4,Standard,South,0
5924,236,17,1,16,Standard,South,0
5925,137,3,6,57,Basic,South,1
5926,260,19,2,19,Standard,North,0
5927,326,20,0,8,Basic,South,0
5928,156,4,3,46,Basic,West,1
5929,328,20,0,8,Premium,South,0
5930,98,6,5,57,Premium,West,1
5931,376,28,1,9,Premium,South,0
5932,256,16,1,15,Standard,West,1
5933,478,21,1,3,Basic,West,0
5934,118,6,3,48,Basic,West,1
5935,253,22,0,6,Basic,West,0
5936,481,28,0,0,Standard,West,0
5937,208,14,2,20,Premium,East,0
5938,136,3,4,20,Premium,East,1
5939,191,15,2,15,Standard,South,0
5940,38,8,5,50,Standard,West,1
5941,329,29,1,3,Premium,North,0
5942,128,15,2,20,Basic,East,0
5943,162,8,5,46,Basic,East,1
5944,63,6,7,43,Basic,South,1
5945,256,23,1,0,Basic,North,0
5946,164,5,7,30,Basic,East,1
5947,183,19,3,16,Premium,South,0
5948,379,27,1,5,Premium,South,0
5949,121,16,1,23,Premium,East,0
5950,66,4,6,23,Basic,North,1
5951,401,19,0,4,Standard,East,0
5952,34,8,3,42,Standard,South,1
5953,213,15,3,20,Standard,North,0
5954,159,1,3,48,Premium,North,0
5955,147,7,7,40,Premium,North,1
5956,485,26,1,3,Premium,North,0
5957,150,5,6,45,Standard,South,1
5958,129,9,4,34,Basic,West,1
5959,71,7,7,23,Standard,West,1
5960,166,9,7,56,Basic,South,1
5961,26,7,6,48,Basic,West,1
5962,438,28,1,1,Premium,South,0
5963,400,21,1,3,Premium,North,0
5964,85,9,3,34,Basic,West,1
5965,178,7,6,41,Premium,West,1
5966,147,4,6,46,Basic,South,1
5967,152,4,3,57,Premium,South,1
5968,157,19,1,9,Basic,West,0
5969,103,3,6,34,Premium,West,1
5970,321,28,0,10,Premium,West,0
5971,66,7,7,37,Premium,West,1
5972,261,29,1,10,Premium,East,0
5973,104,1,3,22,Standard,South,1
5974,165,5,3,58,Basic,West,1
5975,411,22,0,0,Standard,South,1
5976,129,15,2,17,Standard,East,0
5977,21,3,4,22,Basic,North,1
5978,145,13,3,22,Basic,South,1
5979,266,27,1,2,Premium,East,0
5980,324,28,1,7,Premium,South,0
5981,175,15,2,11,Standard,West,0
5982,382,20,0,3,Premium,North,0
5983,269,20,0,4,Premium,South,0
5984,152,8,4,44,Basic,North,1
5985,487,19,1,5,Premium,West,0
5986,68,2,6,32,Basic,East,1
5987,87,3,5,50,Basic,South,1
5988,195,19,2,8,Premium,East,0
5989,341,29,1,10,Standard,West,0
5990,133,10,1,16,Premium,West,1
5991,40,9,7,29,Basic,West,1
5992,324,22,0,10,Basic,East,0
5993,391,26,1,9,Premium,North,0
5994,371,20,0,10,Premium,East,0
5995,137,1,6,33,Premium,North,1
5996,128,2,4,36,Standard,West,1
5997,162,1,3,29,Basic,South,1
5998,36,1,5,49,Standard,South,1
5999,224,10,2,19,Premium,West,0
6000,200,12,3,11,Premium,East,0
6001,130,8,4,43,Premium,South,0
6002,53,3,5,23,Premium,West,1
6003,169,9,3,19,Premium,South,0
6004,415,20,0,2,Basic,North,0
6005,413,23,0,6,Premium,East,0
6006,353,21,1,10,Standard,North,0
6007,217,15,1,11,Standard,South,0
6008,56,5,6,57,Standard,East,1
6009,147,14,3,19,Basic,South,1
6010,413,19,1,0,Standard,South,0
6011,315,21,0,10,Premium,West,0
6012,292,13,2,22,Standard,South,1
6013,498,28,0,6,Premium,West,0
6014,469,29,0,5,Standard,North,0
6015,142,2,7,22,Premium,West,1
6016,221,15,1,11,Standard,South,0
6017,282,26,1,8,Basic,West,0
6018,260,8,3,11,Basic,North,0
6019,144,8,1,10,Basic,North,0
6020,173,13,3,8,Premium,North,0
6021,305,20,0,9,Standard,South,0
6022,110,6,4,54,Basic,South,1
6023,143,12,2,13,Basic,North,0
6024,259,8,2,23,Premium,South,0
6025,259,10,3,15,Basic,West,0
6026,169,17,3,11,Premium,West,0
6027,202,12,2,15,Standard,North,0
6028,43,9,4,32,Standard,West,1
6029,293,9,3,11,Standard,West,0
6030,148,4,5,32,Basic,North,1
6031,125,5,3,33,Premium,East,1
6032,499,19,0,2,Premium,South,0
6033,254,16,3,24,Premium,North,0
6034,323,18,1,10,Standard,South,0
6035,257,14,3,10,Standard,East,1
6036,481,20,1,4,Standard,South,0
6037,471,25,1,6,Basic,South,1
6038,483,24,0,11,Premium,North,0
6039,223,8,2,24,Basic,East,1
6040,322,21,1,8,Basic,East,0
6041,58,2,7,42,Premium,North,1
6042,457,25,1,4,Premium,West,0
6043,353,20,0,10,Premium,North,1
6044,139,9,4,49,Standard,North,1
6045,59,5,4,34,Premium,North,1
6046,380,25,0,7,Standard,West,0
6047,494,29,0,7,Basic,West,1
6048,137,19,3,21,Standard,South,1
6049,84,2,7,41,Premium,West,1
6050,266,13,2,17,Premium,West,0
6051,439,20,1,0,Basic,South,0
6052,47,3,7,55,Basic,North,1
6053,330,29,0,3,Standard,West,0
6054,168,18,2,11,Basic,West,0
6055,230,9,1,17,Standard,West,0
6056,98,7,6,27,Standard,East,1
6057,205,19,1,13,Premium,West,1
6058,124,9,1,13,Basic,North,0
6059,44,1,7,59,Premium,South,1
6060,88,5,4,36,Basic,South,1
6061,101,4,5,50,Premium,North,1
6062,150,12,2,16,Standard,South,0
6063,149,17,1,22,Standard,West,0
6064,415,23,0,8,Basic,West,0
6065,118,7,6,58,Standard,North,0
6066,237,9,2,22,Standard,West,1
6067,256,11,3,12,Basic,East,0
6068,179,9,2,11,Basic,North,0
6069,471,24,1,9,Premium,East,0
6070,207,16,3,19,Premium,East,0
6071,170,9,3,49,Basic,South,1
6072,145,4,7,50,Premium,West,1
6073,290,18,2,13,Premium,East,0
6074,430,24,1,2,Basic,South,0
6075,56,8,5,31,Basic,East,1
6076,186,9,2,13,Premium,East,0
6077,191,13,3,20,Standard,South,0
6078,144,4,4,32,Standard,South,1
6079,255,18,0,0,Standard,West,0
6080,120,3,6,33,Basic,South,1
6081,253,18,0,7,Premium,South,0
6082,224,11,2,16,Standard,West,0
6083,407,23,1,0,Basic,East,0
6084,429,28,1,4,Basic,West,0
6085,342,26,0,6,Basic,West,0
6086,456,20,0,6,Premium,North,0
6087,350,18,0,4,Premium,West,0
6088,113,1,3,45,Premium,West,1
6089,205,14,3,8,Basic,East,1
6090,131,16,2,21,Standard,East,1
6091,127,5,3,54,Premium,South,1
6092,409,23,0,9,Premium,South,1
6093,137,5,5,32,Basic,North,1
6094,162,5,5,52,Basic,West,1
6095,281,22,1,3,Premium,South,0
6096,101,7,7,21,Premium,North,1
6097,495,28,1,2,Basic,North,0
6098,134,1,3,40,Standard,East,1
6099,100,9,3,50,Basic,North,1
6100,142,9,3,49,Premium,West,1
6101,163,6,5,45,Basic,West,1
6102,150,2,3,34,Basic,North,1
6103,144,4,6,35,Basic,East,1
6104,321,29,0,3,Standard,East,0
6105,32,5,6,32,Premium,North,1
6106,414,29,1,9,Standard,East,0
6107,456,21,1,3,Standard,North,0
6108,286,18,1,2,Basic,North,1
6109,355,23,0,9,Basic,East,0
6110,167,3,7,25,Premium,North,1
6111,182,12,1,10,Premium,West,0
6112,118,7,7,34,Standard,South,1
6113,24,6,5,47,Premium,North,1
6114,444,24,1,9,Basic,South,0
6115,479,22,1,5,Basic,North,0
6116,134,5,5,56,Premium,North,1
6117,235,12,1,11,Basic,East,0
6118,376,20,0,6,Basic,East,0
6119,171,16,2,10,Basic,West,0
6120,258,22,1,0,Basic,South,1
6121,67,2,7,26,Basic,West,1
6122,221,15,3,19,Basic,South,1
6123,141,8,2,14,Standard,East,1
6124,146,14,3,18,Standard,North,0
6125,257,22,0,6,Premium,South,0
6126,249,15,3,9,Standard,West,0
6127,166,17,3,13,Premium,South,0
6128,89,7,4,45,Basic,South,1
6129,121,9,5,33,Premium,East,0
6130,50,5,7,57,Premium,South,1
6131,178,19,2,18,Standard,North,0
6132,88,1,4,29,Standard,North,1
6133,333,26,0,2,Premium,North,0
6134,163,6,7,54,Premium,North,1
6135,58,3,3,59,Premium,North,1
6136,302,21,1,4,Basic,North,0
6137,114,1,3,27,Basic,North,1
6138,249,11,2,23,Premium,North,0
6139,354,22,0,9,Premium,South,0
6140,262,13,3,17,Basic,South,0
6141,159,9,5,31,Standard,North,0
6142,132,2,6,50,Premium,South,1
6143,270,25,0,4,Premium,South,0
6144,284,23,1,10,Standard,East,0
6145,87,3,7,31,Basic,East,1
6146,182,17,3,18,Premium,West,0
6147,287,24,1,2,Basic,East,0
6148,284,26,0,10,Premium,South,0
6149,150,10,3,14,Basic,North,0
6150,218,12,1,19,Basic,East,1
6151,101,9,4,37,Basic,South,1
6152,276,17,3,13,Premium,North,0
6153,264,24,0,2,Basic,South,0
6154,94,2,5,58,Premium,West,1
6155,253,26,1,10,Basic,West,0
6156,115,3,7,50,Standard,North,1
6157,163,15,3,17,Basic,North,0
6158,410,24,1,11,Basic,West,0
6159,99,5,4,59,Standard,East,1
6160,108,5,5,29,Standard,South,1
6161,289,10,1,9,Premium,North,1
6162,156,1,6,45,Premium,North,1
6163,205,14,3,16,Premium,South,0
6164,114,3,5,59,Basic,East,0
6165,294,19,2,16,Standard,South,0
6166,314,29,1,0,Basic,South,0
6167,495,23,0,8,Standard,North,0
6168,162,2,4,50,Premium,North,1
6169,194,8,2,14,Standard,North,0
6170,329,24,1,6,Premium,South,0
6171,33,8,7,26,Premium,West,1
6172,399,29,0,0,Premium,East,0
6173,221,19,1,10,Basic,East,0
6174,449,24,0,4,Standard,West,0
6175,362,28,1,10,Basic,South,0
6176,173,11,1,22,Standard,West,0
6177,128,6,3,44,Basic,North,1
6178,124,5,5,41,Basic,East,1
6179,236,12,2,23,Basic,North,0
6180,212,9,2,15,Standard,West,0
6181,362,27,0,8,Standard,South,0
6182,297,15,3,11,Premium,West,0
6183,301,28,1,8,Standard,West,0
6184,249,19,1,18,Standard,North,0
6185,95,5,7,41,Basic,West,1
6186,202,12,3,13,Basic,North,0
6187,90,5,4,21,Basic,North,1
6188,149,8,4,26,Premium,North,1
6189,191,12,1,22,Premium,East,0
6190,295,11,2,10,Premium,North,0
6191,176,9,1,10,Basic,East,0
6192,319,18,1,7,Basic,North,1
6193,430,23,1,2,Standard,East,0
6194,175,5,6,28,Standard,South,1
6195,428,18,0,4,Standard,East,0
6196,273,15,3,19,Basic,East,0
6197,409,20,1,5,Premium,North,0
6198,379,19,1,4,Standard,South,1
6199,284,19,0,5,Standard,South,0
6200,392,28,1,3,Basic,North,0
6201,294,29,1,4,Basic,East,0
6202,103,5,4,52,Premium,East,1
6203,408,28,1,8,Standard,South,0
6204,157,14,1,20,Premium,West,0
6205,93,8,4,39,Standard,West,1
6206,393,22,1,9,Standard,East,0
6207,284,11,1,10,Standard,North,0
6208,483,24,1,8,Basic,West,0
6209,213,13,2,16,Standard,North,0
6210,106,1,7,52,Premium,South,1
6211,481,23,0,9,Standard,West,0
6212,494,20,1,3,Standard,East,0
6213,260,18,3,8,Basic,North,1
6214,286,19,1,10,Premium,North,0
6215,90,8,7,22,Premium,South,1
6216,122,1,4,25,Premium,North,1
6217,31,6,5,57,Premium,South,1
6218,259,26,0,3,Basic,West,0
6219,192,10,2,11,Standard,East,0
6220,240,10,2,12,Basic,South,0
6221,497,22,0,7,Premium,East,0
6222,177,13,3,12,Premium,North,1
6223,35,6,5,22,Basic,North,1
6224,230,18,2,22,Premium,North,0
6225,246,16,2,21,Basic,West,1
6226,428,22,0,10,Basic,South,0
6227,338,27,0,1,Premium,West,0
6228,304,29,0,2,Standard,South,0
6229,136,8,3,36,Basic,South,1
6230,133,2,6,20,Basic,West,1
6231,370,22,0,8,Basic,East,1
6232,164,18,2,8,Premium,South,0
6233,385,20,0,10,Premium,West,0
6234,233,18,3,23,Standard,West,1
6235,317,19,0,10,Basic,South,1
6236,186,16,3,16,Premium,North,0
6237,114,9,5,36,Premium,East,1
6238,445,21,0,7,Standard,South,0
6239,125,16,2,15,Premium,East,0
6240,331,24,0,1,Basic,North,0
6241,315,28,1,5,Standard,South,0
6242,171,3,7,50,Premium,South,1
6243,111,8,6,35,Standard,East,1
6244,476,28,0,7,Premium,West,0
6245,47,9,4,48,Basic,North,1
6246,371,26,0,9,Standard,West,0
6247,69,6,6,24,Standard,East,1
6248,151,10,2,22,Standard,West,0
6249,493,28,1,5,Standard,West,0
6250,439,23,1,9,Standard,South,0
6251,192,11,2,12,Basic,South,0
6252,170,19,3,22,Premium,South,0
6253,26,3,6,51,Basic,West,1
6254,269,11,2,15,Basic,South,0
6255,280,25,0,9,Premium,East,0
6256,203,9,3,17,Standard,South,0
6257,293,20,1,10,Basic,East,0
6258,475,28,1,11,Premium,North,0
6259,282,29,0,1,Basic,South,1
6260,142,8,3,20,Basic,South,0
6261,176,2,6,58,Basic,East,0
6262,124,18,2,18,Standard,South,0
6263,409,20,0,8,Basic,East,0
6264,175,8,6,46,Premium,North,1
6265,161,16,3,9,Premium,West,0
6266,128,3,7,33,Basic,South,1
6267,331,21,1,7,Basic,East,0
6268,446,23,0,11,Basic,North,0
6269,278,12,1,13,Standard,North,0
6270,281,27,0,1,Premium,North,0
6271,410,21,1,5,Standard,West,0
6272,227,16,2,20,Premium,East,0
6273,206,17,3,12,Premium,East,0
6274,133,9,5,23,Premium,East,1
6275,217,16,3,23,Basic,West,0
6276,283,17,2,19,Standard,East,0
6277,278,21,0,2,Premium,East,0
6278,104,8,4,24,Basic,West,1
6279,415,22,0,7,Premium,North,0
6280,151,4,7,34,Premium,East,1
6281,167,18,2,11,Basic,North,0
6282,38,8,4,47,Basic,South,1
6283,172,3,4,29,Premium,West,1
6284,470,24,1,6,Basic,North,1
6285,289,16,3,20,Premium,East,0
6286,157,12,3,14,Basic,South,1
6287,20,2,3,28,Premium,West,1
6288,172,15,2,24,Standard,East,0
6289,55,7,5,37,Basic,South,1
6290,156,3,4,34,Premium,East,1
6291,242,16,3,11,Premium,South,1
6292,266,23,0,5,Standard,East,0
6293,289,17,3,13,Premium,West,0
6294,178,3,7,59,Basic,North,1
6295,221,14,3,15,Standard,North,1
6296,29,8,5,45,Basic,North,1
6297,134,10,3,8,Basic,North,1
6298,495,28,0,8,Premium,North,0
6299,138,2,3,22,Basic,North,1
6300,465,24,0,9,Basic,West,0
6301,119,8,4,21,Basic,East,1
6302,149,16,3,16,Basic,North,0
6303,200,8,3,19,Basic,South,0
6304,26,8,5,49,Premium,West,1
6305,347,23,0,6,Standard,North,0
6306,121,8,6,20,Premium,East,0
6307,241,12,2,13,Premium,West,0
6308,33,6,4,54,Standard,North,1
6309,167,9,3,52,Standard,South,0
6310,253,28,1,11,Basic,South,0
6311,275,23,0,5,Premium,West,0
6312,26,9,4,59,Standard,East,1
6313,392,22,0,1,Standard,East,0
6314,285,27,0,6,Standard,North,0
6315,259,23,1,4,Premium,North,0
6316,137,9,4,34,Premium,East,0
6317,269,19,1,0,Basic,South,0
6318,141,16,2,12,Standard,East,0
6319,449,27,1,8,Basic,East,0
6320,463,18,0,2,Premium,North,0
6321,375,29,0,2,Basic,West,0
6322,106,7,4,30,Standard,North,1
6323,132,11,2,15,Basic,South,1
6324,183,10,2,9,Basic,North,0
6325,405,18,0,1,Standard,East,0
6326,409,21,1,11,Basic,South,0
6327,213,16,1,22,Basic,North,1
6328,208,8,3,13,Basic,West,0
6329,311,21,0,6,Standard,West,0
6330,165,17,2,17,Premium,East,0
6331,256,21,0,0,Standard,West,0
6332,121,14,1,23,Premium,North,1
6333,389,25,0,10,Premium,East,0
6334,124,18,3,21,Standard,East,0
6335,283,10,2,22,Premium,South,0
6336,324,29,0,0,Premium,West,0
6337,204,15,3,17,Premium,East,0
6338,159,2,7,43,Standard,South,1
6339,112,5,5,45,Premium,East,1
6340,171,13,2,19,Premium,West,0
6341,140,12,1,22,Basic,East,1
6342,177,16,3,19,Standard,South,0
6343,241,17,1,17,Basic,South,1
6344,270,18,3,15,Basic,West,0
6345,67,4,3,35,Basic,West,1
6346,494,26,0,10,Standard,East,0
6347,156,13,3,9,Premium,South,0
6348,335,26,1,3,Standard,South,0
6349,63,9,5,45,Premium,North,1
6350,459,28,1,9,Standard,West,0
6351,126,9,1,13,Standard,West,0
6352,38,3,4,54,Standard,West,1
6353,194,13,3,12,Premium,West,0
6354,209,10,3,24,Standard,East,0
6355,488,18,0,9,Standard,North,0
6356,36,5,7,34,Premium,East,1
6357,231,8,2,18,Basic,North,0
6358,167,15,2,10,Basic,West,0
6359,205,17,2,16,Basic,South,0
6360,126,13,2,11,Basic,West,1
6361,33,6,3,32,Premium,North,1
6362,243,19,2,21,Standard,East,0
6363,286,8,1,18,Basic,East,1
6364,29,5,4,33,Basic,South,1
6365,58,2,5,34,Standard,East,1
6366,57,9,3,26,Basic,North,1
6367,91,2,7,35,Standard,North,1
6368,314,23,1,11,Premium,West,0
6369,155,9,7,21,Standard,North,0
6370,285,14,3,21,Standard,North,1
6371,399,25,0,3,Premium,North,0
6372,266,25,1,7,Basic,North,0
6373,89,1,7,50,Basic,West,1
6374,135,8,1,23,Standard,West,0
6375,185,12,3,22,Standard,West,0
6376,355,22,0,5,Basic,West,1
6377,133,4,5,58,Standard,North,1
6378,224,17,2,13,Basic,North,0
6379,240,9,2,13,Premium,West,0
6380,138,12,1,17,Basic,South,0
6381,254,19,3,9,Basic,East,0
6382,284,12,2,19,Premium,West,0
6383,189,17,3,23,Premium,West,0
6384,349,26,1,4,Standard,South,0
6385,266,16,3,10,Premium,West,0
6386,67,7,7,32,Premium,North,1
6387,141,8,3,19,Basic,West,1
6388,172,12,3,12,Basic,West,0
6389,449,19,0,0,Premium,East,0
6390,400,20,1,3,Standard,South,0
6391,181,9,1,22,Premium,North,0
6392,232,8,2,16,Premium,South,0
6393,148,3,7,39,Standard,North,1
6394,104,5,4,43,Standard,West,1
6395,364,24,1,5,Standard,West,0
6396,161,17,3,17,Standard,West,0
6397,360,24,0,10,Premium,South,0
6398,129,1,3,51,Basic,West,1
6399,70,8,3,51,Premium,South,1
6400,361,21,1,8,Basic,West,1
6401,330,19,0,8,Basic,West,0
6402,197,15,1,12,Premium,North,0
6403,110,5,5,57,Premium,South,1
6404,385,21,1,1,Basic,West,0
6405,257,18,1,9,Basic,North,1
6406,376,18,0,8,Premium,West,0
6407,240,8,1,21,Standard,West,0
6408,56,6,7,23,Standard,West,0
6409,457,27,0,11,Standard,South,0
6410,45,8,3,54,Basic,North,1
6411,43,3,4,21,Standard,South,1
6412,350,19,0,6,Premium,South,0
6413,42,6,4,45,Premium,West,1
6414,130,8,7,49,Standard,East,1
6415,366,26,1,9,Premium,East,0
6416,250,8,3,22,Premium,North,0
6417,143,18,1,8,Premium,West,0
6418,140,1,6,45,Standard,North,1
6419,131,15,3,19,Premium,North,0
6420,135,15,3,13,Premium,South,0
6421,257,13,2,24,Standard,North,0
6422,85,4,4,28,Basic,East,1
6423,124,9,3,43,Basic,North,1
6424,142,7,4,52,Premium,West,1
6425,166,7,7,45,Standard,East,1
6426,25,6,6,45,Standard,West,1
6427,287,13,3,20,Premium,East,0
6428,100,4,3,53,Standard,South,1
6429,44,9,3,33,Premium,West,1
6430,49,6,4,44,Standard,South,1
6431,92,3,7,56,Standard,East,1
6432,281,21,0,11,Premium,West,0
6433,64,1,6,45,Basic,East,1
6434,178,9,6,50,Premium,North,1
6435,120,7,5,23,Standard,West,1
6436,354,27,0,0,Basic,South,1
6437,172,15,2,21,Standard,East,0
6438,206,8,2,24,Standard,East,1
6439,261,9,1,13,Standard,South,0
6440,231,12,1,19,Standard,East,0
6441,173,3,3,35,Basic,North,1
6442,197,15,3,19,Premium,North,0
6443,139,8,5,53,Basic,North,1
6444,275,18,0,2,Basic,North,1
6445,400,26,1,4,Standard,North,0
6446,121,17,2,17,Standard,West,0
6447,179,5,6,37,Basic,East,1
6448,431,20,0,9,Basic,West,0
6449,93,2,6,56,Standard,East,1
6450,248,17,2,20,Standard,North,0
6451,81,3,6,21,Premium,South,1
6452,226,12,3,21,Premium,East,1
6453,375,24,0,8,Standard,South,0
6454,261,23,1,7,Premium,North,0
6455,253,24,1,7,Basic,East,0
6456,373,21,1,8,Standard,North,0
6457,134,7,6,40,Premium,West,1
6458,460,19,1,7,Standard,West,0
6459,147,7,7,52,Premium,East,1
6460,273,27,1,4,Premium,West,0
6461,112,2,5,41,Premium,East,1
6462,193,15,2,20,Basic,East,1
6463,181,10,1,20,Basic,South,0
6464,202,11,3,22,Premium,East,0
6465,303,24,1,4,Basic,East,1
6466,42,1,5,54,Standard,South,1
6467,86,1,4,27,Standard,North,1
6468,419,20,1,2,Premium,West,0
6469,43,9,3,49,Premium,West,1
6470,77,3,3,48,Basic,South,1
6471,331,24,0,2,Standard,South,0
6472,141,5,4,21,Standard,West,1
6473,56,9,3,58,Standard,West,1
6474,23,3,5,58,Standard,East,1
6475,56,5,7,44,Basic,North,1
6476,50,3,6,57,Standard,North,1
6477,485,22,1,1,Basic,West,0
6478,429,24,1,11,Premium,North,0
6479,62,6,5,37,Premium,East,1
6480,98,4,6,59,Standard,West,1
6481,464,28,1,8,Premium,North,0
6482,85,3,7,56,Standard,East,1
6483,113,7,6,47,Basic,North,1
6484,429,27,0,8,Premium,East,0
6485,117,9,7,36,Basic,North,1
6486,24,6,3,42,Standard,West,1
6487,274,16,1,20,Basic,East,0
6488,109,8,5,46,Standard,North,1
6489,253,19,0,6,Basic,North,0
6490,299,11,3,20,Standard,South,0
6491,141,18,1,16,Standard,West,0
6492,76,1,3,51,Basic,South,1
6493,135,19,1,10,Premium,South,0
6494,468,26,0,0,Basic,East,0
6495,145,12,1,8,Basic,West,0
6496,206,13,1,11,Standard,North,0
6497,124,19,2,17,Premium,West,0
6498,106,6,6,42,Basic,North,1
6499,342,29,1,8,Premium,South,0
6500,451,19,0,5,Premium,West,0
6501,224,11,2,17,Standard,South,1
6502,262,19,1,3,Standard,East,0
6503,154,7,7,24,Premium,East,1
6504,84,4,5,37,Standard,East,1
6505,323,24,1,7,Basic,South,0
6506,97,6,7,52,Premium,North,1
6507,172,8,6,48,Standard,North,1
6508,265,19,1,12,Standard,North,0
6509,118,4,3,59,Basic,West,1
6510,271,16,1,16,Premium,North,0
6511,135,6,5,36,Standard,South,1
6512,424,25,0,0,Basic,West,1
6513,46,2,7,23,Standard,West,1
6514,201,12,2,9,Premium,West,0
6515,169,6,7,25,Standard,East,1
6516,132,8,2,16,Basic,South,1
6517,180,19,2,11,Premium,South,0
6518,247,19,1,11,Standard,North,1
6519,355,25,1,9,Premium,North,0
6520,323,25,1,0,Premium,East,0
6521,75,1,7,54,Premium,West,1
6522,176,8,7,22,Basic,South,1
6523,369,29,0,5,Standard,South,0
6524,329,20,1,10,Standard,South,0
6525,272,28,0,8,Premium,North,0
6526,495,25,1,10,Standard,West,0
6527,432,26,1,11,Basic,North,0
6528,305,21,0,10,Premium,East,0
6529,177,15,3,13,Standard,East,0
6530,266,15,1,11,Premium,East,0
6531,407,28,0,2,Premium,South,0
6532,94,7,5,30,Basic,North,1
6533,230,10,1,22,Premium,North,0
6534,146,3,7,52,Standard,North,1
6535,295,29,0,8,Standard,East,0
6536,96,8,5,28,Basic,South,1
6537,134,14,1,23,Standard,East,0
6538,254,18,2,9,Premium,West,0
6539,147,3,3,50,Premium,South,1
6540,103,1,4,23,Basic,South,1
6541,219,14,3,20,Standard,North,0
6542,261,12,1,20,Basic,North,0
6543,121,5,5,39,Basic,North,1
6544,461,19,1,9,Standard,North,0
6545,471,27,1,9,Standard,South,0
6546,222,18,2,21,Premium,East,1
6547,377,23,0,5,Standard,South,0
6548,275,17,2,16,Basic,West,0
6549,198,18,1,14,Standard,North,0
6550,115,2,4,30,Standard,North,1
6551,144,4,3,36,Premium,East,1
6552,331,25,0,3,Standard,North,0
6553,150,6,6,57,Standard,North,1
6554,305,25,0,0,Premium,South,0
6555,318,20,0,9,Standard,West,0
6556,465,27,1,11,Standard,South,0
6557,136,1,7,24,Basic,East,1
6558,179,4,7,51,Standard,West,1
6559,216,13,3,21,Standard,North,0
6560,435,20,1,6,Standard,West,0
6561,285,29,1,9,Premium,West,0
6562,62,6,7,46,Standard,North,0
6563,205,18,1,18,Premium,North,1
6564,454,23,1,11,Premium,West,0
6565,494,26,0,3,Premium,West,0
6566,149,10,1,8,Premium,East,0
6567,362,19,0,4,Basic,East,0
6568,224,10,2,23,Standard,South,1
6569,178,5,6,48,Basic,South,1
6570,390,21,1,11,Premium,South,0
6571,108,8,3,39,Basic,West,1
6572,232,18,1,15,Basic,East,0
6573,30,9,6,44,Basic,East,1
6574,372,20,1,10,Basic,South,0
6575,173,11,1,12,Premium,South,0
6576,82,8,5,23,Basic,South,1
6577,26,7,4,57,Premium,North,1
6578,36,3,4,57,Basic,West,1
6579,82,6,3,49,Premium,West,1
6580,255,14,1,8,Standard,North,0
6581,226,18,1,10,Standard,West,0
6582,324,22,0,3,Basic,North,0
6583,419,20,0,0,Standard,East,0
6584,38,2,3,23,Basic,East,1
6585,395,25,0,9,Premium,South,0
6586,292,17,1,22,Premium,South,1
6587,278,27,1,6,Premium,North,0
6588,157,9,3,41,Premium,West,1
6589,269,14,3,11,Premium,East,0
6590,251,29,0,10,Standard,West,1
6591,190,13,1,21,Basic,South,1
6592,89,2,5,21,Basic,West,1
6593,336,24,1,3,Basic,South,0
6594,24,1,4,41,Standard,West,1
6595,122,2,7,53,Premium,South,1
6596,148,8,1,8,Standard,North,0
6597,295,13,3,21,Basic,North,1
6598,300,25,0,10,Premium,South,0
6599,180,14,2,20,Premium,North,0
6600,248,18,2,22,Basic,West,0
6601,456,25,0,1,Premium,North,0
6602,282,26,1,6,Premium,West,0
6603,126,5,4,34,Premium,West,1
6604,170,5,4,33,Standard,West,1
6605,225,13,3,12,Standard,South,0
6606,89,2,7,55,Basic,East,0
6607,163,1,3,33,Basic,East,1
6608,89,7,6,50,Premium,West,1
6609,287,18,3,14,Premium,North,0
6610,410,28,1,4,Premium,West,0
6611,123,5,7,38,Basic,East,1
6612,146,19,1,13,Premium,South,0
6613,95,2,5,58,Premium,West,1
6614,64,4,4,57,Standard,South,1
6615,27,8,7,53,Standard,East,1
6616,193,13,1,8,Basic,West,0
6617,289,11,2,18,Premium,North,0
6618,90,3,6,47,Premium,South,1
6619,252,28,0,8,Standard,South,0
6620,297,19,0,9,Standard,East,0
6621,235,18,2,22,Premium,East,0
6622,310,26,0,8,Premium,North,0
6623,125,18,3,10,Basic,West,0
6624,303,25,0,10,Premium,West,0
6625,186,13,3,17,Premium,North,0
6626,165,18,3,17,Premium,South,0
6627,309,28,1,10,Premium,South,0
6628,401,24,1,8,Premium,North,0
6629,35,3,4,56,Standard,South,1
6630,442,22,0,2,Standard,South,0
6631,24,8,5,52,Basic,South,1
6632,187,10,3,10,Basic,West,0
6633,273,19,1,8,Premium,West,0
6634,195,8,1,10,Standard,West,0
6635,63,6,4,49,Standard,North,1
6636,499,23,1,1,Premium,East,0
6637,141,8,7,49,Standard,South,1
6638,290,19,0,2,Premium,South,0
6639,392,23,0,5,Standard,South,0
6640,118,2,3,37,Standard,East,1
6641,265,22,1,1,Premium,South,0
6642,356,28,0,0,Basic,West,0
6643,479,27,1,4,Premium,North,0
6644,143,9,3,58,Premium,South,1
6645,172,8,1,17,Standard,North,1
6646,343,29,0,0,Premium,West,0
6647,282,12,2,12,Premium,East,0
6648,137,7,7,56,Standard,South,1
6649,172,17,1,19,Standard,South,0
6650,123,9,6,49,Standard,North,1
6651,438,24,0,3,Premium,South,0
6652,348,18,0,8,Standard,East,0
6653,96,3,7,29,Standard,South,1
6654,109,3,6,48,Premium,West,1
6655,122,16,2,21,Premium,East,0
6656,404,20,1,9,Standard,South,0
6657,296,10,3,11,Premium,South,0
6658,75,6,3,29,Premium,South,1
6659,200,17,2,9,Standard,North,0
6660,180,12,2,21,Premium,West,0
6661,163,9,2,20,Premium,North,0
6662,124,14,1,19,Premium,West,0
6663,410,25,1,9,Premium,North,0
6664,93,7,6,47,Standard,South,1
6665,151,10,1,20,Standard,North,1
6666,299,28,1,2,Premium,East,0
6667,282,12,3,21,Premium,East,0
6668,41,6,6,28,Premium,North,0
6669,488,26,0,10,Premium,South,0
6670,411,23,1,3,Standard,East,0
6671,165,10,2,22,Premium,South,0
6672,269,29,1,4,Premium,North,0
6673,304,23,0,8,Basic,East,0
6674,264,18,0,8,Premium,North,0
6675,173,8,6,58,Basic,West,0
6676,124,7,4,20,Standard,South,0
6677,88,5,5,51,Basic,East,1
6678,34,5,7,49,Premium,South,1
6679,197,15,3,12,Basic,South,0
6680,165,12,1,23,Premium,North,0
6681,208,18,2,13,Standard,South,0
6682,150,8,4,22,Basic,South,1
6683,136,1,7,45,Basic,South,1
6684,261,23,1,4,Basic,North,1
6685,132,15,1,13,Premium,North,0
6686,90,7,6,38,Standard,North,1
6687,335,20,1,2,Premium,North,0
6688,166,16,3,12,Premium,East,0
6689,196,19,1,22,Standard,East,1
6690,98,1,5,30,Basic,South,1
6691,134,11,3,14,Premium,North,0
6692,132,11,2,17,Premium,East,0
6693,429,22,1,2,Premium,South,0
6694,349,28,0,0,Basic,East,0
6695,52,6,7,46,Standard,North,1
6696,293,24,0,3,Standard,North,0
6697,265,24,1,9,Premium,North,0
6698,171,15,1,16,Premium,South,0
6699,146,12,2,15,Basic,East,1
6700,348,25,1,10,Basic,North,0
6701,55,2,6,44,Premium,West,1
6702,230,15,3,20,Premium,South,0
6703,114,9,4,59,Premium,East,1
6704,22,4,4,42,Standard,South,1
6705,29,1,6,52,Premium,North,1
6706,99,2,7,56,Premium,East,1
6707,225,18,3,19,Standard,East,0
6708,239,8,1,14,Standard,North,0
6709,323,27,0,10,Basic,West,0
6710,252,20,0,9,Basic,South,0
6711,481,18,1,6,Standard,North,0
6712,177,8,6,47,Basic,North,1
6713,148,4,3,37,Premium,East,1
6714,313,29,1,5,Premium,West,0
6715,44,4,3,49,Premium,North,1
6716,221,12,2,17,Standard,East,0
6717,242,8,1,8,Standard,West,1
6718,181,14,1,21,Basic,East,1
6719,27,8,5,51,Premium,West,0
6720,68,6,4,28,Standard,East,1
6721,296,18,1,13,Premium,North,0
6722,47,3,4,48,Standard,East,1
6723,121,2,5,27,Premium,North,1
6724,178,1,4,43,Standard,East,1
6725,142,12,1,23,Basic,East,1
6726,450,22,0,7,Standard,South,0
6727,447,28,0,9,Basic,South,0
6728,492,24,1,9,Standard,West,0
6729,28,3,4,24,Premium,East,1
6730,460,22,1,10,Premium,West,0
6731,179,18,1,14,Premium,East,0
6732,186,12,3,20,Standard,East,0
6733,131,14,3,20,Basic,North,0
6734,104,1,6,56,Standard,West,1
6735,34,4,5,20,Basic,South,1
6736,224,19,1,16,Premium,West,0
6737,149,14,2,21,Basic,East,1
6738,182,18,1,13,Standard,West,0
6739,254,12,1,14,Basic,South,0
6740,385,26,1,11,Premium,South,0
6741,266,24,0,3,Standard,West,0
6742,255,29,0,6,Premium,North,0
6743,54,3,4,47,Premium,East,1
6744,182,10,2,12,Basic,South,1
6745,152,9,5,36,Standard,East,0
6746,137,8,5,49,Standard,East,1
6747,171,18,2,14,Basic,North,0
6748,169,1,5,58,Standard,West,1
6749,468,18,0,11,Premium,North,0
6750,160,9,4,55,Basic,South,1
6751,310,21,1,4,Premium,West,0
6752,389,27,0,5,Premium,North,0
6753,42,3,4,53,Basic,East,1
6754,115,7,3,37,Basic,South,1
6755,344,22,1,3,Standard,East,0
6756,248,14,2,9,Premium,West,0
6757,257,17,2,17,Basic,West,0
6758,131,15,3,21,Premium,West,0
6759,89,8,3,54,Premium,West,1
6760,45,9,3,54,Premium,West,1
6761,233,13,1,22,Basic,East,0
6762,282,9,1,10,Basic,East,0
6763,27,3,4,42,Premium,South,1
6764,54,9,5,27,Premium,East,0
6765,362,29,0,10,Premium,West,0
6766,132,19,3,15,Premium,North,0
6767,142,19,3,12,Premium,South,1
6768,404,24,1,3,Basic,North,0
6769,189,16,3,22,Premium,West,0
6770,137,8,6,46,Premium,West,0
6771,270,11,1,9,Standard,South,0
6772,421,20,0,10,Premium,South,0
6773,286,19,1,3,Standard,North,0
6774,179,9,4,41,Premium,East,1
6775,388,29,1,7,Standard,East,0
6776,114,9,6,36,Basic,South,1
6777,91,5,7,45,Basic,East,1
6778,148,9,7,26,Standard,West,1
6779,271,12,3,13,Basic,East,0
6780,293,11,1,21,Basic,South,1
6781,257,9,1,11,Basic,West,0
6782,474,19,1,2,Standard,West,0
6783,172,5,6,32,Premium,South,1
6784,278,29,1,6,Basic,South,0
6785,256,25,0,9,Standard,North,0
6786,40,4,5,48,Standard,East,1
6787,358,22,0,1,Premium,East,0
6788,144,9,7,32,Basic,West,1
6789,159,9,3,37,Standard,West,1
6790,366,23,1,7,Standard,North,0
6791,225,19,1,15,Basic,South,1
6792,96,5,3,28,Premium,West,1
6793,343,28,1,3,Standard,East,0
6794,466,24,1,6,Premium,South,0
6795,79,3,4,54,Premium,West,1
6796,294,22,1,11,Standard,East,1
6797,496,19,1,3,Standard,South,0
6798,126,8,7,56,Standard,South,1
6799,114,7,3,49,Premium,East,1
6800,173,4,5,45,Standard,West,1
6801,292,28,0,8,Standard,North,1
6802,236,12,3,19,Premium,West,0
6803,393,20,0,11,Premium,West,0
6804,170,18,2,16,Standard,East,0
6805,273,13,3,19,Standard,North,0
6806,456,18,0,1,Basic,West,0
6807,278,18,1,21,Basic,West,0
6808,336,25,0,1,Standard,East,0
6809,176,18,1,14,Standard,South,0
6810,140,7,6,48,Basic,South,1
6811,360,19,1,8,Premium,East,0
6812,177,9,3,15,Standard,East,0
6813,58,6,7,59,Premium,South,1
6814,414,24,1,0,Premium,North,0
6815,234,8,2,21,Basic,East,1
6816,468,20,1,0,Premium,North,0
6817,40,8,3,51,Premium,East,1
6818,258,12,3,18,Standard,West,0
6819,351,18,1,4,Basic,North,0
6820,221,18,3,17,Standard,North,0
6821,116,9,7,39,Standard,East,1
6822,200,9,1,9,Standard,North,0
6823,169,4,5,48,Standard,West,1
6824,138,4,6,21,Standard,East,1
6825,174,19,3,9,Standard,East,0
6826,331,29,1,4,Basic,North,0
6827,223,16,2,24,Standard,North,0
6828,263,22,1,7,Basic,North,0
6829,133,11,2,24,Basic,North,0
6830,129,6,7,51,Basic,South,1
6831,498,23,1,1,Premium,South,0
6832,164,14,1,16,Premium,West,0
6833,24,4,3,49,Premium,West,1
6834,397,21,1,1,Premium,West,0
6835,23,2,5,21,Basic,South,1
6836,297,8,1,13,Premium,South,0
6837,436,18,1,10,Basic,West,0
6838,22,9,3,54,Premium,South,1
6839,120,3,4,29,Premium,South,1
6840,451,20,0,0,Standard,North,0
6841,115,1,3,48,Standard,South,1
6842,331,23,0,1,Premium,North,0
6843,202,12,1,20,Standard,North,0
6844,367,21,0,9,Basic,East,0
6845,39,9,7,47,Basic,West,1
6846,347,26,1,6,Basic,North,0
6847,382,28,0,8,Premium,West,0
6848,124,1,4,29,Premium,East,1
6849,138,15,1,16,Basic,South,1
6850,49,7,6,43,Basic,West,1
6851,41,7,6,45,Standard,South,1
6852,161,13,1,9,Basic,East,0
6853,446,27,1,2,Basic,South,0
6854,360,19,1,2,Premium,West,0
6855,81,4,6,47,Standard,West,1
6856,356,24,0,8,Basic,North,0
6857,51,2,6,35,Premium,North,0
6858,444,29,0,5,Premium,East,0
6859,52,6,7,56,Standard,South,1
6860,203,11,2,22,Premium,East,0
6861,111,9,4,57,Premium,West,0
6862,51,4,6,43,Basic,South,1
6863,29,6,5,35,Basic,West,1
6864,137,16,3,22,Premium,North,0
6865,130,2,5,20,Basic,North,1
6866,93,8,3,33,Premium,West,1
6867,168,7,6,39,Standard,West,1
6868,409,25,0,11,Standard,West,0
6869,36,2,4,30,Standard,West,1
6870,328,27,0,2,Basic,South,0
6871,348,26,0,7,Standard,West,0
6872,39,5,6,52,Standard,North,1
6873,151,18,3,11,Standard,West,0
6874,144,19,2,16,Standard,West,0
6875,221,9,2,10,Premium,East,0
6876,390,27,1,8,Standard,West,0
6877,323,20,0,0,Standard,East,0
6878,177,17,1,15,Premium,South,0
6879,142,17,1,12,Basic,North,0
6880,136,18,3,11,Basic,East,1
6881,362,26,1,4,Premium,West,0
6882,279,19,2,14,Basic,West,0
6883,133,14,2,19,Basic,West,0
6884,293,26,0,1,Premium,East,0
6885,109,7,6,33,Standard,North,1
6886,326,20,0,2,Premium,North,0
6887,198,10,3,20,Basic,North,1
6888,407,27,1,10,Premium,West,0
6889,271,20,0,8,Basic,North,0
6890,193,13,3,13,Standard,East,0
6891,283,15,1,21,Basic,South,1
6892,178,7,7,36,Basic,South,1
6893,62,4,5,49,Premium,South,1
6894,54,3,4,54,Basic,West,1
6895,498,26,0,0,Standard,West,0
6896,490,26,0,9,Standard,West,0
6897,223,14,2,9,Basic,North,0
6898,97,8,5,50,Basic,East,1
6899,145,7,6,44,Basic,West,1
6900,283,26,0,5,Premium,East,0
6901,432,20,0,1,Standard,South,0
6902,194,17,3,16,Standard,East,1
6903,120,7,3,20,Basic,North,1
6904,470,27,0,5,Basic,North,0
6905,132,8,3,10,Basic,West,1
6906,85,3,6,28,Basic,West,1
6907,181,16,2,8,Premium,West,0
6908,325,25,1,11,Basic,South,0
6909,129,4,7,39,Basic,West,1
6910,125,8,3,58,Standard,South,1
6911,431,19,1,11,Premium,North,0
6912,358,26,1,4,Basic,North,0
6913,247,12,2,17,Basic,East,0
6914,443,24,1,3,Premium,North,0
6915,147,11,2,17,Premium,East,0
6916,166,17,1,14,Basic,West,0
6917,480,20,0,5,Standard,East,0
6918,134,8,7,46,Premium,West,1
6919,181,13,1,16,Standard,North,0
6920,50,1,5,48,Standard,West,1
6921,57,9,5,29,Basic,East,1
6922,381,25,0,3,Premium,South,0
6923,84,9,4,28,Basic,West,1
6924,149,7,3,38,Premium,East,1
6925,254,26,1,2,Standard,North,0
6926,459,26,0,9,Standard,West,0
6927,120,9,7,26,Premium,East,1
6928,39,8,4,45,Basic,South,1
6929,160,1,3,41,Standard,North,1
6930,33,5,6,24,Standard,South,1
6931,174,16,1,11,Premium,North,0
6932,185,14,1,13,Basic,West,0
6933,242,14,1,16,Standard,North,0
6934,487,23,1,1,Basic,East,0
6935,314,24,0,8,Standard,North,0
6936,409,19,1,3,Standard,East,0
6937,290,14,2,11,Premium,South,0
6938,250,24,1,1,Premium,South,0
6939,325,28,0,11,Standard,South,0
6940,484,21,0,0,Basic,West,0
6941,364,26,0,9,Premium,South,0
6942,330,26,1,4,Basic,South,0
6943,337,20,0,6,Basic,East,0
6944,20,9,4,48,Standard,North,1
6945,361,28,1,2,Basic,North,0
6946,287,12,1,23,Basic,North,1
6947,385,29,0,3,Premium,East,0
6948,48,1,4,23,Premium,South,1
6949,449,28,1,6,Basic,North,0
6950,494,29,0,7,Basic,East,0
6951,330,26,1,10,Basic,South,0
6952,135,11,3,12,Basic,South,1
6953,290,19,1,5,Basic,North,0
6954,136,16,1,10,Premium,West,0
6955,119,8,4,39,Standard,West,1
6956,269,25,0,4,Basic,North,0
6957,253,19,1,4,Premium,East,0
6958,367,29,0,1,Standard,North,0
6959,188,16,2,22,Basic,East,1
6960,168,8,4,45,Premium,South,1
6961,228,19,1,23,Basic,North,1
6962,251,15,2,18,Premium,East,0
6963,101,3,5,40,Premium,East,1
6964,430,26,1,2,Standard,West,0
6965,209,14,1,13,Standard,West,0
6966,396,26,1,2,Premium,North,0
6967,107,5,7,56,Standard,North,1
6968,47,8,7,44,Standard,West,1
6969,123,3,7,49,Standard,East,1
6970,376,28,1,3,Basic,North,0
6971,442,18,1,7,Standard,East,1
6972,153,18,3,16,Basic,West,0
6973,255,14,1,15,Basic,East,0
6974,403,27,0,10,Premium,North,0
6975,92,5,4,49,Basic,West,1
6976,76,7,6,56,Standard,North,1
6977,155,8,2,19,Premium,South,0
6978,111,7,3,20,Premium,West,0
6979,294,20,0,0,Premium,East,0
6980,167,5,5,49,Basic,South,1
6981,345,24,0,4,Standard,North,0
6982,439,20,0,1,Premium,North,0
6983,259,23,0,8,Standard,North,0
6984,134,1,4,30,Standard,South,0
6985,71,4,7,43,Premium,North,1
6986,125,3,7,25,Premium,North,1
6987,302,24,1,4,Basic,South,0
6988,115,6,4,47,Standard,South,1
6989,407,28,0,10,Standard,East,0
6990,283,29,1,6,Premium,North,0
6991,139,9,2,17,Standard,West,0
6992,191,9,2,18,Standard,West,0
6993,62,8,5,20,Standard,North,1
6994,122,12,2,23,Basic,North,1
6995,341,29,1,8,Standard,West,0
6996,172,2,4,25,Basic,East,1
6997,444,28,1,1,Premium,East,0
6998,32,1,3,32,Standard,East,1
6999,153,6,3,49,Basic,East,1
7000,172,11,2,9,Basic,North,0
7001,161,10,1,18,Basic,West,0
7002,293,14,2,24,Standard,West,0
7003,134,1,3,46,Premium,West,1
7004,344,27,1,9,Basic,South,0
7005,204,19,3,18,Standard,North,0
7006,47,7,7,47,Standard,East,1
7007,147,6,6,25,Premium,South,1
7008,481,29,0,1,Premium,North,0
7009,228,8,1,23,Basic,South,0
7010,90,5,3,49,Standard,East,1
7011,244,8,2,19,Standard,South,0
7012,189,17,2,14,Basic,North,0
7013,159,18,3,10,Premium,North,0
7014,431,23,0,2,Basic,West,0
7015,162,15,1,17,Basic,North,0
7016,368,20,1,2,Basic,South,0
7017,398,26,0,8,Standard,West,0
7018,163,12,2,20,Basic,North,0
7019,415,28,0,11,Premium,West,0
7020,124,1,6,45,Standard,East,1
7021,131,9,1,10,Basic,West,1
7022,249,15,3,14,Standard,West,0
7023,183,14,1,19,Standard,East,0
7024,121,10,2,12,Basic,South,0
7025,289,25,0,9,Basic,North,1
7026,181,16,3,13,Standard,East,0
7027,492,23,1,10,Basic,East,0
7028,292,14,1,17,Premium,North,0
7029,445,24,1,5,Standard,East,0
7030,92,6,4,58,Basic,South,1
7031,165,8,2,23,Premium,North,0
7032,134,10,2,23,Premium,West,0
7033,96,7,4,33,Standard,South,1
7034,264,17,3,9,Premium,South,0
7035,151,3,4,33,Basic,East,1
7036,150,1,3,28,Basic,West,1
7037,378,25,1,9,Standard,East,0
7038,60,3,5,30,Standard,West,1
7039,194,14,3,19,Basic,South,1
7040,496,22,0,10,Standard,South,0
7041,310,29,0,1,Premium,South,0
7042,42,4,6,31,Basic,South,1
7043,103,5,4,35,Premium,East,1
7044,121,1,3,28,Premium,West,1
7045,129,2,6,21,Premium,West,1
7046,142,6,6,54,Basic,East,1
7047,139,10,1,20,Premium,North,0
7048,269,19,2,11,Premium,North,0
7049,48,7,7,32,Standard,South,1
7050,153,9,6,40,Standard,North,1
7051,127,5,5,20,Standard,South,1
7052,488,27,0,2,Premium,West,0
7053,198,18,1,9,Basic,East,0
7054,471,25,1,4,Standard,South,0
7055,189,16,1,18,Standard,West,0
7056,330,24,0,1,Standard,North,0
7057,402,24,1,9,Basic,West,0
7058,157,16,1,12,Basic,South,0
7059,359,29,1,11,Premium,South,0
7060,477,28,0,6,Basic,North,0
7061,136,10,2,15,Basic,South,0
7062,51,3,4,52,Premium,East,1
7063,159,5,4,52,Premium,East,1
7064,87,1,4,36,Basic,East,1
7065,112,1,4,31,Standard,South,1
7066,48,4,7,44,Basic,East,1
7067,47,2,5,31,Standard,East,1
7068,195,10,3,20,Standard,West,0
7069,20,3,3,34,Basic,West,1
7070,380,28,1,11,Premium,East,0
7071,268,17,3,15,Premium,North,0
7072,36,6,7,55,Premium,East,1
7073,101,4,3,25,Premium,East,0
7074,24,9,4,44,Premium,South,1
7075,193,11,1,21,Standard,North,1
7076,163,1,4,25,Premium,South,1
7077,85,5,3,24,Standard,East,1
7078,152,8,7,24,Basic,North,1
7079,92,2,3,41,Standard,South,1
7080,264,18,0,6,Standard,East,0
7081,360,23,1,9,Premium,East,0
7082,159,3,3,32,Basic,South,1
7083,297,18,1,11,Standard,West,0
7084,114,9,4,34,Standard,North,1
7085,256,16,2,15,Premium,South,0
7086,65,8,6,24,Basic,North,1
7087,174,10,1,17,Standard,South,0
7088,158,10,3,19,Basic,South,1
7089,175,4,3,58,Standard,East,1
7090,206,13,3,23,Basic,East,1
7091,306,20,0,4,Premium,South,0
7092,279,18,0,6,Standard,West,0
7093,170,7,3,51,Basic,West,1
7094,277,9,2,12,Standard,East,0
7095,256,15,2,20,Basic,West,0
7096,133,6,6,34,Standard,East,1
7097,117,9,7,20,Premium,East,1
7098,492,21,0,5,Basic,East,0
7099,486,23,1,10,Standard,East,0
7100,402,27,0,6,Premium,North,0
7101,346,20,0,9,Premium,South,0
7102,156,13,1,20,Basic,South,0
7103,52,9,3,57,Basic,West,1
7104,134,11,2,13,Standard,West,0
7105,42,4,7,21,Basic,West,1
7106,291,26,1,0,Basic,West,0
7107,131,8,7,40,Basic,South,1
7108,105,8,6,36,Premium,East,1
7109,132,8,6,28,Basic,West,1
7110,89,9,6,29,Premium,South,1
7111,470,21,0,4,Standard,North,0
7112,173,2,6,34,Standard,North,1
7113,153,7,3,34,Basic,East,1
7114,234,19,2,18,Premium,South,0
7115,257,20,0,2,Basic,North,0
7116,279,20,1,10,Premium,North,0
7117,150,9,3,23,Premium,West,0
7118,24,1,6,38,Basic,East,1
7119,230,9,3,17,Basic,West,0
7120,36,7,5,24,Standard,North,1
7121,131,8,7,34,Basic,North,1
7122,314,18,1,7,Basic,North,1
7123,397,27,0,1,Basic,East,0
7124,415,25,0,6,Basic,East,1
7125,299,27,0,3,Standard,South,0
7126,87,5,7,52,Standard,West,0
7127,109,7,5,50,Premium,South,1
7128,119,9,5,37,Premium,North,0
7129,307,24,1,0,Basic,South,0
7130,171,15,3,10,Standard,East,0
7131,130,3,5,34,Basic,North,1
7132,141,5,6,51,Premium,South,1
7133,73,7,4,59,Standard,East,1
7134,43,2,4,34,Premium,South,1
7135,117,8,4,54,Standard,South,1
7136,108,3,7,58,Standard,North,1
7137,427,22,0,8,Standard,North,0
7138,253,21,0,9,Basic,East,0
7139,404,26,0,11,Premium,West,0
7140,42,1,3,45,Basic,East,1
7141,163,2,4,44,Basic,East,1
7142,171,3,5,50,Premium,East,0
7143,432,23,1,8,Basic,North,0
7144,242,13,3,21,Standard,South,0
7145,319,23,1,9,Basic,South,0
7146,446,28,1,10,Standard,West,0
7147,161,2,4,34,Basic,South,1
7148,403,28,0,2,Basic,North,0
7149,437,20,1,5,Basic,South,0
7150,250,8,2,20,Basic,East,1
7151,51,6,4,53,Premium,South,1
7152,195,10,3,8,Standard,South,0
7153,273,14,2,18,Basic,East,0
7154,33,7,6,38,Basic,North,1
7155,283,13,3,17,Premium,North,0
7156,473,29,1,0,Basic,West,0
7157,496,26,0,3,Standard,North,1
7158,25,5,4,36,Premium,South,1
7159,291,13,2,14,Premium,North,0
7160,179,7,3,33,Basic,West,1
7161,490,26,0,10,Premium,West,0
7162,331,20,0,5,Premium,East,0
7163,122,10,3,22,Basic,West,1
7164,342,20,0,10,Basic,North,0
7165,115,2,4,59,Premium,West,1
7166,315,21,0,3,Premium,North,0
7167,446,19,1,10,Basic,West,1
7168,289,9,3,12,Standard,East,0
7169,130,10,2,18,Standard,South,0
7170,152,15,1,21,Standard,West,0
7171,152,8,7,24,Standard,West,1
7172,284,17,1,12,Standard,East,0
7173,295,9,1,22,Standard,South,0
7174,282,10,3,10,Standard,South,0
7175,314,23,1,0,Basic,East,0
7176,248,10,3,13,Standard,East,0
7177,241,10,3,22,Premium,East,0
7178,205,13,2,16,Standard,East,0
7179,80,8,4,39,Basic,East,1
7180,50,6,4,46,Premium,South,1
7181,432,25,0,8,Standard,South,0
7182,172,7,4,31,Basic,South,1
7183,110,8,4,33,Basic,West,1
7184,55,6,7,57,Basic,North,1
7185,342,28,0,5,Standard,South,0
7186,137,4,3,42,Premium,South,1
7187,140,8,2,9,Basic,North,1
7188,350,19,1,4,Standard,West,1
7189,147,3,7,48,Premium,North,1
7190,147,2,3,30,Premium,South,1
7191,342,24,1,7,Basic,West,0
7192,93,9,5,30,Standard,West,1
7193,158,17,2,21,Basic,West,1
7194,254,10,2,10,Basic,East,1
7195,486,25,1,11,Standard,East,0
7196,416,25,1,8,Standard,West,0
7197,439,21,1,9,Standard,West,0
7198,336,19,0,3,Standard,North,0
7199,291,23,1,5,Premium,South,0
7200,51,3,3,21,Basic,West,1
7201,416,28,1,5,Premium,East,0
7202,92,5,5,54,Standard,North,1
7203,155,3,4,33,Standard,West,1
7204,191,8,1,19,Standard,West,0
7205,326,23,1,8,Standard,South,0
7206,46,4,6,41,Standard,South,1
7207,222,8,2,15,Premium,East,0
7208,257,15,2,9,Basic,North,0
7209,424,25,1,7,Premium,South,0
7210,338,28,1,7,Premium,South,0
7211,273,20,1,0,Standard,South,1
7212,282,28,0,0,Premium,North,0
7213,149,19,3,11,Standard,East,0
7214,221,19,2,19,Premium,West,0
7215,29,6,7,42,Premium,North,1
7216,168,13,2,24,Standard,East,0
7217,61,5,4,39,Premium,North,1
7218,286,9,2,18,Premium,South,0
7219,449,23,1,4,Basic,West,0
7220,118,3,5,23,Basic,East,1
7221,202,17,2,14,Premium,East,0
7222,236,8,2,13,Premium,East,0
7223,292,13,1,22,Basic,North,1
7224,481,29,0,3,Standard,South,0
7225,492,18,1,9,Premium,East,0
7226,168,13,3,19,Premium,South,0
7227,41,2,6,20,Basic,West,1
7228,192,14,1,17,Premium,South,0
7229,44,2,3,50,Standard,North,1
7230,486,28,1,5,Premium,East,0
7231,296,20,1,4,Standard,East,0
7232,147,10,2,9,Premium,North,0
7233,68,6,4,26,Premium,West,1
7234,178,8,2,22,Standard,West,1
7235,174,6,6,49,Premium,North,1
7236,496,25,0,10,Premium,North,0
7237,87,5,5,57,Basic,North,1
7238,105,9,4,29,Standard,West,1
7239,155,9,1,18,Premium,East,0
7240,126,7,6,31,Basic,North,1
7241,271,19,3,13,Premium,North,0
7242,209,9,1,17,Premium,West,0
7243,84,2,4,44,Basic,North,1
7244,180,14,2,10,Standard,West,0
7245,84,5,5,46,Premium,South,1
7246,292,29,1,9,Basic,West,0
7247,149,5,5,45,Standard,East,1
7248,192,16,3,17,Premium,South,0
7249,238,9,2,24,Basic,South,1
7250,327,21,1,7,Premium,East,0
7251,491,22,0,5,Basic,North,0
7252,106,5,5,54,Premium,East,1
7253,56,9,7,55,Basic,East,1
7254,266,27,1,11,Premium,East,0
7255,498,28,1,6,Premium,West,0
7256,393,24,1,1,Basic,North,0
7257,59,1,4,22,Basic,North,1
7258,94,5,7,59,Basic,West,1
7259,92,1,7,21,Standard,East,1
7260,166,15,3,15,Basic,West,1
7261,388,24,1,10,Standard,West,0
7262,477,22,1,0,Premium,North,0
7263,493,26,0,10,Basic,West,0
7264,71,4,7,37,Standard,West,1
7265,430,24,1,8,Standard,North,0
7266,160,2,6,27,Standard,East,0
7267,254,24,0,2,Standard,West,0
7268,275,23,0,3,Basic,West,0
7269,394,28,1,10,Standard,North,0
7270,144,16,3,13,Basic,West,1
7271,253,20,1,9,Standard,North,0
7272,46,1,6,39,Premium,West,1
7273,84,4,5,32,Standard,North,1
7274,76,6,5,51,Standard,West,1
7275,267,11,2,17,Standard,South,0
7276,276,8,2,22,Premium,East,0
7277,415,20,1,11,Basic,South,0
7278,330,27,1,11,Standard,East,0
7279,164,1,4,23,Premium,West,1
7280,209,9,1,23,Premium,North,0
7281,447,29,1,5,Standard,South,0
7282,93,7,4,22,Premium,North,1
7283,299,13,1,17,Premium,South,1
7284,96,6,6,46,Basic,North,1
7285,191,17,1,11,Standard,West,0
7286,471,29,0,5,Basic,West,0
7287,451,28,0,6,Standard,East,0
7288,284,19,3,17,Premium,West,0
7289,104,9,7,34,Basic,West,1
7290,414,21,0,11,Standard,South,0
7291,24,2,7,42,Standard,East,1
7292,32,2,3,26,Basic,West,1
7293,185,11,2,24,Standard,East,1
7294,133,18,3,19,Standard,East,1
7295,216,16,2,13,Premium,South,0
7296,101,4,4,48,Standard,South,1
7297,224,9,1,15,Premium,West,0
7298,97,4,7,46,Premium,West,1
7299,75,8,4,42,Basic,South,1
7300,191,15,3,19,Standard,South,0
7301,175,5,7,30,Premium,North,1
7302,263,8,3,8,Basic,North,1
7303,252,9,1,9,Standard,West,0
7304,125,2,6,23,Premium,South,1
7305,96,9,5,54,Standard,East,1
7306,92,6,3,43,Standard,East,1
7307,414,26,1,3,Basic,South,0
7308,480,21,0,0,Basic,East,0
7309,253,20,0,8,Standard,West,0
7310,286,14,3,19,Basic,South,1
7311,325,21,1,1,Standard,North,0
7312,400,23,1,4,Standard,East,0
7313,317,28,0,8,Standard,North,0
7314,117,9,3,51,Basic,South,1
7315,194,8,3,11,Standard,South,0
7316,144,3,7,32,Basic,East,1
7317,171,12,3,14,Premium,North,0
7318,425,23,1,5,Premium,East,0
7319,282,8,3,16,Basic,North,0
7320,175,10,2,20,Basic,South,1
7321,489,29,1,7,Premium,North,0
7322,77,9,3,22,Standard,South,1
7323,233,15,2,8,Standard,West,0
7324,72,9,7,46,Standard,West,1
7325,87,8,7,55,Standard,West,1
7326,168,8,3,32,Standard,North,0
7327,269,14,1,12,Premium,South,0
7328,45,3,4,30,Standard,North,1
7329,260,21,1,6,Standard,North,0
7330,64,7,4,48,Premium,East,1
7331,119,4,6,35,Basic,East,1
7332,291,26,1,3,Premium,North,0
7333,95,9,4,48,Premium,South,1
7334,116,4,7,59,Standard,North,1
7335,99,2,7,49,Standard,South,1
7336,232,14,2,17,Basic,North,1
7337,325,25,1,8,Standard,South,0
7338,164,6,6,52,Basic,West,1
7339,486,23,0,5,Basic,West,0
7340,138,9,6,32,Standard,South,1
7341,192,11,2,15,Premium,East,0
7342,256,18,1,16,Basic,East,0
7343,275,21,1,0,Standard,East,0
7344,111,5,6,49,Basic,North,1
7345,355,25,1,8,Basic,West,0
7346,119,1,5,41,Standard,West,1
7347,435,23,0,6,Basic,South,0
7348,262,27,1,0,Premium,West,0
7349,182,15,3,16,Basic,West,0
7350,376,20,1,7,Standard,North,1
7351,93,7,4,20,Standard,North,1
7352,84,4,4,22,Premium,East,1
7353,73,9,6,58,Basic,West,1
7354,284,19,3,14,Premium,East,0
7355,293,19,1,6,Standard,North,0
7356,320,21,1,11,Basic,North,1
7357,288,12,2,12,Premium,South,0
7358,250,17,2,17,Premium,South,0
7359,142,4,7,31,Premium,West,1
7360,406,22,1,10,Premium,West,0
7361,48,3,3,49,Basic,East,1
7362,250,24,0,7,Basic,North,0
7363,298,27,0,11,Premium,East,0
7364,182,10,3,22,Standard,South,1
7365,141,14,1,16,Basic,West,1
7366,186,11,2,12,Premium,South,0
7367,369,19,1,5,Premium,South,0
7368,136,15,1,18,Premium,South,0
7369,430,22,1,8,Standard,West,0
7370,281,10,1,13,Standard,East,0
7371,124,16,2,10,Basic,South,0
7372,32,6,6,34,Premium,East,1
7373,294,15,2,21,Premium,West,0
7374,493,27,1,11,Standard,West,0
7375,468,25,1,10,Basic,North,1
7376,460,25,1,3,Premium,South,0
7377,173,13,1,15,Premium,West,0
7378,323,18,0,4,Basic,North,1
7379,236,14,1,20,Basic,East,1
7380,287,8,1,11,Standard,North,0
7381,401,28,1,7,Standard,East,0
7382,219,15,1,22,Premium,South,0
7383,58,3,6,45,Basic,South,0
7384,132,11,3,9,Basic,East,1
7385,208,10,3,14,Premium,East,0
7386,401,18,1,1,Standard,West,0
7387,443,18,0,1,Basic,West,0
7388,80,2,7,49,Basic,West,1
7389,33,8,6,53,Standard,North,1
7390,466,29,1,8,Standard,West,0
7391,267,17,3,22,Basic,East,0
7392,317,24,1,11,Basic,East,0
7393,298,17,2,9,Premium,East,0
7394,396,25,1,3,Premium,North,0
7395,46,1,6,58,Premium,West,1
7396,26,6,5,39,Standard,West,1
7397,162,12,1,11,Standard,South,0
7398,140,9,5,34,Standard,East,0
7399,427,19,1,11,Basic,West,0
7400,217,18,3,24,Standard,East,0
7401,256,9,3,22,Standard,South,1
7402,202,18,3,18,Premium,West,0
7403,173,2,4,41,Basic,East,1
7404,82,7,7,40,Basic,South,1
7405,289,24,1,1,Premium,North,0
7406,463,29,0,0,Basic,South,0
7407,181,17,3,20,Standard,South,0
7408,96,3,7,41,Standard,North,1
7409,180,12,1,16,Basic,South,0
7410,233,18,3,14,Basic,North,0
7411,170,10,2,24,Premium,West,0
7412,147,9,6,27,Basic,West,1
7413,349,28,1,0,Basic,South,0
7414,452,22,1,4,Premium,North,0
7415,435,24,1,0,Premium,West,0
7416,65,9,6,44,Basic,South,1
7417,478,23,1,10,Basic,West,0
7418,182,15,1,19,Premium,North,0
7419,83,4,5,20,Premium,West,0
7420,25,1,3,46,Premium,West,1
7421,48,3,3,21,Premium,East,1
7422,352,18,1,4,Basic,East,0
7423,251,13,1,20,Premium,West,0
7424,83,4,3,53,Premium,South,1
7425,406,27,0,10,Premium,West,0
7426,140,19,3,14,Premium,North,0
7427,149,1,7,48,Standard,East,1
7428,95,7,6,59,Premium,North,1
7429,170,11,2,21,Premium,North,0
7430,131,9,4,34,Standard,East,1
7431,73,9,6,46,Standard,South,1
7432,366,24,1,2,Premium,South,0
7433,172,1,7,28,Standard,North,1
7434,158,17,3,16,Standard,East,0
7435,242,11,1,15,Basic,North,0
7436,490,25,0,1,Standard,North,0
7437,85,5,5,58,Basic,North,1
7438,215,15,2,22,Standard,South,1
7439,381,27,0,8,Standard,South,0
7440,157,9,7,42,Standard,South,1
7441,195,14,3,18,Basic,South,0
7442,90,9,7,49,Basic,South,1
7443,149,14,3,12,Standard,East,1
7444,470,19,1,6,Standard,South,0
7445,124,1,3,37,Basic,East,1
7446,356,26,0,10,Standard,West,0
7447,36,7,7,43,Standard,East,1
7448,179,12,3,17,Basic,North,0
7449,489,19,0,1,Premium,North,0
7450,327,25,1,11,Standard,East,0
7451,164,8,5,31,Premium,West,1
7452,238,18,2,21,Premium,West,0
7453,436,19,1,1,Basic,East,0
7454,139,15,2,23,Standard,East,0
7455,121,9,6,57,Standard,East,1
7456,154,7,5,52,Standard,South,1
7457,24,9,5,36,Standard,North,1
7458,101,2,5,50,Premium,South,1
7459,305,22,0,5,Premium,South,0
7460,345,18,0,11,Standard,North,0
7461,489,24,1,11,Premium,North,0
7462,319,23,0,11,Basic,West,0
7463,127,10,1,23,Standard,South,1
7464,150,13,2,8,Standard,East,0
7465,449,22,1,1,Standard,South,0
7466,402,23,0,4,Basic,North,0
7467,112,9,4,45,Premium,East,0
7468,436,22,1,10,Premium,North,0
7469,251,12,3,12,Basic,North,0
7470,150,7,6,54,Basic,South,1
7471,194,13,3,11,Premium,North,0
7472,120,19,3,23,Premium,West,0
7473,168,10,3,18,Basic,West,0
7474,143,10,1,8,Basic,West,0
7475,75,2,4,20,Standard,South,1
7476,123,16,3,19,Standard,West,0
7477,485,26,1,7,Premium,North,0
7478,277,29,0,8,Basic,East,0
7479,127,11,2,14,Standard,West,0
7480,272,22,0,0,Standard,South,0
7481,430,20,1,2,Premium,East,0
7482,411,27,0,1,Standard,North,0
7483,251,29,0,4,Premium,West,0
7484,163,17,2,17,Basic,South,0
7485,65,6,5,43,Basic,North,1
7486,306,25,0,5,Premium,West,0
7487,152,12,2,23,Basic,South,0
7488,106,1,4,32,Basic,North,1
7489,219,18,3,22,Premium,South,1
7490,22,9,5,21,Basic,East,1
7491,475,18,0,4,Premium,West,0
7492,476,21,0,3,Basic,North,0
7493,460,22,0,11,Standard,South,0
7494,169,9,5,23,Standard,North,1
7495,290,23,0,0,Premium,North,0
7496,74,6,6,22,Basic,East,1
7497,37,5,7,51,Basic,North,1
7498,82,9,6,39,Premium,South,1
7499,416,20,0,4,Premium,South,0
7500,189,15,1,15,Standard,North,0
7501,157,2,6,21,Premium,West,1
7502,61,5,4,57,Standard,South,1
7503,97,5,4,21,Standard,West,1
7504,53,7,3,54,Basic,West,1
7505,252,29,1,2,Premium,South,0
7506,68,5,5,50,Basic,South,1
7507,223,10,3,8,Basic,South,0
7508,290,23,1,1,Basic,South,0
7509,103,7,4,34,Standard,East,1
7510,36,8,4,33,Basic,North,0
7511,172,9,6,46,Premium,West,0
7512,269,26,0,3,Basic,East,1
7513,492,19,1,0,Premium,South,0
7514,123,14,3,8,Basic,South,1
7515,272,15,2,24,Standard,North,0
7516,27,5,3,34,Premium,South,1
7517,165,19,1,10,Standard,South,0
7518,397,19,1,11,Basic,North,0
7519,190,14,1,8,Standard,South,0
7520,149,14,1,24,Basic,South,0
7521,329,25,0,10,Premium,North,0
7522,208,10,1,16,Premium,East,0
7523,213,14,3,17,Basic,West,0
7524,249,8,1,9,Basic,East,0
7525,132,4,5,45,Standard,South,1
7526,141,8,6,40,Standard,North,1
7527,349,20,0,5,Premium,East,0
7528,271,17,2,20,Premium,North,0
7529,138,3,6,22,Basic,West,1
7530,323,26,0,9,Premium,East,0
7531,426,28,1,6,Premium,East,0
7532,245,17,1,21,Premium,North,0
7533,438,29,1,3,Premium,East,0
7534,283,26,0,3,Premium,North,0
7535,262,11,2,12,Standard,North,0
7536,335,26,1,8,Premium,South,0
7537,235,11,1,17,Premium,North,0
7538,173,3,3,38,Standard,West,1
7539,380,23,1,0,Basic,South,1
7540,60,9,3,20,Premium,North,0
7541,132,15,1,16,Premium,North,0
7542,450,21,0,10,Premium,North,0
7543,212,11,2,16,Standard,North,0
7544,216,10,2,21,Standard,South,0
7545,128,1,3,39,Premium,East,1
7546,301,24,0,0,Basic,South,0
7547,230,10,2,13,Premium,West,0
7548,113,2,7,47,Premium,North,1
7549,301,26,0,1,Standard,East,0
7550,468,29,0,11,Basic,North,0
7551,439,22,0,0,Standard,North,0
7552,123,13,1,19,Premium,South,0
7553,75,7,7,58,Standard,South,1
7554,374,27,1,6,Premium,North,0
7555,142,4,4,44,Premium,East,1
7556,215,13,3,9,Basic,South,0
7557,134,2,5,54,Basic,East,1
7558,95,5,6,49,Standard,West,1
7559,63,4,6,27,Standard,North,1
7560,145,8,6,45,Basic,North,1
7561,288,17,2,12,Basic,North,0
7562,344,28,1,6,Premium,North,0
7563,83,1,3,27,Premium,North,1
7564,372,22,0,4,Basic,South,0
7565,240,14,1,23,Basic,East,1
7566,94,2,6,21,Standard,North,1
7567,246,16,2,22,Basic,West,1
7568,160,8,6,44,Basic,North,1
7569,313,23,0,4,Premium,West,0
7570,233,14,3,15,Standard,North,0
7571,209,14,1,18,Standard,North,0
7572,130,10,1,10,Basic,West,1
7573,134,2,4,54,Standard,East,1
7574,359,28,1,7,Premium,North,0
7575,163,9,4,35,Basic,West,1
7576,210,19,2,9,Standard,North,0
7577,270,18,3,15,Standard,South,0
7578,88,5,3,51,Standard,East,1
7579,147,2,6,59,Standard,South,1
7580,106,3,5,58,Standard,North,1
7581,273,14,3,9,Basic,North,0
7582,122,8,4,27,Basic,North,1
7583,288,28,1,3,Basic,North,1
7584,196,8,2,17,Standard,West,0
7585,163,17,1,8,Standard,East,0
7586,361,22,1,10,Standard,South,0
7587,185,14,1,16,Standard,East,0
7588,307,27,1,7,Basic,West,0
7589,117,4,6,23,Basic,South,1
7590,189,17,2,11,Basic,West,0
7591,194,10,3,18,Standard,East,0
7592,276,19,1,5,Basic,East,0
7593,123,8,6,42,Premium,South,1
7594,454,24,0,0,Premium,West,0
7595,97,1,5,52,Standard,West,1
7596,175,12,1,11,Standard,West,0
7597,441,24,1,7,Standard,North,0
7598,359,23,0,9,Basic,North,0
7599,129,5,3,27,Premium,West,1
7600,311,18,0,11,Basic,East,0
7601,272,11,1,14,Standard,North,0
7602,142,4,3,49,Premium,West,1
7603,210,12,1,18,Premium,West,0
7604,182,13,1,24,Standard,North,0
7605,362,22,1,3,Premium,East,0
7606,156,6,5,32,Premium,West,1
7607,452,24,1,6,Premium,South,0
7608,371,23,0,11,Standard,South,0
7609,106,2,6,49,Premium,South,1
7610,164,8,3,17,Basic,West,0
7611,138,5,5,54,Standard,South,1
7612,158,14,3,9,Premium,North,0
7613,291,12,3,14,Basic,North,1
7614,462,19,0,8,Standard,East,0
7615,287,19,3,21,Standard,East,1
7616,94,7,4,38,Basic,North,1
7617,166,6,6,22,Premium,East,1
7618,418,24,1,4,Basic,East,1
7619,269,18,1,6,Basic,East,0
7620,151,3,6,46,Premium,East,1
7621,414,21,0,4,Premium,West,0
7622,269,23,1,0,Premium,North,0
7623,157,15,1,19,Premium,East,0
7624,130,1,7,21,Premium,North,1
7625,77,3,5,29,Standard,East,1
7626,266,17,3,13,Basic,East,0
7627,307,25,1,5,Premium,North,0
7628,211,10,2,11,Basic,North,0
7629,92,8,7,27,Basic,East,1
7630,256,22,0,4,Standard,North,0
7631,295,12,3,11,Premium,West,0
7632,433,28,1,8,Basic,North,0
7633,265,22,0,6,Basic,North,0
7634,267,14,2,15,Basic,South,1
7635,183,17,3,15,Standard,East,0
7636,374,29,0,5,Basic,West,1
7637,63,7,6,49,Premium,South,1
7638,232,17,3,13,Basic,West,0
7639,211,13,3,23,Standard,West,1
7640,141,8,2,15,Premium,West,1
7641,287,18,3,16,Standard,South,0
7642,221,9,1,18,Premium,South,0
7643,172,8,3,28,Basic,North,1
7644,123,6,4,49,Premium,East,1
7645,156,1,4,41,Basic,West,1
7646,126,6,3,49,Standard,West,1
7647,177,17,1,12,Premium,West,0
7648,92,5,4,43,Standard,North,1
7649,113,3,3,56,Basic,West,1
7650,198,11,1,24,Standard,North,0
7651,272,16,1,20,Premium,North,0
7652,147,14,1,12,Premium,East,0
7653,288,17,1,8,Basic,North,1
7654,355,28,1,3,Basic,East,0
7655,138,8,6,30,Premium,East,1
7656,60,6,6,30,Premium,West,1
7657,116,6,6,27,Premium,West,1
7658,380,19,1,0,Basic,South,1
7659,447,25,0,5,Standard,West,0
7660,127,15,3,12,Standard,North,0
7661,274,29,0,6,Basic,West,0
7662,32,5,7,56,Basic,South,1
7663,364,25,1,5,Basic,North,0
7664,165,13,3,11,Premium,West,0
7665,154,5,4,27,Premium,East,1
7666,379,23,1,4,Premium,West,0
7667,179,19,3,21,Premium,North,0
7668,201,8,1,22,Premium,East,0
7669,146,5,4,24,Standard,West,1
7670,303,20,1,7,Premium,West,0
7671,160,16,1,15,Basic,East,0
7672,293,18,3,17,Basic,North,1
7673,130,16,1,17,Standard,West,1
7674,227,17,1,10,Premium,South,0
7675,41,3,7,42,Premium,East,1
7676,74,8,6,20,Premium,West,0
7677,127,3,3,37,Standard,North,1
7678,291,24,0,0,Premium,West,0
7679,175,4,4,59,Basic,West,1
7680,140,8,3,13,Standard,East,0
7681,333,25,1,3,Premium,West,0
7682,164,12,1,16,Standard,North,0
7683,420,23,0,11,Standard,East,0
7684,23,9,6,46,Basic,East,1
7685,100,7,6,48,Standard,East,1
7686,127,16,1,10,Basic,North,0
7687,242,18,2,13,Standard,West,0
7688,251,12,1,21,Basic,West,0
7689,165,12,1,23,Premium,North,1
7690,242,13,1,8,Standard,East,0
7691,200,19,3,11,Premium,North,0
7692,286,18,1,16,Premium,South,1
7693,266,8,3,15,Premium,South,0
7694,51,1,3,53,Standard,West,1
7695,178,17,2,9,Basic,North,0
7696,132,14,2,16,Basic,West,0
7697,168,2,3,49,Standard,South,1
7698,274,11,2,24,Standard,East,0
7699,33,4,4,34,Basic,West,1
7700,231,17,3,22,Basic,North,1
7701,388,24,0,5,Basic,South,0
7702,75,6,6,28,Premium,West,1
7703,68,8,3,52,Standard,East,1
7704,206,18,2,15,Premium,East,0
7705,257,12,3,8,Basic,East,0
7706,164,8,4,40,Basic,East,0
7707,191,13,3,15,Standard,West,0
7708,175,5,4,58,Standard,East,1
7709,221,17,1,18,Standard,North,0
7710,36,4,7,29,Premium,West,1
7711,202,14,1,17,Standard,West,0
7712,452,20,1,10,Standard,North,0
7713,230,10,2,18,Standard,North,0
7714,48,7,7,35,Standard,South,1
7715,292,8,2,12,Basic,East,0
7716,164,6,6,39,Standard,West,1
7717,431,18,0,1,Standard,North,0
7718,154,9,3,26,Standard,North,0
7719,290,18,2,21,Premium,West,0
7720,72,8,5,23,Premium,North,1
7721,150,8,1,12,Standard,West,1
7722,237,12,1,19,Basic,West,0
7723,174,12,1,19,Basic,South,0
7724,196,18,2,8,Premium,South,0
7725,454,21,1,4,Premium,South,0
7726,330,20,0,10,Standard,North,0
7727,144,18,3,8,Premium,East,1
7728,137,8,2,14,Standard,East,0
7729,351,24,1,7,Basic,North,0
7730,338,28,0,6,Basic,North,0
7731,118,2,5,50,Basic,East,1
7732,152,12,1,10,Standard,North,0
7733,154,6,7,30,Standard,South,0
7734,101,9,4,29,Basic,East,1
7735,93,9,7,43,Standard,East,1
7736,118,8,7,56,Premium,West,1
7737,436,25,0,8,Basic,West,0
7738,296,10,1,23,Basic,East,1
7739,171,14,3,13,Premium,South,0
7740,360,22,1,5,Premium,North,0
7741,187,18,2,10,Basic,North,0
7742,263,14,3,22,Premium,South,0
7743,315,23,1,8,Premium,North,0
7744,273,9,3,11,Basic,East,0
7745,238,12,2,22,Premium,North,0
7746,470,19,1,4,Standard,West,1
7747,246,19,1,15,Standard,North,0
7748,98,2,5,49,Premium,West,1
7749,499,22,0,3,Basic,West,1
7750,481,19,0,4,Premium,West,0
7751,75,7,6,27,Standard,East,1
7752,77,5,5,24,Standard,West,1
7753,171,6,6,49,Basic,West,1
7754,348,27,0,4,Basic,West,0
7755,490,28,1,2,Standard,West,0
7756,164,8,6,48,Basic,South,1
7757,369,22,0,3,Premium,South,0
7758,123,3,6,52,Premium,East,1
7759,140,13,1,12,Premium,South,0
7760,323,27,0,1,Basic,North,1
7761,198,15,1,16,Premium,North,0
7762,141,9,3,53,Basic,South,1
7763,378,21,1,9,Standard,West,0
7764,131,13,3,23,Basic,West,1
7765,124,16,2,13,Premium,East,0
7766,299,8,2,17,Premium,North,0
7767,234,16,2,11,Standard,West,0
7768,45,6,5,24,Basic,South,1
7769,185,13,3,15,Premium,East,0
7770,428,22,0,3,Basic,East,0
7771,433,20,1,5,Standard,South,0
7772,163,11,3,12,Basic,West,0
7773,178,11,1,14,Premium,East,0
7774,108,7,6,23,Standard,North,1
7775,292,19,2,22,Basic,West,1
7776,479,28,0,4,Basic,South,0
7777,196,18,2,21,Standard,West,0
7778,295,17,1,18,Standard,West,0
7779,164,9,6,55,Standard,South,1
7780,139,4,4,49,Premium,West,1
7781,160,16,2,15,Standard,East,0
7782,407,21,0,10,Standard,East,0
7783,282,28,0,2,Premium,South,0
7784,42,5,7,24,Premium,East,1
7785,126,1,4,27,Standard,South,1
7786,336,24,1,8,Standard,East,0
7787,299,15,1,13,Basic,West,0
7788,416,29,1,10,Premium,North,0
7789,90,1,7,29,Standard,South,1
7790,150,6,5,54,Premium,West,1
7791,28,5,4,38,Premium,West,1
7792,142,18,1,13,Basic,West,0
7793,297,21,0,11,Standard,East,0
7794,133,8,4,29,Basic,South,1
7795,55,7,5,57,Premium,West,1
7796,467,20,1,11,Basic,West,1
7797,41,8,6,27,Premium,South,1
7798,135,9,2,24,Basic,East,1
7799,306,22,0,11,Basic,East,0
7800,467,29,1,3,Basic,South,0
7801,415,26,1,9,Basic,East,1
7802,430,23,0,2,Basic,North,0
7803,194,13,2,12,Standard,East,0
7804,437,19,0,11,Basic,South,0
7805,352,26,1,9,Standard,South,0
7806,461,25,0,9,Premium,West,0
7807,419,20,0,0,Standard,North,0
7808,399,18,0,5,Premium,West,0
7809,33,4,3,57,Standard,South,1
7810,125,17,1,15,Premium,West,0
7811,226,9,2,9,Premium,East,0
7812,402,26,1,7,Standard,East,0
7813,126,15,2,16,Basic,East,0
7814,154,9,3,24,Premium,South,1
7815,259,18,2,13,Premium,West,0
7816,282,23,0,7,Standard,East,0
7817,84,7,4,29,Standard,East,1
7818,259,13,2,22,Premium,East,0
7819,288,18,2,19,Basic,West,0
7820,176,4,7,33,Standard,North,1
7821,397,24,1,5,Standard,North,0
7822,428,26,1,0,Basic,West,1
7823,294,21,0,0,Premium,South,0
7824,345,18,1,0,Basic,South,1
7825,161,4,4,53,Premium,North,1
7826,478,23,1,2,Basic,West,1
7827,234,9,2,12,Standard,East,0
7828,98,9,5,45,Basic,West,1
7829,177,4,4,33,Standard,East,1
7830,125,2,7,58,Standard,North,1
7831,236,9,3,8,Basic,South,0
7832,262,18,0,9,Standard,South,0
7833,31,8,3,23,Standard,East,1
7834,111,5,6,24,Premium,North,1
7835,178,3,3,34,Premium,East,1
7836,40,9,5,20,Basic,West,1
7837,99,3,7,30,Basic,West,0
7838,296,8,1,10,Standard,North,0
7839,61,5,3,56,Basic,South,1
7840,183,19,3,16,Basic,North,1
7841,329,29,1,6,Premium,West,0
7842,257,28,0,1,Standard,North,0
7843,252,28,1,1,Standard,West,0
7844,134,6,3,21,Premium,South,1
7845,125,7,5,52,Basic,North,1
7846,134,12,2,15,Basic,East,0
7847,232,14,1,16,Premium,East,0
7848,300,23,0,3,Basic,North,0
7849,173,6,3,25,Basic,South,1
7850,128,18,3,21,Premium,South,1
7851,135,14,3,16,Standard,East,0
7852,353,25,1,7,Premium,West,0
7853,177,9,1,22,Premium,West,0
7854,272,21,0,3,Standard,North,0
7855,223,19,1,20,Premium,North,0
7856,136,7,5,58,Standard,East,1
7857,162,14,2,11,Standard,North,0
7858,79,7,6,20,Standard,South,1
7859,168,10,1,10,Standard,South,0
7860,28,5,6,44,Standard,East,1
7861,90,7,6,50,Basic,West,1
7862,352,27,1,6,Standard,North,0
7863,112,8,5,48,Standard,East,1
7864,153,8,4,33,Standard,South,1
7865,253,27,1,4,Standard,North,0
7866,288,29,1,1,Basic,North,1
7867,145,9,6,24,Basic,West,1
7868,327,27,1,3,Standard,North,0
7869,48,6,4,53,Standard,South,1
7870,74,2,4,36,Premium,East,1
7871,35,2,7,57,Standard,West,1
7872,133,4,4,23,Premium,West,1
7873,272,15,2,23,Premium,East,0
7874,448,26,0,10,Premium,East,0
7875,392,21,1,9,Premium,North,0
7876,26,7,6,36,Standard,North,1
7877,155,5,6,20,Premium,North,0
7878,43,2,6,23,Standard,South,1
7879,163,8,5,58,Standard,West,0
7880,421,21,0,8,Standard,West,0
7881,286,13,1,13,Premium,North,0
7882,280,10,2,13,Basic,East,0
7883,222,14,1,10,Basic,South,1
7884,86,7,3,42,Premium,North,0
7885,161,9,2,24,Premium,South,1
7886,39,9,3,30,Standard,East,1
7887,459,19,1,1,Standard,South,0
7888,212,15,2,15,Premium,North,0
7889,32,7,3,45,Basic,North,1
7890,381,26,0,0,Premium,West,0
7891,105,6,6,25,Standard,West,1
7892,491,25,0,5,Basic,South,0
7893,271,26,0,9,Standard,East,0
7894,67,7,5,29,Premium,North,1
7895,161,9,6,32,Standard,East,0
7896,94,1,5,58,Premium,West,1
7897,92,9,3,25,Standard,North,1
7898,444,29,0,11,Premium,North,0
7899,179,3,7,25,Basic,South,1
7900,77,1,5,26,Premium,South,1
7901,434,28,1,4,Standard,East,0
7902,201,19,3,16,Standard,East,0
7903,94,8,5,46,Standard,South,1
7904,409,18,1,9,Premium,South,0
7905,257,19,1,9,Premium,North,0
7906,257,19,1,16,Premium,South,0
7907,223,14,3,20,Premium,West,0
7908,167,16,3,23,Basic,North,1
7909,153,8,4,37,Premium,South,1
7910,296,17,2,9,Basic,North,0
7911,330,29,1,4,Standard,South,0
7912,153,13,2,22,Basic,West,1
7913,265,19,3,23,Standard,North,1
7914,230,14,3,10,Basic,North,1
7915,144,2,5,24,Basic,North,1
7916,281,15,2,11,Basic,East,0
7917,420,18,1,8,Basic,South,0
7918,415,23,0,8,Premium,West,0
7919,127,4,3,56,Standard,West,1
7920,251,15,3,9,Basic,South,0
7921,144,2,5,22,Standard,North,1
7922,442,24,0,5,Basic,South,0
7923,275,25,1,6,Standard,North,1
7924,237,14,1,8,Standard,West,0
7925,139,16,3,18,Standard,East,0
7926,84,3,6,36,Basic,West,1
7927,490,27,0,9,Standard,North,0
7928,345,29,1,3,Basic,East,0
7929,265,18,2,16,Basic,East,0
7930,220,10,1,13,Standard,South,0
7931,31,1,5,21,Premium,East,1
7932,487,29,1,4,Premium,East,0
7933,318,25,0,9,Premium,North,0
7934,222,14,1,18,Standard,East,0
7935,227,16,1,17,Basic,North,0
7936,499,27,0,2,Premium,West,0
7937,165,5,4,35,Premium,South,1
7938,23,9,6,46,Standard,North,1
7939,412,28,0,3,Standard,North,0
7940,58,2,3,27,Standard,South,1
7941,61,2,5,47,Premium,North,1
7942,368,18,0,11,Standard,North,1
7943,370,25,0,7,Standard,North,0
7944,238,15,2,17,Basic,East,0
7945,177,15,1,17,Standard,North,0
7946,492,20,0,6,Basic,West,0
7947,54,1,7,21,Premium,North,1
7948,99,6,7,29,Premium,North,1
7949,136,1,3,55,Standard,West,1
7950,291,29,1,8,Premium,South,0
7951,129,9,7,54,Premium,North,1
7952,284,17,2,22,Premium,East,0
7953,297,10,2,16,Basic,East,0
7954,30,8,5,27,Basic,North,1
7955,148,2,6,55,Premium,North,1
7956,475,23,0,3,Basic,West,0
7957,172,7,5,47,Standard,East,1
7958,458,23,1,3,Basic,East,0
7959,124,19,3,13,Basic,South,0
7960,150,19,1,9,Basic,South,1
7961,112,4,4,43,Basic,North,1
7962,166,12,2,10,Basic,West,1
7963,369,23,0,6,Basic,West,0
7964,129,7,5,29,Premium,East,1
7965,83,9,4,21,Premium,South,0
7966,458,25,1,3,Basic,South,0
7967,461,21,0,6,Premium,West,0
7968,255,20,0,2,Basic,East,0
7969,147,17,3,15,Basic,West,0
7970,74,1,6,35,Premium,North,1
7971,257,21,1,3,Basic,North,0
7972,135,19,2,18,Standard,East,0
7973,74,3,6,23,Premium,West,1
7974,278,10,2,14,Premium,North,0
7975,488,28,1,7,Premium,East,0
7976,152,7,4,59,Standard,West,1
7977,29,8,6,31,Basic,South,1
7978,274,10,2,12,Premium,West,0
7979,171,12,2,13,Premium,North,0
7980,197,11,1,21,Premium,North,0
7981,494,26,1,6,Standard,South,0
7982,344,26,0,11,Premium,West,0
7983,102,9,5,36,Basic,West,1
7984,438,21,1,5,Premium,East,0
7985,25,3,6,23,Standard,South,1
7986,202,8,2,15,Premium,South,0
7987,233,19,3,21,Standard,East,1
7988,199,19,2,19,Basic,East,0
7989,122,1,4,45,Basic,West,1
7990,476,22,0,9,Premium,East,0
7991,333,21,0,4,Standard,East,0
7992,37,8,5,21,Premium,West,0
7993,257,13,3,11,Standard,East,0
7994,478,24,0,11,Standard,East,0
7995,430,21,1,7,Basic,West,0
7996,80,9,7,54,Basic,West,1
7997,262,19,1,9,Basic,North,0
7998,120,3,7,20,Premium,West,1
7999,291,27,1,10,Basic,South,0
8000,246,15,3,12,Premium,North,0
8001,296,24,0,10,Premium,East,0
8002,242,14,1,17,Basic,North,0
8003,137,12,1,16,Basic,East,0
8004,292,24,1,9,Premium,East,0
8005,460,27,1,0,Basic,East,1
8006,133,17,2,9,Basic,North,1
8007,273,25,1,3,Basic,North,0
8008,53,6,3,25,Basic,East,1
8009,128,7,4,33,Premium,North,1
8010,285,22,0,10,Basic,South,0
8011,143,9,3,19,Basic,East,1
8012,186,11,1,23,Basic,North,0
8013,141,6,3,31,Premium,South,1
8014,401,18,0,11,Basic,North,0
8015,226,9,3,23,Standard,West,0
8016,105,1,4,31,Basic,South,1
8017,464,29,1,1,Standard,South,0
8018,336,18,1,10,Premium,East,0
8019,214,9,1,13,Standard,North,0
8020,275,13,3,24,Standard,North,0
8021,160,9,1,12,Standard,West,0
8022,129,11,3,17,Premium,North,1
8023,149,9,1,20,Standard,South,0
8024,265,10,3,18,Premium,East,0
8025,45,9,4,28,Basic,East,1
8026,263,17,2,20,Premium,South,0
8027,197,15,3,8,Premium,South,0
8028,226,14,1,13,Standard,West,0
8029,164,15,2,20,Standard,South,0
8030,86,9,5,53,Standard,East,1
8031,264,17,3,9,Premium,East,0
8032,252,18,1,8,Premium,South,0
8033,209,19,1,21,Basic,South,0
8034,110,9,3,23,Premium,South,0
8035,279,26,0,0,Basic,South,0
8036,432,19,1,1,Premium,West,0
8037,322,29,1,6,Standard,South,0
8038,121,19,2,24,Basic,West,1
8039,48,4,4,37,Premium,North,1
8040,262,27,0,1,Standard,North,1
8041,425,21,0,4,Standard,North,0
8042,124,15,2,14,Standard,East,0
8043,473,22,0,1,Standard,North,0
8044,252,19,2,13,Premium,North,0
8045,171,1,6,58,Premium,West,1
8046,98,7,6,41,Basic,North,1
8047,175,8,5,48,Standard,East,1
8048,34,7,7,58,Standard,North,1
8049,176,18,3,10,Premium,West,0
8050,190,9,2,23,Premium,North,0
8051,375,19,1,10,Standard,North,0
8052,449,22,0,2,Basic,West,0
8053,226,14,1,17,Standard,South,0
8054,89,9,6,22,Basic,South,1
8055,81,8,4,57,Basic,West,1
8056,357,26,0,10,Premium,North,0
8057,26,9,3,51,Basic,South,1
8058,194,17,1,10,Premium,East,0
8059,289,9,3,21,Premium,North,0
8060,112,2,4,52,Premium,North,1
8061,237,17,2,8,Premium,South,0
8062,346,24,0,11,Standard,North,0
8063,264,24,0,0,Basic,North,1
8064,42,6,4,22,Basic,East,1
8065,253,15,1,22,Standard,East,1
8066,279,14,1,23,Standard,South,0
8067,410,27,1,2,Standard,South,0
8068,81,1,5,33,Premium,South,1
8069,440,24,1,6,Standard,North,0
8070,352,29,1,11,Premium,West,0
8071,109,6,3,45,Basic,North,1
8072,85,3,6,40,Premium,North,1
8073,163,11,3,11,Premium,West,0
8074,420,29,1,2,Basic,South,0
8075,113,8,3,57,Standard,East,1
8076,131,2,4,39,Standard,South,1
8077,471,19,1,8,Basic,South,0
8078,184,15,2,18,Standard,South,0
8079,107,9,6,35,Premium,North,1
8080,35,4,6,31,Standard,South,1
8081,287,21,0,5,Basic,East,0
8082,22,1,7,57,Standard,East,1
8083,458,26,0,1,Premium,East,0
8084,108,1,4,54,Standard,North,1
8085,244,17,3,8,Premium,South,0
8086,288,19,1,19,Basic,South,0
8087,22,2,3,46,Premium,South,1
8088,390,22,1,2,Premium,West,0
8089,88,3,3,20,Premium,East,0
8090,89,2,3,43,Basic,South,1
8091,193,16,2,20,Premium,South,0
8092,118,5,4,57,Premium,South,1
8093,152,8,6,51,Premium,East,1
8094,176,15,1,9,Premium,South,0
8095,234,17,1,21,Premium,South,0
8096,158,11,1,8,Standard,East,0
8097,122,5,3,56,Premium,West,1
8098,419,21,0,5,Basic,East,0
8099,430,26,0,8,Premium,South,0
8100,230,19,2,11,Standard,East,0
8101,132,8,1,24,Premium,North,0
8102,235,16,2,24,Premium,West,0
8103,29,9,6,45,Basic,West,1
8104,77,1,5,42,Basic,North,1
8105,374,18,0,4,Standard,South,0
8106,166,6,6,57,Premium,West,1
8107,55,1,5,45,Standard,South,1
8108,413,23,0,5,Basic,South,0
8109,484,29,0,1,Premium,East,0
8110,179,14,1,17,Premium,East,0
8111,137,8,3,22,Premium,North,0
8112,107,7,5,43,Premium,South,1
8113,58,4,7,36,Premium,North,1
8114,273,16,3,22,Premium,East,0
8115,383,21,0,10,Premium,South,0
8116,58,9,4,55,Premium,East,1
8117,489,21,1,2,Premium,North,0
8118,415,20,0,11,Basic,South,1
8119,251,26,0,0,Premium,North,0
8120,312,29,0,8,Basic,North,0
8121,359,19,1,0,Premium,South,0
8122,268,17,2,9,Standard,West,0
8123,146,15,2,14,Standard,West,0
8124,124,3,3,43,Basic,North,1
8125,156,11,1,16,Standard,East,0
8126,293,13,2,17,Standard,North,0
8127,145,3,5,54,Basic,West,1
8128,61,1,6,45,Premium,East,1
8129,103,1,7,28,Standard,South,1
8130,126,12,3,10,Basic,North,0
8131,254,18,0,9,Standard,North,0
8132,223,14,1,19,Premium,East,0
8133,47,9,4,55,Premium,East,1
8134,241,12,3,12,Standard,North,0
8135,140,6,4,57,Premium,South,1
8136,41,1,5,57,Premium,South,1
8137,95,1,7,41,Basic,East,1
8138,43,4,6,23,Basic,North,1
8139,152,4,5,35,Premium,West,1
8140,202,15,2,14,Premium,South,0
8141,97,4,3,51,Basic,East,1
8142,50,4,7,41,Basic,North,1
8143,118,4,5,34,Standard,North,1
8144,180,11,2,22,Standard,West,0
8145,85,4,4,34,Standard,North,1
8146,26,6,6,30,Standard,South,1
8147,317,22,0,4,Premium,East,0
8148,91,5,6,21,Standard,East,1
8149,68,8,4,42,Premium,East,1
8150,121,19,3,21,Basic,South,1
8151,289,14,2,21,Basic,North,1
8152,169,2,4,20,Basic,North,1
8153,186,18,3,16,Basic,North,1
8154,23,4,4,37,Standard,West,1
8155,109,1,3,44,Premium,North,1
8156,300,20,0,5,Basic,North,0
8157,132,3,3,23,Basic,East,1
8158,178,19,3,15,Basic,North,0
8159,262,24,0,0,Standard,South,0
8160,212,18,2,17,Standard,West,0
8161,25,3,5,31,Premium,South,1
8162,122,2,4,37,Standard,North,1
8163,258,28,1,0,Standard,West,0
8164,112,7,3,54,Premium,North,1
8165,54,7,5,47,Standard,North,1
8166,188,13,2,21,Standard,North,0
8167,261,19,1,10,Standard,North,0
8168,37,8,5,52,Standard,East,1
8169,272,12,2,20,Premium,East,0
8170,54,7,5,47,Standard,South,1
8171,299,19,3,14,Standard,East,0
8172,312,27,0,4,Standard,East,0
8173,55,1,4,47,Premium,East,1
8174,168,8,1,9,Basic,South,0
8175,177,3,3,39,Basic,South,1
8176,166,5,7,23,Standard,North,1
8177,389,26,0,4,Basic,West,0
8178,152,5,3,43,Basic,South,1
8179,50,2,3,33,Basic,North,1
8180,87,7,4,57,Basic,North,1
8181,46,5,7,37,Basic,West,1
8182,251,26,0,3,Basic,East,0
8183,484,27,1,0,Premium,West,0
8184,261,16,1,15,Premium,East,0
8185,233,15,3,16,Standard,South,0
8186,153,12,2,20,Standard,East,0
8187,494,26,0,6,Standard,North,0
8188,190,19,2,8,Basic,West,0
8189,135,9,3,22,Standard,South,1
8190,151,16,1,23,Premium,North,0
8191,434,18,1,3,Basic,South,0
8192,188,11,1,15,Premium,West,0
8193,26,5,4,51,Premium,South,1
8194,319,27,1,5,Standard,East,1
8195,185,8,3,20,Basic,North,0
8196,306,29,0,4,Standard,East,0
8197,82,9,3,56,Basic,East,1
8198,251,19,0,4,Basic,East,0
8199,56,2,3,59,Standard,West,1
8200,242,13,1,9,Standard,West,1
8201,151,4,6,28,Premium,West,1
8202,391,20,1,6,Basic,West,0
8203,178,16,3,23,Basic,East,1
8204,28,6,7,27,Basic,West,1
8205,129,1,5,50,Standard,South,1
8206,261,18,1,21,Basic,North,0
8207,26,3,6,35,Basic,North,1
8208,268,19,1,9,Basic,North,0
8209,296,18,1,10,Premium,North,0
8210,147,7,3,51,Basic,West,1
8211,301,22,1,6,Premium,North,0
8212,52,1,3,55,Standard,North,1
8213,377,22,1,5,Premium,East,0
8214,271,9,3,10,Standard,South,0
8215,138,6,3,43,Premium,North,1
8216,135,1,6,56,Premium,South,1
8217,142,7,5,31,Premium,South,0
8218,242,19,2,24,Premium,South,1
8219,168,1,3,57,Premium,East,1
8220,255,9,1,15,Premium,South,0
8221,175,8,7,22,Standard,South,0
8222,87,3,5,53,Premium,North,1
8223,151,1,4,41,Basic,South,1
8224,470,24,1,10,Standard,North,0
8225,26,3,5,35,Standard,East,1
8226,170,9,4,57,Basic,North,1
8227,449,23,0,7,Basic,West,0
8228,452,27,1,6,Premium,West,0
8229,282,22,1,6,Standard,West,0
8230,441,29,1,7,Basic,East,1
8231,349,19,0,10,Basic,South,0
8232,450,24,1,8,Basic,East,0
8233,47,2,7,22,Standard,South,1
8234,265,29,0,10,Basic,West,0
8235,407,22,1,7,Standard,North,0
8236,133,3,4,47,Standard,West,1
8237,129,13,3,12,Premium,North,0
8238,175,13,3,24,Basic,East,1
8239,165,12,1,19,Basic,South,0
8240,134,4,7,55,Basic,South,1
8241,450,27,0,3,Standard,South,0
8242,154,1,3,21,Standard,West,1
8243,122,10,3,12,Standard,South,0
8244,342,29,0,6,Standard,South,0
8245,183,18,3,15,Basic,South,1
8246,181,8,3,22,Basic,East,1
8247,38,6,5,22,Basic,West,1
8248,479,26,0,5,Premium,South,0
8249,154,10,1,23,Basic,South,1
8250,276,26,1,6,Standard,North,0
8251,162,3,3,45,Premium,East,1
8252,186,16,1,24,Standard,West,1
8253,137,9,6,41,Basic,North,1
8254,41,9,4,39,Standard,North,1
8255,216,9,2,11,Basic,West,0
8256,123,3,3,46,Basic,West,1
8257,198,11,1,19,Premium,South,0
8258,286,19,3,13,Premium,West,0
8259,479,27,0,1,Basic,West,0
8260,181,19,3,16,Basic,West,0
8261,411,21,1,11,Standard,East,0
8262,113,3,4,33,Standard,West,1
8263,446,29,1,5,Standard,South,0
8264,112,7,6,46,Standard,South,1
8265,288,25,0,2,Standard,South,0
8266,497,19,0,5,Basic,North,0
8267,243,13,1,11,Basic,East,0
8268,489,18,0,3,Standard,East,0
8269,247,16,1,20,Premium,West,1
8270,79,3,7,30,Basic,East,1
8271,173,4,4,50,Basic,West,1
8272,288,19,2,13,Basic,East,0
8273,127,9,7,53,Basic,West,1
8274,190,8,1,14,Standard,West,0
8275,24,3,5,42,Standard,East,1
8276,349,22,1,10,Basic,South,0
8277,258,11,3,11,Standard,West,0
8278,35,2,7,27,Premium,North,1
8279,168,8,6,24,Basic,East,1
8280,38,3,7,28,Standard,North,1
8281,291,15,2,24,Standard,North,0
8282,382,25,0,3,Standard,West,1
8283,152,1,4,44,Basic,South,1
8284,297,11,2,23,Standard,North,1
8285,74,7,4,47,Basic,North,1
8286,75,9,3,30,Standard,East,1
8287,469,18,0,9,Standard,South,0
8288,330,24,0,9,Basic,South,0
8289,75,9,5,42,Basic,South,1
8290,154,6,7,56,Basic,North,1
8291,294,21,1,0,Premium,East,0
8292,43,4,7,58,Premium,North,1
8293,90,5,7,28,Standard,East,1
8294,21,5,6,45,Premium,East,1
8295,322,28,1,6,Standard,East,0
8296,44,9,6,40,Standard,East,1
8297,80,7,3,30,Basic,East,1
8298,20,5,7,32,Premium,South,1
8299,230,10,2,17,Premium,East,0
8300,134,6,4,43,Premium,North,1
8301,169,14,3,23,Premium,South,1
8302,443,22,1,3,Basic,North,0
8303,35,7,3,27,Standard,North,1
8304,128,1,4,40,Basic,West,1
8305,259,18,1,12,Premium,South,0
8306,64,9,5,26,Standard,West,0
8307,79,8,4,35,Standard,West,0
8308,345,18,1,5,Premium,North,0
8309,258,13,2,21,Standard,South,0
8310,131,18,1,17,Premium,West,0
8311,286,19,2,11,Standard,West,0
8312,148,5,5,21,Premium,East,1
8313,256,15,1,14,Premium,East,0
8314,343,19,1,2,Premium,East,0
8315,353,28,1,6,Basic,West,0
8316,419,21,0,3,Standard,West,0
8317,183,13,3,22,Standard,West,0
8318,39,2,4,58,Premium,South,1
8319,287,23,0,2,Basic,South,0
8320,142,7,6,59,Basic,South,1
8321,25,9,6,42,Basic,West,1
8322,258,8,2,22,Premium,West,0
8323,144,18,3,24,Premium,South,1
8324,49,5,5,44,Premium,North,1
8325,148,19,2,10,Basic,North,0
8326,56,6,7,26,Premium,West,1
8327,83,2,7,58,Basic,West,1
8328,309,23,1,7,Standard,South,0
8329,307,18,1,0,Standard,North,0
8330,134,15,1,8,Standard,North,0
8331,116,3,7,24,Premium,West,1
8332,327,26,0,0,Premium,East,0
8333,179,9,2,21,Basic,North,1
8334,57,9,4,34,Standard,South,1
8335,148,5,4,46,Basic,South,1
8336,114,6,4,35,Basic,West,1
8337,331,25,0,3,Standard,North,0
8338,163,9,4,33,Premium,East,0
8339,212,15,3,16,Premium,North,0
8340,26,3,6,25,Premium,West,1
8341,438,25,0,1,Premium,West,0
8342,428,24,0,3,Basic,South,0
8343,125,6,5,37,Premium,West,1
8344,436,21,1,3,Premium,West,0
8345,350,25,1,11,Premium,South,0
8346,139,9,4,27,Standard,East,1
8347,71,5,5,34,Standard,South,1
8348,498,25,1,8,Standard,West,0
8349,63,1,5,49,Standard,West,1
8350,168,10,1,24,Standard,North,1
8351,454,21,1,3,Standard,North,0
8352,263,20,0,11,Premium,East,0
8353,483,25,0,6,Standard,East,0
8354,148,11,2,15,Basic,South,1
8355,452,22,1,9,Basic,East,0
8356,119,2,7,46,Basic,South,1
8357,118,6,3,55,Premium,East,1
8358,138,16,3,13,Standard,South,0
8359,207,13,2,17,Standard,North,0
8360,169,2,6,32,Basic,South,1
8361,299,15,1,24,Standard,South,0
8362,204,18,1,21,Basic,West,1
8363,162,3,7,38,Standard,North,1
8364,296,28,0,7,Basic,North,1
8365,152,9,7,40,Standard,South,1
8366,406,27,1,11,Standard,North,1
8367,397,29,1,10,Premium,North,0
8368,240,9,2,12,Standard,South,1
8369,325,28,1,2,Premium,North,1
8370,177,9,1,13,Standard,East,0
8371,296,15,1,17,Standard,East,0
8372,75,3,4,42,Basic,East,0
8373,163,1,7,47,Basic,West,1
8374,132,11,1,17,Basic,North,0
8375,390,19,0,0,Premium,West,0
8376,48,4,7,38,Basic,North,1
8377,409,23,1,5,Basic,East,0
8378,149,4,4,56,Standard,East,1
8379,114,5,4,29,Standard,North,1
8380,41,9,5,35,Basic,South,1
8381,23,8,3,27,Standard,East,0
8382,137,2,6,39,Standard,South,1
8383,103,3,3,37,Premium,South,1
8384,216,12,1,20,Basic,West,0
8385,125,7,3,48,Basic,East,1
8386,305,19,1,8,Standard,East,0
8387,177,17,1,22,Standard,North,1
8388,208,8,3,13,Premium,West,0
8389,278,27,0,11,Standard,North,0
8390,204,16,2,17,Standard,North,0
8391,203,10,1,19,Premium,North,0
8392,412,27,0,11,Standard,East,0
8393,445,29,1,7,Basic,East,0
8394,56,1,7,48,Basic,East,1
8395,253,29,1,11,Basic,East,0
8396,340,23,0,6,Premium,East,1
8397,328,26,1,11,Premium,South,0
8398,326,19,1,6,Standard,West,0
8399,73,7,7,32,Standard,South,1
8400,58,4,4,48,Premium,North,1
8401,399,21,0,4,Basic,East,0
8402,321,20,1,8,Basic,West,0
8403,95,8,4,29,Basic,South,1
8404,121,8,2,8,Standard,West,0
8405,435,27,0,6,Basic,East,0
8406,180,8,2,20,Premium,West,0
8407,144,2,5,50,Standard,West,1
8408,121,13,3,8,Premium,North,0
8409,149,5,7,51,Standard,East,1
8410,420,19,0,10,Premium,South,0
8411,201,11,2,12,Basic,West,0
8412,274,19,1,6,Premium,West,0
8413,30,4,3,37,Basic,West,1
8414,241,19,2,15,Standard,East,0
8415,250,14,3,18,Basic,North,1
8416,173,9,5,36,Basic,North,0
8417,217,12,1,23,Premium,North,0
8418,87,8,3,59,Premium,South,1
8419,280,16,1,14,Premium,West,0
8420,308,18,0,0,Standard,South,0
8421,286,16,1,12,Premium,East,0
8422,313,23,1,1,Premium,South,0
8423,278,18,1,11,Premium,West,0
8424,172,14,2,13,Standard,North,0
8425,270,12,2,9,Standard,West,0
8426,263,17,3,17,Basic,South,1
8427,144,19,1,9,Premium,East,0
8428,468,26,1,9,Basic,West,1
8429,72,6,4,55,Basic,South,1
8430,61,4,7,33,Premium,North,1
8431,220,18,2,15,Premium,South,0
8432,277,12,2,20,Basic,South,0
8433,58,2,7,33,Standard,South,1
8434,125,1,4,29,Basic,South,1
8435,130,13,2,16,Standard,West,1
8436,287,19,0,1,Standard,West,0
8437,243,9,3,11,Standard,East,0
8438,266,25,1,4,Basic,North,1
8439,48,6,4,50,Standard,North,1
8440,268,11,3,21,Standard,South,0
8441,374,22,0,10,Premium,East,0
8442,477,29,1,7,Basic,North,0
8443,226,8,2,16,Basic,West,1
8444,238,18,1,12,Premium,North,0
8445,213,14,1,9,Standard,North,0
8446,182,11,2,10,Standard,East,0
8447,175,4,3,57,Standard,East,1
8448,274,10,3,16,Basic,East,0
8449,462,29,0,7,Standard,North,0
8450,305,26,1,7,Basic,East,0
8451,25,5,6,55,Premium,West,1
8452,316,18,0,6,Premium,West,0
8453,162,10,3,21,Premium,East,0
8454,456,19,1,4,Premium,North,0
8455,214,16,1,24,Standard,East,1
8456,123,9,1,17,Basic,West,0
8457,316,27,0,0,Standard,East,0
8458,72,3,6,23,Standard,East,1
8459,221,18,3,14,Standard,East,0
8460,496,20,0,6,Premium,East,0
8461,145,2,5,40,Standard,South,1
8462,162,3,4,26,Basic,East,1
8463,292,15,1,16,Premium,East,0
8464,51,2,4,56,Premium,East,1
8465,186,11,3,9,Premium,West,0
8466,216,19,1,13,Basic,West,0
8467,472,27,1,4,Premium,West,0
8468,239,13,1,9,Premium,East,1
8469,105,1,7,20,Standard,North,1
8470,88,7,6,32,Standard,West,1
8471,259,20,1,1,Standard,West,1
8472,153,12,2,16,Basic,East,0
8473,160,15,1,11,Premium,West,0
8474,133,9,7,44,Premium,East,1
8475,57,7,5,51,Premium,South,1
8476,298,19,3,15,Premium,West,0
8477,142,13,2,17,Premium,West,0
8478,348,20,1,0,Basic,West,0
8479,278,9,1,9,Standard,East,0
8480,170,9,6,20,Premium,East,0
8481,106,2,4,51,Standard,East,1
8482,184,18,1,12,Premium,East,0
8483,129,19,1,15,Basic,North,1
8484,71,2,7,31,Premium,East,1
8485,454,29,1,7,Premium,South,0
8486,256,24,0,2,Basic,West,1
8487,159,2,4,58,Standard,West,1
8488,83,1,6,53,Basic,South,1
8489,37,2,7,26,Standard,South,1
8490,329,23,1,2,Premium,North,0
8491,344,21,1,0,Basic,South,0
8492,103,6,3,57,Premium,West,1
8493,42,1,3,49,Standard,West,1
8494,91,9,3,23,Standard,North,1
8495,321,19,1,5,Basic,West,0
8496,36,7,3,54,Standard,North,1
8497,165,7,7,26,Basic,North,1
8498,405,24,1,1,Standard,West,0
8499,492,21,0,6,Standard,West,0
8500,406,19,0,10,Standard,South,0
8501,421,29,0,9,Standard,West,0
8502,54,9,7,32,Premium,West,1
8503,282,11,1,11,Premium,North,0
8504,118,4,3,29,Standard,West,1
8505,144,8,3,22,Basic,East,1
8506,227,15,2,23,Basic,South,1
8507,57,2,3,24,Basic,South,1
8508,72,2,7,29,Premium,South,1
8509,355,19,1,6,Premium,South,0
8510,421,29,1,3,Standard,East,0
8511,273,13,2,18,Standard,West,1
8512,124,4,4,25,Basic,North,1
8513,374,27,0,11,Basic,East,0
8514,483,23,1,11,Standard,West,0
8515,124,18,3,22,Premium,West,0
8516,64,5,4,28,Standard,North,1
8517,364,29,1,9,Basic,West,0
8518,176,9,2,19,Basic,North,0
8519,299,8,3,12,Standard,East,0
8520,136,9,2,21,Premium,East,0
8521,132,8,2,24,Basic,West,0
8522,86,5,5,57,Premium,South,1
8523,25,2,3,25,Standard,East,1
8524,297,16,2,20,Basic,West,1
8525,189,8,1,20,Standard,South,0
8526,395,23,0,4,Standard,East,0
8527,456,29,1,10,Standard,East,0
8528,152,8,7,29,Basic,North,0
8529,75,2,5,29,Premium,South,1
8530,364,25,1,1,Standard,North,0
8531,119,1,7,55,Standard,West,1
8532,57,2,3,32,Basic,East,1
8533,477,19,1,10,Premium,South,0
8534,162,1,7,24,Premium,West,1
8535,429,19,0,0,Premium,North,1
8536,140,2,5,44,Basic,North,1
8537,64,8,7,37,Standard,West,1
8538,278,21,0,6,Standard,North,1
8539,77,6,5,22,Standard,North,1
8540,65,3,6,50,Standard,North,1
8541,440,27,0,1,Premium,North,0
8542,422,29,0,11,Premium,East,0
8543,265,9,3,8,Premium,North,0
8544,51,2,3,54,Standard,East,1
8545,54,9,4,20,Premium,South,0
8546,434,22,0,5,Premium,South,0
8547,266,15,1,16,Premium,South,0
8548,187,15,1,13,Basic,South,0
8549,79,1,6,38,Standard,North,1
8550,378,20,1,8,Premium,East,0
8551,295,10,1,24,Basic,East,0
8552,307,18,1,9,Standard,South,0
8553,274,18,2,23,Premium,North,0
8554,351,19,1,4,Basic,East,0
8555,211,19,1,12,Premium,West,0
8556,274,9,3,11,Basic,West,1
8557,37,3,4,25,Premium,North,1
8558,247,15,2,18,Premium,South,0
8559,167,12,3,9,Basic,South,0
8560,235,15,2,21,Standard,South,0
8561,227,19,1,13,Standard,North,0
8562,132,12,2,21,Premium,East,0
8563,30,6,7,55,Standard,East,1
8564,148,5,6,36,Premium,North,1
8565,278,17,1,10,Basic,North,1
8566,260,22,1,5,Premium,South,0
8567,129,19,2,22,Premium,West,0
8568,331,20,0,0,Standard,South,0
8569,140,9,5,33,Premium,North,1
8570,58,6,6,30,Basic,North,1
8571,136,8,6,23,Basic,South,1
8572,447,23,0,1,Premium,South,0
8573,160,19,3,21,Basic,North,1
8574,64,7,6,40,Standard,South,1
8575,158,8,4,43,Standard,West,1
8576,251,15,1,18,Premium,South,0
8577,437,25,0,1,Premium,North,0
8578,262,17,2,20,Standard,West,1
8579,213,11,2,20,Standard,North,0
8580,499,29,0,5,Premium,West,0
8581,51,6,4,42,Premium,South,1
8582,353,24,0,7,Standard,West,0
8583,363,18,1,6,Premium,East,0
8584,305,19,0,9,Standard,South,0
8585,171,7,4,39,Premium,West,1
8586,413,25,1,5,Standard,North,1
8587,426,23,0,3,Basic,West,0
8588,94,8,5,29,Basic,East,1
8589,32,6,5,46,Premium,East,1
8590,125,4,7,40,Basic,North,1
8591,151,14,1,8,Basic,West,1
8592,235,11,2,12,Premium,East,1
8593,125,3,4,25,Premium,North,1
8594,63,8,6,32,Basic,South,1
8595,457,20,1,9,Premium,East,0
8596,165,15,2,15,Standard,West,0
8597,332,20,1,11,Standard,East,0
8598,268,19,1,8,Standard,East,0
8599,70,7,6,21,Basic,West,1
8600,230,19,3,10,Standard,South,0
8601,499,26,0,6,Standard,South,0
8602,481,19,1,10,Standard,North,0
8603,120,18,3,18,Premium,South,0
8604,25,1,3,46,Premium,South,1
8605,367,20,0,8,Standard,West,0
8606,323,18,1,0,Basic,East,0
8607,253,13,1,17,Standard,South,0
8608,353,21,0,3,Basic,North,1
8609,166,5,7,49,Premium,West,1
8610,183,9,3,10,Standard,North,0
8611,220,14,2,16,Standard,East,0
8612,73,1,6,27,Standard,South,1
8613,214,16,1,16,Basic,West,0
8614,165,2,3,53,Standard,South,1
8615,100,7,6,43,Standard,East,1
8616,128,12,3,15,Basic,East,0
8617,149,10,3,9,Premium,East,0
8618,275,12,1,14,Basic,East,0
8619,148,10,2,16,Basic,East,0
8620,161,10,1,14,Standard,South,0
8621,146,19,2,16,Standard,West,0
8622,281,13,3,11,Basic,West,0
8623,310,19,1,0,Standard,West,0
8624,368,26,0,1,Premium,North,0
8625,152,2,4,26,Premium,East,0
8626,71,4,5,41,Basic,North,0
8627,40,9,7,46,Standard,West,1
8628,271,18,1,19,Premium,North,0
8629,102,8,4,59,Premium,South,1
8630,134,4,3,50,Premium,West,1
8631,326,26,1,9,Premium,North,0
8632,481,26,0,7,Standard,East,1
8633,79,6,3,28,Standard,East,1
8634,461,24,1,4,Standard,East,1
8635,200,9,1,9,Standard,East,0
8636,485,19,0,8,Standard,North,0
8637,320,29,0,10,Standard,West,0
8638,373,24,0,2,Basic,East,0
8639,488,25,0,4,Premium,South,0
8640,134,3,5,57,Basic,East,1
8641,204,8,3,11,Premium,South,0
8642,253,17,2,20,Standard,South,0
8643,389,24,0,9,Basic,East,1
8644,159,9,4,59,Standard,East,1
8645,428,22,1,7,Standard,East,0
8646,286,11,3,18,Standard,East,0
8647,463,27,1,9,Standard,North,0
8648,142,3,6,38,Basic,North,1
8649,161,6,3,31,Basic,North,1
8650,487,27,1,9,Standard,East,0
8651,125,14,1,20,Premium,South,0
8652,285,27,1,4,Standard,South,0
8653,159,6,5,58,Premium,West,1
8654,257,19,3,15,Standard,West,0
8655,140,10,3,17,Premium,East,0
8656,170,8,6,28,Standard,East,0
8657,201,11,1,10,Premium,South,0
8658,83,8,5,41,Standard,West,1
8659,485,29,1,8,Standard,East,0
8660,456,21,1,4,Premium,East,0
8661,170,18,3,13,Basic,East,0
8662,293,26,0,6,Basic,East,0
8663,256,14,3,11,Basic,East,0
8664,272,25,0,10,Premium,South,0
8665,307,21,1,7,Premium,West,0
8666,44,7,6,32,Premium,East,1
8667,159,1,7,25,Standard,East,1
8668,366,18,0,10,Standard,West,0
8669,92,3,5,30,Standard,North,1
8670,277,12,3,9,Premium,South,0
8671,155,17,3,9,Premium,South,0
8672,160,4,3,58,Standard,South,1
8673,46,7,4,47,Premium,East,1
8674,334,18,0,6,Basic,South,1
8675,155,2,6,55,Standard,West,1
8676,236,18,3,11,Premium,West,0
8677,273,22,1,0,Premium,East,0
8678,240,15,1,14,Standard,North,0
8679,289,13,2,12,Basic,West,0
8680,176,3,7,55,Basic,West,1
8681,324,27,1,8,Basic,South,0
8682,119,3,4,30,Standard,North,1
8683,227,9,2,8,Basic,East,0
8684,84,9,6,49,Premium,West,1
8685,134,4,6,23,Standard,North,1
8686,209,10,1,12,Premium,East,0
8687,131,6,6,58,Standard,West,1
8688,127,10,3,9,Premium,East,0
8689,264,10,2,19,Premium,South,0
8690,452,26,1,8,Standard,South,1
8691,261,13,3,12,Standard,East,0
8692,352,18,1,3,Basic,East,0
8693,292,18,1,5,Basic,North,0
8694,200,18,1,18,Basic,North,0
8695,228,15,1,14,Basic,East,0
8696,94,2,5,41,Premium,West,1
8697,425,25,0,7,Standard,East,0
8698,172,2,4,40,Premium,North,1
8699,347,23,0,3,Basic,West,0
8700,134,19,2,10,Basic,North,0
8701,77,3,7,27,Basic,West,0
8702,320,18,0,0,Basic,East,0
8703,87,5,4,47,Standard,North,1
8704,35,6,7,47,Premium,East,1
8705,31,2,5,59,Premium,South,1
8706,59,2,7,49,Premium,East,1
8707,272,12,2,17,Standard,East,0
8708,294,19,1,16,Standard,North,0
8709,117,7,3,42,Standard,East,1
8710,115,3,4,27,Basic,South,1
8711,153,2,4,48,Standard,South,1
8712,61,5,7,39,Premium,North,1
8713,178,10,3,19,Standard,East,0
8714,51,5,5,22,Standard,South,1
8715,138,3,3,20,Standard,North,1
8716,397,24,0,8,Standard,North,0
8717,358,29,1,6,Premium,South,0
8718,146,9,7,58,Premium,West,1
8719,480,27,1,4,Premium,West,0
8720,355,20,1,5,Standard,East,0
8721,160,12,3,15,Standard,East,1
8722,406,23,1,0,Basic,East,0
8723,136,1,7,38,Basic,North,1
8724,243,10,1,11,Basic,North,0
8725,402,25,0,1,Premium,East,0
8726,104,3,5,25,Premium,West,0
8727,27,5,7,57,Basic,West,1
8728,390,24,1,3,Standard,South,0
8729,265,23,0,4,Basic,South,0
8730,407,25,1,9,Basic,East,0
8731,180,19,3,13,Basic,North,0
8732,128,12,1,23,Basic,East,1
8733,103,1,3,44,Basic,East,1
8734,39,4,6,42,Standard,North,1
8735,484,26,1,4,Standard,North,0
8736,198,14,2,11,Standard,South,0
8737,47,2,4,39,Standard,East,1
8738,191,18,2,24,Premium,North,0
8739,62,9,4,52,Premium,East,0
8740,120,9,3,35,Premium,East,1
8741,457,24,0,6,Premium,East,0
8742,430,21,0,11,Standard,South,0
8743,133,13,2,11,Standard,South,0
8744,334,28,1,4,Standard,South,0
8745,104,2,7,22,Basic,West,1
8746,172,16,2,9,Standard,South,0
8747,276,19,3,21,Basic,North,1
8748,296,15,1,10,Basic,West,0
8749,161,3,7,43,Standard,North,0
8750,66,9,5,53,Premium,South,1
8751,341,28,1,9,Standard,South,0
8752,64,7,5,28,Premium,South,1
8753,410,23,0,0,Standard,North,0
8754,51,5,6,36,Standard,North,1
8755,203,18,2,20,Basic,East,0
8756,298,14,1,23,Standard,West,0
8757,203,12,3,22,Basic,East,1
8758,62,3,6,29,Premium,West,1
8759,249,16,2,23,Premium,South,0
8760,466,23,0,11,Standard,South,0
8761,157,5,5,50,Standard,South,1
8762,93,3,4,46,Basic,South,1
8763,249,18,3,23,Basic,East,1
8764,141,8,3,10,Standard,East,0
8765,64,1,6,40,Standard,East,1
8766,209,14,3,17,Basic,West,0
8767,384,26,0,9,Premium,North,0
8768,397,29,1,11,Basic,East,1
8769,254,12,1,22,Premium,North,0
8770,225,17,2,8,Premium,West,0
8771,307,28,0,1,Premium,North,0
8772,466,19,0,8,Premium,East,0
8773,150,13,2,9,Basic,North,0
8774,207,9,1,20,Standard,East,1
8775,411,28,0,11,Standard,West,0
8776,381,21,0,9,Basic,East,0
8777,289,21,0,10,Basic,South,0
8778,235,16,3,21,Premium,South,1
8779,225,10,2,10,Premium,North,0
8780,178,4,6,51,Standard,East,1
8781,41,6,5,36,Basic,South,1
8782,381,26,0,6,Premium,East,0
8783,70,8,3,27,Basic,North,0
8784,124,4,3,35,Standard,North,1
8785,308,20,0,10,Premium,East,0
8786,285,29,1,2,Basic,West,1
8787,166,6,6,23,Standard,South,1
8788,246,17,2,20,Premium,North,0
8789,484,24,0,3,Basic,North,0
8790,260,16,1,16,Premium,West,0
8791,302,29,0,3,Basic,West,0
8792,161,5,3,27,Premium,East,1
8793,111,3,5,25,Standard,North,1
8794,378,29,1,11,Basic,East,0
8795,164,5,7,22,Standard,North,1
8796,494,20,0,3,Basic,North,0
8797,287,29,0,9,Premium,South,1
8798,148,1,3,24,Standard,East,1
8799,301,27,0,8,Basic,West,1
8800,459,25,0,1,Standard,North,0
8801,282,18,1,5,Standard,North,0
8802,419,18,0,11,Basic,North,0
8803,104,3,7,49,Premium,North,1
8804,31,7,5,56,Premium,North,1
8805,295,18,1,16,Premium,West,0
8806,30,9,3,47,Basic,South,1
8807,204,13,2,23,Standard,West,0
8808,154,17,1,11,Premium,East,0
8809,132,18,1,16,Premium,North,0
8810,266,27,1,10,Premium,South,0
8811,229,16,3,18,Premium,West,0
8812,279,17,2,19,Basic,South,0
8813,212,18,1,17,Basic,West,0
8814,42,5,3,54,Standard,West,1
8815,193,9,3,11,Basic,North,1
8816,292,18,0,5,Premium,East,0
8817,140,8,7,48,Standard,West,1
8818,177,9,2,22,Standard,North,0
8819,128,19,2,14,Standard,East,0
8820,496,25,0,11,Standard,South,0
8821,260,28,0,3,Standard,West,0
8822,233,17,1,24,Premium,East,0
8823,124,2,3,45,Premium,South,1
8824,211,19,2,11,Basic,South,0
8825,223,15,3,10,Basic,East,1
8826,351,29,0,11,Premium,East,0
8827,448,25,0,4,Standard,North,0
8828,90,2,4,58,Standard,South,1
8829,296,16,3,15,Basic,West,1
8830,159,6,5,59,Basic,West,1
8831,483,29,1,7,Basic,West,0
8832,398,27,1,11,Standard,North,0
8833,485,26,1,6,Basic,North,0
8834,434,20,1,0,Premium,West,0
8835,150,13,2,20,Standard,South,0
8836,371,25,0,0,Premium,North,0
8837,149,16,3,22,Basic,North,1
8838,209,8,3,9,Premium,East,0
8839,20,2,3,28,Premium,West,1
8840,96,1,7,32,Basic,West,1
8841,220,17,2,18,Standard,West,0
8842,154,15,3,12,Premium,West,0
8843,175,7,4,53,Basic,South,1
8844,256,21,1,11,Premium,North,0
8845,228,15,2,10,Standard,South,0
8846,89,7,5,31,Premium,West,1
8847,399,20,1,1,Basic,North,0
8848,221,8,2,9,Standard,South,0
8849,151,2,3,50,Basic,West,1
8850,94,4,7,44,Basic,South,0
8851,126,5,3,37,Standard,South,1
8852,284,24,1,1,Standard,West,0
8853,273,19,1,2,Basic,North,0
8854,141,12,2,11,Premium,South,0
8855,452,27,0,3,Basic,North,1
8856,149,4,6,31,Basic,West,1
8857,137,15,1,16,Basic,East,0
8858,71,7,7,29,Basic,South,1
8859,219,15,2,19,Basic,West,0
8860,137,12,2,21,Standard,West,1
8861,190,18,3,18,Standard,South,0
8862,126,12,3,11,Basic,East,1
8863,84,5,6,45,Standard,North,1
8864,477,22,1,1,Standard,East,0
8865,69,8,6,22,Standard,West,1
8866,129,13,2,18,Basic,South,0
8867,177,11,1,14,Premium,West,0
8868,139,17,2,20,Standard,North,0
8869,103,8,4,53,Basic,North,1
8870,393,25,0,9,Basic,East,1
8871,222,18,1,10,Basic,South,0
8872,393,27,1,11,Premium,South,0
8873,167,8,6,26,Premium,East,1
8874,327,22,1,1,Basic,West,0
8875,124,1,5,54,Basic,North,1
8876,134,8,5,53,Premium,North,1
8877,175,2,5,39,Standard,South,1
8878,438,27,0,2,Premium,West,0
8879,463,26,1,6,Premium,North,0
8880,272,19,3,16,Premium,East,0
8881,405,19,1,4,Premium,South,0
8882,177,13,2,18,Standard,South,0
8883,258,13,1,23,Basic,South,1
8884,20,9,3,46,Premium,West,1
8885,255,26,1,6,Premium,North,0
8886,407,23,0,10,Premium,North,0
8887,250,13,3,19,Premium,North,0
8888,105,2,4,52,Basic,South,1
8889,277,15,3,9,Premium,East,0
8890,268,25,1,3,Premium,South,0
8891,132,2,4,50,Standard,East,1
8892,112,4,4,29,Basic,South,1
8893,176,12,3,16,Premium,East,1
8894,259,15,2,22,Premium,West,0
8895,263,9,1,18,Standard,East,0
8896,77,3,3,56,Premium,South,1
8897,131,12,2,18,Standard,South,0
8898,290,9,2,20,Premium,North,0
8899,478,22,0,11,Standard,West,0
8900,124,4,5,20,Premium,North,1
8901,260,9,1,17,Premium,West,0
8902,293,19,0,0,Basic,East,0
8903,298,19,3,17,Basic,South,1
8904,130,8,5,24,Basic,South,0
8905,197,19,2,19,Premium,North,0
8906,72,5,3,20,Standard,East,1
8907,56,6,3,59,Premium,West,1
8908,68,7,7,35,Premium,South,1
8909,481,20,1,6,Basic,South,0
8910,267,16,2,14,Premium,West,0
8911,202,12,3,16,Basic,West,1
8912,360,29,1,4,Premium,West,0
8913,493,27,0,4,Standard,North,0
8914,54,1,7,56,Premium,West,1
8915,415,22,0,1,Premium,South,0
8916,37,1,4,54,Standard,East,1
8917,26,7,7,28,Standard,West,1
8918,279,12,1,11,Standard,East,0
8919,134,15,2,8,Standard,East,0
8920,470,25,1,5,Standard,West,0
8921,93,6,6,23,Basic,West,1
8922,116,9,4,40,Basic,South,1
8923,143,6,3,52,Basic,North,1
8924,146,16,1,23,Premium,West,0
8925,179,7,4,56,Standard,South,1
8926,149,3,5,51,Standard,West,1
8927,74,9,3,54,Premium,West,0
8928,479,21,0,3,Premium,North,0
8929,463,19,0,4,Standard,North,0
8930,95,8,6,45,Basic,East,1
8931,126,5,4,29,Premium,East,1
8932,39,1,5,39,Standard,East,1
8933,159,6,6,29,Standard,East,1
8934,161,4,6,53,Basic,North,1
8935,247,9,2,15,Standard,East,0
8936,203,11,2,17,Premium,South,0
8937,250,12,3,17,Premium,South,0
8938,270,19,3,20,Basic,South,0
8939,260,8,3,23,Standard,West,1
8940,102,5,4,32,Standard,East,1
8941,294,17,2,11,Basic,East,0
8942,194,15,1,9,Premium,East,0
8943,127,3,3,50,Premium,North,1
8944,119,5,5,39,Standard,East,1
8945,255,10,3,22,Standard,West,0
8946,408,20,0,9,Premium,East,0
8947,111,8,5,50,Standard,East,1
8948,94,7,3,58,Premium,South,1
8949,327,25,1,9,Premium,North,0
8950,297,16,2,22,Basic,South,1
8951,445,22,0,11,Basic,West,1
8952,257,17,2,19,Basic,North,0
8953,471,18,1,9,Premium,West,0
8954,183,17,1,15,Basic,West,1
8955,86,5,5,25,Premium,South,1
8956,422,20,1,7,Basic,West,0
8957,126,18,3,10,Premium,South,0
8958,473,24,0,0,Premium,East,0
8959,128,10,3,14,Premium,East,0
8960,260,10,1,8,Premium,West,0
8961,248,9,2,14,Standard,East,0
8962,148,13,1,13,Standard,North,1
8963,338,25,1,11,Premium,West,0
8964,55,9,6,56,Premium,North,1
8965,88,6,7,38,Standard,West,1
8966,117,7,3,24,Basic,East,1
8967,121,18,1,16,Basic,East,1
8968,111,1,7,40,Basic,East,1
8969,186,8,3,20,Standard,East,0
8970,267,18,0,7,Standard,West,0
8971,109,3,4,35,Standard,East,1
8972,253,17,2,12,Standard,East,0
8973,166,3,7,47,Basic,West,1
8974,377,28,0,0,Premium,South,0
8975,169,6,4,46,Basic,West,1
8976,416,28,0,5,Standard,South,0
8977,159,8,4,34,Basic,East,1
8978,216,17,3,20,Premium,North,1
8979,50,5,3,37,Standard,East,1
8980,94,5,5,40,Basic,South,1
8981,320,21,1,10,Standard,East,0
8982,123,10,2,13,Basic,North,0
8983,35,4,6,45,Basic,East,1
8984,258,19,3,17,Standard,West,1
8985,137,10,3,19,Basic,West,1
8986,347,26,1,10,Basic,North,1
8987,328,18,1,10,Premium,South,0
8988,161,19,3,23,Premium,South,0
8989,139,15,3,8,Standard,West,1
8990,315,22,1,9,Standard,West,1
8991,284,26,1,8,Premium,East,0
8992,398,27,0,6,Basic,West,0
8993,405,28,1,9,Premium,South,0
8994,54,4,6,47,Premium,East,1
8995,184,16,2,15,Basic,South,1
8996,85,5,3,56,Basic,North,1
8997,348,20,1,10,Standard,North,1
8998,84,8,7,49,Basic,East,1
8999,415,28,1,2,Standard,East,0
9000,157,19,2,10,Standard,North,0
9001,354,29,1,6,Premium,West,0
9002,136,2,5,40,Premium,East,1
9003,153,3,6,55,Premium,East,1
9004,495,27,1,11,Basic,East,1
9005,138,4,7,25,Premium,East,1
9006,327,26,0,7,Basic,West,0
9007,128,9,1,11,Premium,North,0
9008,180,14,3,18,Premium,East,0
9009,371,28,1,8,Premium,East,0
9010,111,2,5,42,Premium,South,1
9011,294,10,3,15,Standard,West,0
9012,289,29,1,10,Premium,South,0
9013,147,8,6,37,Premium,North,1
9014,403,20,0,5,Premium,South,0
9015,148,4,4,30,Standard,West,1
9016,23,2,3,29,Premium,South,0
9017,222,13,2,8,Standard,South,0
9018,260,8,2,17,Standard,East,0
9019,434,22,1,8,Standard,North,0
9020,380,24,0,1,Basic,South,0
9021,450,19,0,1,Premium,South,0
9022,82,4,7,20,Premium,West,1
9023,93,8,5,34,Standard,West,1
9024,42,2,3,41,Premium,East,1
9025,286,24,1,7,Premium,North,0
9026,189,12,3,22,Basic,South,0
9027,429,18,0,8,Basic,West,0
9028,173,3,6,38,Standard,South,1
9029,486,27,1,9,Basic,South,0
9030,223,13,2,22,Basic,North,1
9031,22,2,4,33,Standard,East,1
9032,286,12,2,18,Premium,East,0
9033,149,19,3,24,Standard,West,1
9034,276,8,1,13,Basic,South,1
9035,129,17,3,14,Premium,North,1
9036,424,23,1,8,Basic,West,1
9037,206,14,3,12,Standard,East,1
9038,313,23,0,11,Standard,South,0
9039,138,3,5,26,Premium,East,1
9040,295,23,0,0,Premium,East,0
9041,462,28,0,7,Standard,South,0
9042,69,8,3,53,Premium,East,1
9043,347,24,1,0,Premium,North,0
9044,444,18,0,9,Basic,South,0
9045,386,19,0,0,Standard,West,0
9046,335,27,1,0,Premium,South,0
9047,83,9,5,27,Premium,East,1
9048,221,12,1,9,Basic,South,0
9049,345,23,0,11,Standard,East,0
9050,166,5,3,47,Premium,South,1
9051,233,10,3,15,Standard,South,0
9052,138,8,2,20,Premium,East,0
9053,96,7,4,53,Standard,West,1
9054,95,1,4,24,Standard,East,1
9055,125,6,4,34,Basic,North,1
9056,167,11,3,15,Premium,East,0
9057,269,23,1,8,Standard,East,0
9058,180,12,2,24,Premium,South,1
9059,278,11,2,24,Standard,East,0
9060,264,23,0,8,Premium,East,0
9061,73,4,5,23,Basic,East,1
9062,185,9,3,21,Premium,West,0
9063,257,10,1,12,Basic,North,0
9064,70,7,4,48,Basic,East,1
9065,82,1,3,36,Standard,South,1
9066,243,9,1,19,Standard,West,0
9067,137,2,5,41,Standard,North,1
9068,75,5,5,41,Premium,South,1
9069,23,7,3,42,Basic,West,0
9070,27,4,5,58,Basic,North,1
9071,20,8,6,36,Basic,West,1
9072,141,8,7,44,Basic,West,1
9073,77,6,5,56,Standard,West,1
9074,232,16,1,15,Basic,West,0
9075,266,21,1,4,Basic,South,0
9076,169,18,1,19,Premium,East,0
9077,169,15,2,24,Premium,West,0
9078,398,23,0,8,Basic,East,1
9079,441,29,0,0,Basic,South,0
9080,31,1,6,35,Standard,North,1
9081,140,9,3,45,Premium,West,0
9082,157,9,6,49,Premium,North,1
9083,170,10,2,20,Standard,North,0
9084,380,27,1,7,Standard,South,0
9085,157,6,7,46,Premium,South,1
9086,341,27,1,7,Standard,East,0
9087,391,26,1,5,Basic,South,1
9088,277,24,1,7,Standard,West,0
9089,399,27,1,9,Basic,South,0
9090,489,21,1,1,Premium,South,0
9091,284,26,1,11,Premium,East,0
9092,249,15,3,18,Basic,South,1
9093,374,22,1,0,Standard,South,0
9094,148,12,2,9,Standard,West,0
9095,301,23,0,8,Basic,East,1
9096,439,23,0,9,Standard,East,0
9097,239,9,1,12,Standard,North,0
9098,39,1,5,56,Basic,West,1
9099,238,13,1,13,Premium,South,0
9100,162,17,1,11,Standard,East,0
9101,143,12,2,21,Basic,North,1
9102,457,26,1,11,Standard,West,0
9103,343,21,0,6,Standard,South,0
9104,285,9,1,10,Basic,North,0
9105,438,21,1,10,Standard,North,0
9106,352,20,0,7,Premium,North,0
9107,154,8,3,36,Standard,North,1
9108,132,2,4,23,Standard,West,1
9109,367,18,0,8,Basic,North,0
9110,259,18,1,14,Premium,North,0
9111,356,21,1,4,Standard,South,0
9112,278,24,0,8,Basic,West,0
9113,457,22,1,6,Standard,South,0
9114,365,26,0,9,Standard,East,0
9115,395,26,0,4,Basic,West,0
9116,436,21,1,4,Premium,West,0
9117,86,7,4,46,Premium,East,1
9118,305,22,1,7,Standard,East,0
9119,131,14,3,10,Premium,East,0
9120,472,25,1,7,Basic,South,0
9121,278,14,1,24,Premium,West,1
9122,369,23,1,4,Basic,West,1
9123,289,14,3,14,Standard,South,0
9124,280,10,3,17,Basic,West,0
9125,200,8,3,24,Premium,West,1
9126,112,6,5,55,Premium,West,1
9127,124,17,1,10,Premium,South,0
9128,275,24,1,2,Basic,South,0
9129,167,16,1,16,Standard,South,0
9130,99,9,4,30,Basic,East,1
9131,398,23,0,4,Basic,North,0
9132,413,28,0,0,Standard,West,0
9133,444,24,0,0,Basic,South,0
9134,435,27,0,0,Standard,East,0
9135,278,23,0,11,Basic,North,0
9136,476,20,0,6,Premium,West,0
9137,295,19,0,9,Premium,West,0
9138,117,5,3,59,Basic,South,1
9139,141,2,4,40,Standard,East,1
9140,159,6,4,36,Basic,South,1
9141,212,9,3,12,Premium,North,1
9142,361,29,1,4,Premium,North,1
9143,190,18,3,8,Premium,East,1
9144,82,6,5,48,Standard,West,1
9145,382,20,0,8,Standard,East,0
9146,489,18,0,9,Standard,North,0
9147,178,14,3,17,Standard,South,0
9148,174,17,3,13,Standard,North,0
9149,435,20,1,9,Premium,West,0
9150,366,23,0,9,Standard,West,0
9151,23,8,5,21,Basic,East,1
9152,271,29,0,2,Basic,West,0
9153,342,18,1,8,Standard,West,0
9154,356,23,1,7,Basic,South,0
9155,99,6,6,58,Standard,East,0
9156,57,1,5,36,Basic,North,1
9157,61,6,7,21,Basic,South,1
9158,273,25,1,1,Premium,West,0
9159,401,27,0,7,Basic,South,0
9160,149,14,3,21,Premium,North,1
9161,20,9,4,29,Basic,East,1
9162,59,4,5,30,Standard,North,1
9163,168,12,2,17,Standard,South,0
9164,330,21,1,4,Premium,East,0
9165,26,8,4,20,Basic,North,1
9166,193,8,1,24,Standard,West,1
9167,450,24,0,6,Standard,North,0
9168,459,29,0,9,Basic,North,0
9169,324,24,0,7,Standard,East,0
9170,198,10,3,17,Basic,West,1
9171,321,18,1,9,Premium,South,0
9172,28,2,4,43,Basic,South,1
9173,420,23,1,7,Premium,East,0
9174,162,10,1,21,Standard,West,0
9175,250,29,0,4,Basic,East,1
9176,482,18,1,11,Standard,North,0
9177,287,10,1,18,Standard,East,0
9178,175,14,3,14,Basic,West,0
9179,72,5,5,20,Standard,North,1
9180,144,6,7,24,Basic,West,1
9181,247,19,3,10,Basic,West,1
9182,354,25,0,2,Basic,West,0
9183,355,22,1,5,Standard,East,0
9184,99,1,6,51,Standard,East,1
9185,182,9,2,20,Premium,North,0
9186,376,25,0,0,Basic,East,0
9187,475,20,1,2,Standard,South,0
9188,216,14,2,16,Standard,West,0
9189,116,1,7,22,Premium,North,1
9190,133,13,3,11,Premium,South,0
9191,195,19,3,10,Premium,East,0
9192,236,8,2,22,Standard,West,0
9193,200,18,2,12,Basic,North,0
9194,294,18,1,21,Premium,East,0
9195,469,23,1,9,Standard,North,0
9196,95,5,4,45,Premium,North,1
9197,86,7,3,56,Basic,South,1
9198,121,6,7,34,Basic,East,1
9199,99,2,4,29,Premium,North,0
9200,309,25,0,0,Premium,South,0
9201,372,25,0,8,Premium,South,0
9202,110,5,5,43,Basic,East,1
9203,45,6,5,45,Standard,East,1
9204,177,8,3,19,Standard,East,0
9205,366,25,0,4,Standard,South,0
9206,290,12,1,10,Basic,South,1
9207,290,12,2,21,Premium,South,1
9208,296,14,1,10,Premium,East,0
9209,279,18,0,3,Premium,East,0
9210,320,22,1,6,Standard,East,0
9211,283,24,0,1,Basic,West,0
9212,97,9,6,43,Standard,South,1
9213,192,15,2,15,Premium,South,0
9214,256,14,3,8,Standard,East,0
9215,104,1,6,42,Standard,North,1
9216,268,15,1,8,Basic,West,0
9217,82,2,3,52,Standard,South,1
9218,75,2,4,21,Basic,North,1
9219,145,9,7,42,Standard,South,1
9220,251,22,1,6,Premium,East,0
9221,284,18,0,0,Standard,East,0
9222,34,5,3,53,Premium,South,1
9223,289,12,1,8,Standard,South,0
9224,259,27,1,2,Standard,North,0
9225,460,20,0,3,Premium,South,0
9226,385,29,1,7,Premium,North,0
9227,402,18,1,10,Premium,North,0
9228,280,10,2,24,Standard,East,1
9229,461,25,0,11,Premium,South,0
9230,488,20,1,3,Premium,North,0
9231,164,2,5,31,Basic,East,1
9232,364,18,0,9,Premium,North,0
9233,362,29,0,6,Basic,East,1
9234,44,8,5,42,Basic,East,1
9235,293,25,1,10,Premium,South,0
9236,272,26,0,3,Premium,South,0
9237,140,2,4,22,Basic,South,1
9238,467,20,0,10,Basic,West,0
9239,284,19,3,24,Standard,East,1
9240,36,2,3,20,Standard,North,1
9241,279,27,1,9,Standard,South,1
9242,309,20,0,2,Standard,East,0
9243,110,8,5,38,Premium,North,1
9244,158,9,4,55,Basic,West,1
9245,176,9,3,42,Premium,North,1
9246,170,1,3,42,Premium,West,0
9247,252,10,2,16,Standard,North,0
9248,76,9,4,25,Premium,East,1
9249,312,23,0,10,Basic,North,0
9250,184,12,1,11,Standard,South,0
9251,474,25,1,7,Standard,South,0
9252,482,26,1,0,Premium,West,0
9253,52,8,6,48,Basic,West,1
9254,142,19,2,24,Basic,East,1
9255,46,8,6,23,Basic,North,1
9256,407,27,0,3,Premium,East,0
9257,124,13,2,9,Standard,West,0
9258,107,5,7,34,Premium,South,1
9259,324,19,0,5,Premium,South,0
9260,172,17,1,18,Standard,West,0
9261,78,2,6,33,Basic,West,1
9262,273,10,2,12,Basic,South,0
9263,23,7,7,30,Standard,West,1
9264,39,6,6,48,Basic,East,1
9265,142,9,5,58,Basic,West,1
9266,133,12,1,18,Basic,South,0
9267,493,19,0,10,Premium,East,0
9268,154,14,1,11,Basic,West,1
9269,49,5,4,29,Basic,West,1
9270,106,2,4,25,Premium,North,1
9271,430,27,0,2,Basic,South,0
9272,464,21,0,4,Basic,North,0
9273,231,11,2,22,Premium,East,0
9274,223,11,1,14,Premium,East,0
9275,275,29,0,1,Standard,North,0
9276,298,15,1,16,Standard,South,0
9277,174,18,3,21,Standard,North,1
9278,138,16,2,9,Standard,South,0
9279,141,11,1,17,Premium,West,0
9280,282,13,1,15,Standard,North,0
9281,437,23,0,10,Standard,East,0
9282,98,6,7,35,Standard,South,1
9283,474,20,1,6,Premium,West,0
9284,218,14,2,22,Standard,South,1
9285,48,6,4,58,Basic,North,1
9286,57,2,5,34,Standard,North,1
9287,36,6,5,59,Premium,East,1
9288,109,4,4,34,Basic,West,1
9289,159,9,1,24,Premium,North,0
9290,117,8,7,37,Premium,South,0
9291,478,19,1,7,Standard,East,0
9292,415,18,0,11,Premium,North,0
9293,119,7,6,27,Basic,West,1
9294,69,3,6,46,Standard,South,1
9295,140,17,1,23,Standard,West,1
9296,355,26,0,0,Premium,West,0
9297,222,18,2,8,Basic,East,0
9298,120,2,7,25,Standard,South,1
9299,437,28,1,2,Basic,South,0
9300,77,7,7,55,Premium,West,1
9301,75,3,3,50,Basic,North,1
9302,71,8,4,47,Premium,South,1
9303,136,3,3,47,Standard,North,1
9304,448,24,0,5,Standard,South,0
9305,317,27,0,5,Premium,South,0
9306,227,17,2,10,Standard,South,0
9307,387,24,0,0,Standard,East,0
9308,271,21,1,5,Premium,South,0
9309,66,1,6,35,Standard,East,1
9310,120,15,2,11,Basic,South,0
9311,56,9,6,43,Premium,West,1
9312,318,29,1,9,Premium,South,0
9313,196,18,1,8,Standard,South,0
9314,133,7,7,32,Basic,North,1
9315,271,17,3,12,Standard,West,0
9316,205,13,3,20,Premium,West,0
9317,153,18,1,18,Basic,West,0
9318,280,16,2,24,Standard,North,1
9319,358,24,0,5,Standard,East,0
9320,108,1,6,28,Premium,East,1
9321,443,21,1,8,Standard,West,0
9322,253,11,1,20,Premium,East,0
9323,22,4,7,22,Premium,South,1
9324,436,28,0,7,Premium,North,0
9325,317,24,0,3,Standard,South,0
9326,42,6,3,28,Standard,East,1
9327,136,3,5,55,Basic,West,1
9328,204,9,2,18,Premium,North,0
9329,166,10,2,8,Basic,South,1
9330,397,25,0,0,Standard,East,0
9331,143,5,6,52,Basic,South,1
9332,421,22,1,3,Standard,East,0
9333,240,16,1,21,Premium,South,0
9334,212,17,3,14,Standard,East,0
9335,117,2,3,24,Basic,East,1
9336,141,2,5,55,Standard,East,1
9337,140,4,3,35,Standard,East,1
9338,82,1,7,42,Basic,East,1
9339,20,9,6,46,Basic,East,1
9340,181,9,2,16,Basic,West,0
9341,149,11,3,17,Premium,West,0
9342,253,19,0,2,Standard,North,0
9343,27,5,7,27,Standard,East,1
9344,48,7,7,58,Premium,West,1
9345,298,20,0,2,Premium,South,0
9346,102,4,5,58,Standard,North,1
9347,97,7,6,51,Standard,South,1
9348,498,23,0,11,Standard,West,0
9349,394,25,0,4,Premium,North,0
9350,63,2,3,44,Basic,West,1
9351,469,21,0,3,Basic,North,0
9352,288,15,3,11,Premium,North,0
9353,51,6,7,58,Premium,South,1
9354,130,4,5,48,Premium,South,1
9355,269,10,2,22,Standard,South,0
9356,169,3,5,31,Basic,East,1
9357,164,17,3,14,Standard,North,0
9358,319,18,0,1,Premium,West,0
9359,400,27,1,4,Standard,West,0
9360,66,3,5,33,Basic,South,1
9361,147,16,1,22,Basic,North,1
9362,136,9,5,58,Premium,North,1
9363,205,10,2,22,Premium,South,0
9364,457,18,0,2,Basic,North,0
9365,430,27,1,1,Standard,South,0
9366,203,17,3,22,Basic,East,0
9367,473,28,1,9,Basic,South,0
9368,254,11,1,8,Standard,East,0
9369,148,15,2,15,Basic,East,0
9370,149,3,5,34,Basic,East,1
9371,169,2,4,53,Premium,East,1
9372,352,23,0,3,Premium,West,0
9373,353,29,1,10,Basic,South,0
9374,213,11,1,22,Standard,North,0
9375,152,9,3,15,Standard,West,0
9376,282,9,2,23,Basic,South,1
9377,175,4,6,39,Premium,South,1
9378,55,6,4,32,Basic,North,1
9379,145,7,3,31,Premium,West,1
9380,237,9,2,16,Standard,North,0
9381,457,22,0,8,Premium,North,0
9382,141,10,1,22,Basic,West,1
9383,173,8,5,42,Premium,East,1
9384,424,24,0,6,Basic,South,1
9385,493,21,0,9,Basic,South,1
9386,167,1,7,20,Premium,East,0
9387,214,15,2,24,Standard,North,0
9388,75,6,6,27,Premium,South,1
9389,311,23,1,11,Premium,North,0
9390,461,28,1,5,Standard,North,0
9391,206,12,1,14,Standard,East,0
9392,88,7,6,57,Basic,East,1
9393,253,24,0,11,Premium,South,0
9394,86,5,5,27,Standard,West,1
9395,46,6,3,49,Basic,South,1
9396,290,22,0,0,Standard,North,0
9397,167,13,3,15,Standard,West,0
9398,146,18,2,19,Premium,West,1
9399,315,20,1,5,Premium,South,0
9400,330,20,1,8,Premium,East,0
9401,64,4,7,48,Standard,East,1
9402,268,18,1,1,Premium,West,0
9403,388,20,1,2,Standard,South,0
9404,147,16,3,15,Premium,North,0
9405,95,9,6,44,Standard,North,1
9406,173,8,1,9,Premium,North,0
9407,71,2,7,20,Premium,East,1
9408,301,20,1,11,Premium,North,0
9409,358,28,1,4,Standard,West,0
9410,389,20,0,8,Premium,East,0
9411,169,14,3,13,Standard,West,0
9412,155,15,1,20,Premium,North,0
9413,189,10,2,13,Basic,North,0
9414,431,28,0,7,Standard,North,0
9415,265,19,0,10,Basic,North,0
9416,313,21,1,5,Premium,East,0
9417,318,26,1,5,Premium,East,0
9418,104,5,6,46,Basic,North,1
9419,220,17,3,10,Standard,North,0
9420,187,11,3,24,Standard,West,0
9421,168,5,6,35,Standard,North,1
9422,201,8,1,19,Premium,West,0
9423,255,12,2,11,Premium,North,0
9424,415,20,1,5,Basic,South,0
9425,145,7,6,38,Standard,North,1
9426,143,13,1,17,Standard,North,0
9427,435,18,1,2,Standard,East,0
9428,101,1,7,51,Premium,South,1
9429,271,13,3,23,Standard,South,0
9430,123,15,3,10,Premium,South,0
9431,222,8,2,24,Standard,South,0
9432,472,18,1,1,Standard,East,0
9433,48,6,5,41,Basic,North,1
9434,138,10,2,20,Standard,South,0
9435,461,18,0,11,Standard,West,1
9436,307,19,1,7,Standard,East,0
9437,42,8,6,33,Basic,East,1
9438,489,23,1,2,Basic,West,0
9439,55,4,3,33,Premium,East,1
9440,266,18,1,0,Standard,West,0
9441,245,9,1,8,Premium,South,0
9442,31,9,4,58,Basic,North,1
9443,162,7,3,24,Premium,South,1
9444,382,25,1,2,Basic,East,0
9445,91,8,6,48,Standard,East,1
9446,201,8,3,22,Premium,North,1
9447,492,21,1,2,Standard,South,0
9448,153,9,4,37,Basic,South,1
9449,159,6,4,23,Basic,North,1
9450,143,8,3,11,Standard,West,0
9451,221,13,3,15,Premium,East,0
9452,185,12,1,8,Premium,East,0
9453,353,27,1,3,Premium,East,0
9454,81,4,6,39,Basic,South,1
9455,378,29,0,8,Basic,West,1
9456,167,9,6,54,Basic,East,1
9457,121,2,5,33,Premium,West,1
9458,187,13,2,14,Basic,West,0
9459,67,7,7,39,Basic,East,1
9460,271,17,3,24,Basic,East,1
9461,163,18,2,15,Standard,South,0
9462,73,2,7,45,Basic,West,1
9463,132,11,3,15,Standard,South,0
9464,111,5,6,30,Premium,West,1
9465,102,4,4,34,Basic,North,1
9466,101,7,7,49,Premium,North,1
9467,168,16,1,23,Premium,South,0
9468,100,2,5,47,Premium,East,1
9469,303,22,0,3,Standard,North,0
9470,219,12,1,14,Premium,West,0
9471,205,9,1,17,Basic,East,1
9472,370,24,1,5,Premium,North,0
9473,437,22,0,10,Basic,East,0
9474,210,11,3,8,Basic,East,1
9475,30,7,4,43,Standard,South,1
9476,94,1,6,42,Basic,South,1
9477,225,13,2,12,Premium,South,0
9478,386,24,0,10,Standard,South,0
9479,311,26,0,5,Premium,South,0
9480,441,26,0,10,Standard,South,0
9481,185,9,1,21,Premium,North,0
9482,387,27,1,9,Premium,West,0
9483,413,18,0,1,Basic,East,0
9484,270,14,3,11,Basic,West,0
9485,239,17,2,11,Premium,West,0
9486,302,18,0,5,Standard,West,0
9487,423,20,0,1,Basic,East,0
9488,163,9,3,23,Premium,West,0
9489,467,29,1,0,Premium,South,0
9490,135,8,3,11,Premium,South,0
9491,72,4,6,44,Premium,East,1
9492,30,5,5,40,Standard,South,1
9493,281,17,1,12,Standard,North,0
9494,130,5,6,56,Basic,East,1
9495,179,2,3,39,Basic,South,1
9496,123,13,2,8,Standard,South,0
9497,152,6,3,26,Premium,South,1
9498,95,4,3,40,Premium,North,1
9499,123,7,5,50,Premium,South,1
9500,64,2,5,30,Premium,East,1
9501,127,15,2,15,Standard,West,0
9502,97,2,7,56,Standard,West,1
9503,299,17,2,18,Premium,West,0
9504,30,8,6,52,Standard,East,1
9505,165,5,4,28,Basic,South,1
9506,203,18,1,17,Premium,South,1
9507,324,26,0,1,Basic,West,0
9508,429,19,1,0,Standard,North,0
9509,132,16,2,8,Premium,West,0
9510,83,8,5,58,Standard,North,1
9511,435,26,1,10,Standard,South,0
9512,387,18,0,9,Standard,North,0
9513,335,28,0,8,Basic,North,1
9514,178,5,4,25,Standard,East,1
9515,146,8,7,47,Standard,North,1
9516,265,11,1,17,Premium,South,0
9517,146,3,7,52,Premium,South,1
9518,30,7,3,59,Basic,North,1
9519,483,18,1,1,Standard,West,0
9520,381,24,0,11,Standard,East,0
9521,72,5,4,40,Basic,West,1
9522,133,12,2,21,Basic,North,1
9523,170,8,2,9,Basic,South,0
9524,219,12,1,18,Standard,North,0
9525,234,19,3,20,Premium,East,0
9526,258,15,3,15,Premium,East,0
9527,319,29,0,6,Standard,West,0
9528,287,29,1,11,Standard,North,0
9529,270,26,0,1,Premium,East,0
9530,437,24,1,9,Standard,West,0
9531,168,5,7,59,Basic,East,1
9532,348,22,0,8,Basic,South,1
9533,99,8,5,42,Basic,North,1
9534,271,17,3,17,Basic,North,1
9535,127,16,2,21,Premium,West,0
9536,187,10,3,21,Premium,North,1
9537,98,7,4,39,Standard,North,1
9538,136,2,6,53,Standard,East,1
9539,400,29,0,5,Standard,East,0
9540,288,10,2,9,Premium,East,0
9541,232,16,3,21,Standard,North,0
9542,133,8,5,30,Premium,West,1
9543,120,7,4,43,Premium,North,1
9544,49,8,5,48,Standard,East,0
9545,368,28,0,1,Premium,North,0
9546,148,15,1,16,Standard,West,0
9547,291,19,1,20,Premium,East,0
9548,469,27,0,7,Standard,West,0
9549,88,5,6,47,Standard,South,1
9550,247,19,3,23,Premium,South,0
9551,212,11,3,10,Basic,East,0
9552,143,14,3,11,Premium,West,0
9553,317,29,1,9,Basic,West,0
9554,139,1,7,58,Premium,North,1
9555,149,8,4,57,Premium,East,1
9556,53,2,6,25,Standard,South,1
9557,188,13,1,23,Standard,North,1
9558,178,5,7,48,Basic,South,1
9559,105,1,5,27,Basic,East,1
9560,153,9,4,28,Basic,West,1
9561,278,10,1,8,Premium,East,0
9562,394,19,0,3,Standard,East,0
9563,338,24,1,4,Premium,South,0
9564,25,6,5,56,Premium,South,1
9565,173,5,3,45,Basic,East,1
9566,440,20,0,8,Premium,South,0
9567,87,9,3,45,Basic,West,1
9568,83,9,4,47,Premium,South,1
9569,42,7,7,40,Standard,North,1
9570,296,18,2,11,Basic,East,0
9571,146,9,4,54,Standard,North,1
9572,155,5,4,50,Standard,South,1
9573,49,3,7,55,Basic,North,1
9574,154,19,2,11,Standard,East,0
9575,46,6,4,45,Premium,West,1
9576,493,24,0,11,Premium,South,0
9577,273,18,3,9,Basic,North,1
9578,175,1,6,54,Premium,South,1
9579,278,16,1,12,Premium,South,0
9580,163,4,3,40,Standard,South,1
9581,230,19,3,15,Basic,East,1
9582,312,26,0,5,Standard,North,1
9583,131,1,4,32,Premium,North,1
9584,124,8,7,58,Standard,West,1
9585,154,3,7,31,Basic,West,1
9586,456,19,0,0,Basic,North,0
9587,41,3,6,31,Basic,East,1
9588,219,12,3,12,Basic,East,0
9589,366,22,1,5,Basic,South,1
9590,259,22,1,7,Standard,North,1
9591,270,20,1,11,Basic,West,0
9592,234,10,2,15,Standard,South,0
9593,100,1,5,47,Premium,North,1
9594,458,24,1,11,Basic,North,0
9595,289,19,0,0,Standard,East,0
9596,361,19,0,0,Basic,South,0
9597,243,14,2,13,Standard,East,0
9598,67,7,3,25,Basic,North,1
9599,278,21,1,9,Basic,North,0
9600,81,3,3,43,Basic,North,1
9601,144,11,3,23,Standard,South,1
9602,30,7,4,57,Standard,East,1
9603,187,12,3,13,Premium,West,1
9604,235,13,3,24,Premium,East,0
9605,391,20,1,6,Premium,East,0
9606,107,7,7,43,Basic,South,0
9607,30,8,6,34,Premium,North,1
9608,443,25,0,9,Premium,South,0
9609,36,9,3,29,Standard,East,1
9610,468,21,0,0,Premium,North,0
9611,20,1,7,57,Standard,East,1
9612,101,7,3,27,Basic,North,1
9613,311,24,0,10,Standard,West,0
9614,144,4,6,49,Standard,West,1
9615,60,7,6,43,Premium,East,1
9616,294,23,1,0,Standard,West,0
9617,165,18,3,8,Premium,West,0
9618,123,4,5,39,Standard,North,1
9619,296,12,3,16,Standard,North,0
9620,168,3,6,42,Standard,South,1
9621,212,10,3,15,Premium,East,0
9622,97,4,4,31,Basic,West,0
9623,42,4,7,31,Premium,North,1
9624,82,7,5,46,Standard,West,1
9625,69,8,3,55,Premium,South,1
9626,122,4,7,26,Standard,East,1
9627,472,26,0,4,Basic,East,0
9628,165,12,2,15,Basic,South,1
9629,48,5,6,58,Basic,North,1
9630,130,4,7,55,Standard,West,1
9631,103,2,7,27,Standard,West,1
9632,176,2,3,57,Premium,West,0
9633,226,12,2,23,Basic,East,0
9634,425,26,0,11,Standard,West,0
9635,123,8,2,17,Standard,West,0
9636,216,17,2,10,Premium,South,0
9637,200,19,3,24,Standard,South,0
9638,427,29,1,2,Premium,East,0
9639,30,7,7,32,Basic,West,1
9640,411,20,1,3,Premium,North,0
9641,84,9,3,26,Standard,West,1
9642,105,8,7,49,Premium,North,1
9643,404,19,1,4,Basic,East,0
9644,471,23,0,4,Basic,South,0
9645,376,22,0,4,Premium,South,0
9646,222,8,3,16,Standard,North,0
9647,200,9,3,20,Basic,North,1
9648,72,4,7,50,Premium,South,1
9649,217,19,2,20,Standard,West,0
9650,193,16,1,14,Standard,South,0
9651,133,11,1,17,Standard,North,1
9652,261,8,3,12,Premium,West,0
9653,250,25,0,4,Basic,North,1
9654,68,9,3,28,Standard,East,1
9655,132,11,1,13,Basic,East,1
9656,499,26,0,8,Standard,West,0
9657,328,23,0,1,Premium,East,0
9658,363,24,0,11,Premium,East,0
9659,206,18,2,15,Premium,West,0
9660,288,18,1,11,Standard,South,0
9661,160,5,4,32,Standard,East,1
9662,174,19,2,22,Standard,North,0
9663,177,6,4,34,Basic,North,1
9664,279,12,2,19,Premium,East,0
9665,283,9,1,23,Standard,East,1
9666,81,3,5,36,Premium,North,1
9667,134,2,3,48,Premium,South,1
9668,30,2,7,51,Standard,West,1
9669,457,27,1,1,Basic,South,0
9670,179,17,2,9,Premium,East,1
9671,22,1,4,52,Premium,North,1
9672,71,3,3,52,Basic,West,1
9673,479,20,1,11,Standard,South,0
9674,102,8,5,42,Standard,West,1
9675,471,29,0,6,Premium,East,0
9676,193,10,1,8,Standard,West,0
9677,99,4,4,45,Premium,South,1
9678,495,24,1,0,Basic,West,0
9679,176,13,3,11,Premium,East,0
9680,214,10,2,10,Standard,West,0
9681,107,1,3,22,Basic,North,1
9682,145,8,2,11,Standard,North,0
9683,31,6,4,55,Basic,South,1
9684,86,7,5,34,Premium,North,1
9685,458,19,1,10,Basic,South,0
9686,479,19,0,1,Basic,East,1
9687,191,13,2,22,Premium,South,0
9688,476,24,0,6,Premium,West,0
9689,266,28,1,2,Premium,South,0
9690,255,13,3,14,Standard,North,0
9691,295,25,0,2,Standard,East,0
9692,96,9,4,51,Basic,East,1
9693,184,9,1,17,Basic,East,0
9694,273,15,3,12,Standard,West,0
9695,395,29,1,7,Basic,East,0
9696,239,10,2,24,Premium,North,0
9697,189,15,1,17,Standard,North,0
9698,154,3,3,36,Premium,East,1
9699,286,20,1,9,Standard,South,1
9700,298,27,0,10,Standard,South,0
9701,418,18,0,5,Premium,East,0
9702,163,19,1,19,Standard,West,0
9703,232,14,3,17,Standard,West,0
9704,321,19,1,2,Basic,West,0
9705,398,26,0,6,Premium,North,0
9706,190,8,1,15,Basic,South,1
9707,67,2,6,58,Standard,West,0
9708,63,7,6,42,Basic,East,1
9709,494,25,1,11,Premium,West,0
9710,256,19,0,3,Premium,South,0
9711,298,19,0,4,Premium,South,0
9712,485,25,1,8,Premium,South,0
9713,261,18,1,10,Premium,West,0
9714,229,13,2,10,Standard,West,0
9715,33,2,4,50,Standard,North,1
9716,95,1,6,30,Basic,West,1
9717,59,4,5,36,Basic,South,1
9718,168,1,4,24,Premium,South,0
9719,281,26,1,7,Basic,North,0
9720,287,16,2,14,Premium,South,0
9721,457,20,1,9,Standard,North,0
9722,255,9,1,19,Premium,East,0
9723,349,20,0,4,Standard,North,0
9724,227,17,1,13,Basic,East,0
9725,167,6,7,51,Basic,West,1
9726,56,9,5,35,Premium,North,1
9727,83,5,4,27,Premium,West,1
9728,323,21,0,3,Basic,East,0
9729,272,18,0,10,Standard,North,0
9730,252,16,3,20,Basic,West,1
9731,54,3,7,42,Basic,South,1
9732,214,17,3,16,Premium,North,0
9733,52,8,5,26,Premium,North,0
9734,338,25,1,3,Basic,East,0
9735,235,15,2,22,Premium,West,0
9736,420,25,0,0,Premium,West,0
9737,286,18,1,4,Premium,East,0
9738,230,19,3,18,Premium,West,0
9739,122,15,3,17,Premium,North,0
9740,100,1,3,34,Premium,South,1
9741,236,9,2,14,Premium,North,0
9742,113,8,5,22,Standard,West,0
9743,403,21,1,11,Premium,South,0
9744,123,7,4,28,Basic,West,1
9745,303,28,0,5,Premium,South,0
9746,92,1,4,54,Basic,South,1
9747,273,14,1,23,Standard,West,0
9748,195,8,1,18,Basic,South,0
9749,288,27,1,6,Premium,West,0
9750,368,18,0,3,Basic,East,0
9751,151,1,6,37,Basic,South,1
9752,123,5,4,42,Standard,South,1
9753,256,12,1,24,Basic,North,0
9754,97,1,6,27,Basic,East,1
9755,377,24,0,10,Premium,South,0
9756,252,24,1,4,Basic,East,0
9757,139,10,1,23,Basic,South,1
9758,380,25,1,5,Premium,West,0
9759,457,22,1,3,Premium,North,0
9760,291,8,3,16,Standard,North,1
9761,121,1,6,47,Basic,East,1
9762,475,23,0,6,Premium,South,0
9763,250,28,0,10,Basic,East,0
9764,249,8,3,13,Basic,West,0
9765,21,5,7,32,Standard,West,1
9766,296,18,0,8,Standard,North,0
9767,151,12,3,15,Basic,East,0
9768,121,6,4,29,Standard,East,1
9769,432,20,1,3,Standard,South,0
9770,45,2,5,30,Premium,East,1
9771,49,5,6,40,Standard,North,1
9772,143,2,6,23,Standard,North,1
9773,401,21,0,1,Standard,East,0
9774,60,6,4,28,Basic,North,1
9775,147,3,6,23,Premium,North,1
9776,130,12,2,13,Premium,East,0
9777,496,25,0,7,Standard,West,0
9778,171,14,1,16,Basic,South,0
9779,224,19,1,9,Basic,East,1
9780,182,15,2,16,Standard,North,0
9781,174,19,1,9,Standard,East,0
9782,321,23,1,5,Basic,North,1
9783,253,16,2,21,Premium,West,0
9784,50,5,6,38,Standard,South,1
9785,478,29,0,1,Premium,East,0
9786,181,15,2,10,Standard,West,0
9787,377,26,0,0,Premium,South,0
9788,41,3,4,43,Basic,West,1
9789,106,2,5,58,Standard,South,1
9790,389,22,0,11,Basic,South,0
9791,107,1,5,21,Standard,South,1
9792,38,4,3,37,Standard,West,1
9793,303,19,1,3,Standard,South,0
9794,296,25,1,10,Premium,South,0
9795,78,7,4,59,Basic,North,1
9796,125,7,6,26,Standard,East,1
9797,127,10,2,19,Premium,South,0
9798,210,19,1,11,Basic,South,0
9799,90,5,3,27,Basic,East,1
9800,144,8,2,11,Basic,East,0
9801,176,8,2,11,Basic,North,0
9802,372,24,1,5,Basic,North,0
9803,300,21,1,10,Premium,West,0
9804,273,15,1,9,Standard,West,0
9805,125,9,3,22,Standard,East,0
9806,77,1,4,29,Basic,South,1
9807,49,7,6,22,Premium,West,1
9808,149,9,1,20,Standard,East,1
9809,398,23,1,3,Basic,South,0
9810,425,26,0,7,Basic,South,0
9811,46,3,5,39,Basic,East,1
9812,214,14,2,15,Standard,North,0
9813,395,18,1,3,Standard,North,0
9814,64,1,5,58,Premium,North,1
9815,305,19,0,3,Standard,North,0
9816,203,16,2,8,Standard,South,0
9817,146,15,3,10,Standard,South,1
9818,171,10,2,21,Premium,East,1
9819,72,9,5,32,Standard,North,1
9820,383,25,0,3,Standard,South,0
9821,193,10,2,23,Basic,West,0
9822,325,20,0,1,Basic,South,0
9823,284,10,1,15,Standard,West,0
9824,225,10,2,9,Basic,South,0
9825,299,21,0,2,Premium,North,1
9826,75,1,6,41,Premium,South,1
9827,132,16,1,22,Basic,East,1
9828,224,8,3,9,Standard,South,0
9829,449,18,0,4,Standard,West,0
9830,82,1,5,41,Standard,East,1
9831,213,10,1,11,Premium,South,0
9832,279,12,2,21,Standard,East,0
9833,338,21,1,8,Premium,East,0
9834,169,16,3,21,Basic,South,1
9835,360,27,0,8,Premium,North,0
9836,302,22,0,0,Premium,South,0
9837,492,23,0,11,Basic,South,1
9838,250,25,1,8,Basic,South,1
9839,133,12,3,17,Premium,North,1
9840,217,8,3,24,Premium,South,0
9841,293,10,3,20,Premium,North,0
9842,391,27,1,3,Premium,South,0
9843,296,25,1,5,Premium,South,0
9844,74,5,3,54,Standard,West,1
9845,208,17,2,21,Standard,North,0
9846,178,5,5,27,Basic,East,1
9847,136,12,2,16,Standard,West,0
9848,20,8,4,54,Basic,West,1
9849,427,28,1,0,Basic,South,0
9850,260,24,0,9,Basic,South,0
9851,188,17,2,18,Premium,West,0
9852,260,16,2,21,Basic,North,1
9853,353,25,0,8,Premium,East,0
9854,234,15,1,8,Basic,West,0
9855,50,6,6,59,Premium,North,1
9856,130,8,1,23,Basic,West,1
9857,286,8,1,9,Standard,West,0
9858,260,22,1,2,Basic,North,1
9859,273,8,2,12,Standard,East,0
9860,177,15,3,19,Basic,South,0
9861,246,18,2,17,Premium,North,0
9862,157,13,3,11,Basic,West,0
9863,136,12,3,14,Premium,East,0
9864,113,2,4,39,Standard,South,1
9865,220,14,2,20,Basic,North,0
9866,338,19,1,6,Standard,East,0
9867,24,5,6,35,Premium,East,1
9868,208,11,3,17,Premium,North,0
9869,253,27,0,11,Standard,West,0
9870,79,4,7,54,Standard,East,1
9871,57,3,3,44,Basic,West,1
9872,294,29,1,5,Basic,West,0
9873,107,9,6,58,Premium,North,1
9874,281,19,3,23,Basic,South,1
9875,301,26,0,1,Standard,South,0
9876,254,28,1,0,Premium,South,0
9877,82,5,6,54,Premium,West,1
9878,51,1,4,20,Basic,North,1
9879,131,6,7,42,Basic,West,1
9880,277,15,2,13,Premium,South,0
9881,395,28,0,6,Standard,North,0
9882,140,11,1,20,Premium,East,1
9883,478,20,1,7,Premium,South,0
9884,62,4,5,29,Standard,West,1
9885,165,11,3,22,Premium,North,0
9886,134,10,3,9,Premium,South,1
9887,306,26,0,2,Basic,East,0
9888,393,21,1,7,Standard,West,0
9889,459,23,0,9,Premium,South,0
9890,40,3,6,45,Premium,North,1
9891,127,5,6,55,Basic,South,1
9892,382,26,0,10,Basic,West,1
9893,271,28,1,5,Premium,South,0
9894,381,24,0,5,Basic,East,0
9895,38,2,6,50,Basic,West,1
9896,248,12,1,24,Basic,West,1
9897,482,28,1,6,Standard,West,0
9898,99,5,4,23,Premium,North,1
9899,469,28,1,10,Premium,North,0
9900,100,2,7,42,Premium,East,1
9901,49,3,6,31,Standard,North,1
9902,176,5,7,24,Standard,West,1
9903,100,1,3,27,Standard,East,1
9904,268,26,0,9,Basic,West,1
9905,78,9,6,23,Premium,East,1
9906,264,12,1,11,Basic,West,1
9907,82,3,5,32,Basic,East,1
9908,74,9,4,39,Basic,East,0
9909,126,18,3,8,Basic,North,0
9910,425,27,1,0,Premium,West,0
9911,189,17,3,11,Basic,North,0
9912,147,2,5,47,Premium,East,1
9913,76,5,7,34,Premium,South,1
9914,380,18,0,7,Standard,South,0
9915,156,8,3,47,Premium,West,0
9916,445,29,1,4,Standard,South,0
9917,148,12,3,9,Premium,North,0
9918,497,24,1,7,Premium,North,0
9919,464,28,0,1,Standard,North,0
9920,93,6,4,36,Premium,North,1
9921,43,9,5,35,Standard,North,1
9922,64,3,5,22,Premium,East,1
9923,88,4,3,52,Basic,West,1
9924,92,9,4,39,Basic,East,1
9925,141,7,7,54,Premium,South,1
9926,73,1,5,49,Premium,North,1
9927,230,12,3,22,Standard,North,0
9928,231,16,3,16,Standard,East,0
9929,294,15,2,20,Basic,East,0
9930,145,9,3,45,Basic,North,1
9931,133,5,7,47,Premium,West,1
9932,139,4,3,34,Premium,South,1
9933,196,18,1,13,Basic,South,0
9934,71,9,7,33,Premium,South,1
9935,177,8,1,16,Premium,East,0
9936,152,1,3,29,Basic,West,1
9937,174,11,1,20,Basic,North,0
9938,474,20,0,4,Standard,North,0
9939,259,12,2,18,Basic,South,0
9940,198,9,1,14,Premium,South,0
9941,122,15,1,24,Standard,South,1
9942,151,9,5,31,Premium,West,0
9943,46,4,7,43,Standard,West,1
9944,497,27,1,5,Standard,West,0
9945,120,2,5,43,Basic,West,1
9946,170,8,5,23,Standard,East,0
9947,34,5,6,23,Premium,West,1
9948,288,16,2,15,Premium,West,0
9949,175,18,3,11,Premium,West,0
9950,426,20,0,2,Standard,West,0
9951,273,21,1,3,Standard,East,0
9952,418,26,1,7,Premium,West,0
9953,163,2,5,56,Standard,North,1
9954,160,8,4,21,Standard,North,1
9955,224,9,1,10,Premium,North,1
9956,59,8,3,26,Premium,West,1
9957,305,18,1,11,Standard,South,0
9958,144,8,6,37,Premium,East,0
9959,448,25,1,8,Basic,North,0
9960,316,22,1,2,Basic,South,0
9961,247,16,1,14,Premium,South,0
9962,126,19,2,11,Standard,South,1
9963,139,16,1,20,Standard,West,0
9964,244,14,2,15,Standard,South,0
9965,151,6,4,29,Basic,South,1
9966,179,16,3,16,Premium,North,0
9967,446,20,0,0,Basic,West,1
9968,444,29,1,1,Premium,West,0
9969,133,19,3,9,Standard,South,1
9970,149,17,2,20,Premium,East,0
9971,282,18,1,4,Basic,East,0
9972,163,8,7,24,Premium,North,0
9973,144,2,3,44,Basic,East,1
9974,232,11,2,10,Basic,West,0
9975,86,7,4,45,Basic,West,1
9976,253,8,2,17,Premium,South,0
9977,122,13,3,20,Premium,East,0
9978,289,22,0,3,Standard,North,0
9979,338,21,1,8,Standard,South,0
9980,127,5,3,57,Standard,West,1
9981,65,5,5,28,Basic,East,1
9982,76,1,3,55,Premium,North,1
9983,101,1,6,43,Premium,East,1
9984,148,3,4,54,Premium,West,1
9985,208,18,3,9,Basic,North,0
9986,197,18,1,23,Premium,East,0
9987,266,19,1,10,Basic,East,0
9988,411,21,1,2,Basic,East,0
9989,216,15,3,9,Standard,East,0
9990,70,7,3,48,Basic,West,1
9991,348,26,0,3,Premium,North,0
9992,439,23,0,9,Basic,South,0
9993,293,10,1,8,Standard,East,0
9994,165,10,1,24,Basic,West,1
9995,383,18,0,10,Premium,West,0
9996,199,11,3,17,Premium,North,0
9997,223,17,3,8,Standard,East,0
9998,190,13,2,11,Basic,East,1
9999,426,19,1,6,Standard,East,0
10000,384,27,1,3,Basic,North,0
